OrderID,OrderDate,CustomerID,Product,Category,Region,Channel,Quantity,UnitPrice,Revenue
104764,2025-04-04,CUST00898,Trimmer,Beauty & Personal Care,East,Retail Store,1,849.15,849.15
102924,2024-10-24,CUST01790,Cotton T-Shirt,Fashion,North,Retail Store,1,599.0,599.0
102517,2024-09-24,CUST02046,Running Shoes,Fashion,East,Online,1,2499.0,2499.0
102986,2024-10-27,CUST01675,Electric Kettle,Home & Kitchen,East,Online,1,899.0,899.0
100101,2024-01-12,CUST02552,Hair Dryer,Beauty & Personal Care,East,Online,1,1019.15,1019.15
106503,2025-10-02,CUST02032,Denim Jacket,Fashion,North,Marketplace,2,1699.15,3398.3
105660,2025-07-11,CUST00385,Running Shoes,Fashion,North,Marketplace,1,2499.0,2499.0
105853,2025-07-30,CUST00705,Water Bottle,Sports & Fitness,East,Marketplace,0,349.0,349.0
104059,2025-01-21,CUST00305,Cotton T-Shirt,Fashion,North,Marketplace,1,599.0,599.0
104802,2025-04-07,CUST00383,Power Bank,Electronics,North,Retail Store,1,899.0,899.0
105677,2025-07-12,CUST02471,Blender,Home & Kitchen,North,Retail Store,1,1279.2,1279.2
106192,2025-09-02,CUST02284,USB-C Cable,Electronics,West,Online,1,249.0,249.0
106546,2025-10-04,CUST02552,Smartwatch,Electronics,West,Online,1,2999.0,2999.0
106748,2025-10-19,CUST00977,Trimmer,Beauty & Personal Care,North,Online,2,849.15,1698.3
107100,2025-11-11,CUST00143,Face Serum,Beauty & Personal Care,West,Online,1,699.0,699.0
106895,2025-10-28,CUST01837,Electric Kettle,Home & Kitchen,North,Online,2,764.15,1528.3
104621,2025-03-21,CUST00674,Smartwatch,Electronics,South,Online,1,2699.1,2699.1
104291,2025-02-14,CUST01659,Water Bottle,Sports & Fitness,North,Retail Store,2,314.1,628.2
105638,2025-07-08,CUST00565,Smartwatch,Electronics,South,Marketplace,2,2699.1,5398.2
105760,2025-07-20,CUST01066,Storage Containers,Home & Kitchen,East,Online,1,499.0,499.0
106941,2025-10-31,CUST00193,Water Bottle,Sports & Fitness,North,Online,1,349.0,349.0
102127,2024-08-18,CUST02511,Trimmer,Beauty & Personal Care,South,Marketplace,1,999.0,999.0
104951,2025-04-23,CUST00884,Trimmer,Beauty & Personal Care,Central,Retail Store,1,849.15,849.15
105671,2025-07-12,CUST00724,Running Shoes,Fashion,South,Online,1,1999.2,1999.2
102769,2024-10-12,CUST00833,USB-C Cable,Electronics,East,Online,1,249.0,249.0
101512,2024-06-11,CUST01056,Yoga Mat,Sports & Fitness,South,Retail Store,1,509.15,509.15
107646,2025-12-21,CUST00829,Hair Dryer,Beauty & Personal Care,North,Marketplace,1,1199.0,1199.0
104509,2025-03-10,CUST01357,Electric Kettle,Home & Kitchen,South,Online,1,899.0,899.0
107625,2025-12-19,CUST01347,Power Bank,Electronics,South,Online,1,809.1,809.1
102962,2024-10-26,CUST00044,Face Serum,Beauty & Personal Care,North,Marketplace,1,699.0,699.0
104167,2025-01-31,CUST00016,Wireless Earbuds,Electronics,South,Marketplace,1,1499.0,1499.0
102271,2024-09-02,CUST00865,Resistance Bands,Sports & Fitness,West,Online,1,399.0,399.0
107182,2025-11-16,CUST01730,USB-C Cable,Electronics,Central,Online,1,224.1,224.1
104508,2025-03-09,CUST01744,Water Bottle,Sports & Fitness,North,Retail Store,2,349.0,698.0
102016,2024-08-07,CUST01147,Bluetooth Speaker,Electronics,South,Marketplace,1,1614.15,1614.15
102495,2024-09-22,CUST02308,Water Bottle,Sports & Fitness,West,Online,1,349.0,349.0
106179,2025-09-01,CUST02557,Air Fryer,Home & Kitchen,West,Online,1,3499.0,3499.0
103188,2024-11-10,CUST01149,Cotton T-Shirt,Fashion,North,Online,1,599.0,599.0
105926,2025-08-06,CUST00854,Hair Dryer,Beauty & Personal Care,South,Online,1,1199.0,1199.0
100211,2024-01-23,CUST01759,Sunglasses,FASHION,North,Online,1,679.15,679.15
101544,2024-06-15,CUST02228,Resistance Bands,Sports & Fitness,Central,Online,1,399.0,399.0
107312,2025-11-25,CUST00129,Sunscreen SPF50,Beauty & Personal Care,North,Online,1,359.2,359.2
102131,2024-08-18,CUST00602,Water Bottle,Sports & Fitness,North,Retail Store,1,349.0,349.0
106995,2025-11-04,CUST01031,Denim Jacket,Fashion,East,Retail Store,2,1999.0,3998.0
100102,2024-01-12,CUST01874,Denim Jacket,Fashion,Central,Retail Store,2,1999.0,3998.0
106014,2025-08-15,CUST00385,Resistance Bands,Sports & Fitness,South,Online,2,399.0,798.0
106679,2025-10-14,CUST01430,Bluetooth Speaker,Electronics,Central,Marketplace,1,1899.0,1899.0
105675,2025-07-12,CUST00847,Hair Dryer,Beauty & Personal Care,East,Marketplace,1,1199.0,1199.0
103061,2024-11-01,CUST00872,Wireless Earbuds,Electronics,North,Marketplace,2,1499.0,2998.0
104636,2025-03-22,CUST01554,Power Bank,Electronics,North,Online,2,764.15,1528.3
101127,2024-04-28,CUST00116,Electric Kettle,Home & Kitchen,North,Online,3,899.0,2697.0
102884,2024-10-21,CUST01284,Laptop Stand,Electronics,East,Marketplace,2,799.0,1598.0
107433,2025-12-03,CUST01786,Cotton T-Shirt,Fashion,West,Online,2,509.15,1018.3
103024,2024-10-30,CUST01418,Non-stick Pan Set,Home & Kitchen,South,Retail Store,1,1299.0,1299.0
100113,2024-01-13,CUST00715,Bluetooth Speaker,Electronics,Central,Online,1,1899.0,1899.0
102536,2024-09-27,CUST01591,Backpack,Fashion,East,Online,1,1399.0,1399.0
104410,2025-02-27,CUST01410,Yoga Mat,Sports & Fitness,South,Online,1,599.0,599.0
106149,2025-08-29,CUST02063,Cotton T-Shirt,Fashion,East,Online,1,599.0,599.0
104082,2025-01-22,CUST00948,Laptop Stand,Electronics,West,Marketplace,1,799.0,799.0
107710,2025-12-26,CUST00291,Laptop Stand,Electronics,East,Retail Store,1,799.0,799.0
107703,2025-12-25,CUST00679,Power Bank,Electronics,Central,Online,1,764.15,764.15
101565,2024-06-18,CUST01470,Blender,Home & Kitchen,South,Online,1,1599.0,1599.0
100763,2024-03-20,CUST00986,Air Fryer,Home & Kitchen,North,Online,1,3499.0,3499.0
106079,2025-08-21,CUST02354,Running Shoes,Fashion,South,Online,1,2499.0,2499.0
105385,2025-06-10,CUST01042,Denim Jacket,Fashion,West,Online,1,1999.0,1999.0
107536,2025-12-10,CUST02372,Storage Containers,Home & Kitchen,West,Online,1,449.1,449.1
104569,2025-03-16,CUST00352,Sunglasses,Fashion,North,Retail Store,2,799.0,1598.0
100245,2024-01-27,CUST01256,Trimmer,Beauty & Personal Care,South,Online,1,999.0,999.0
100702,2024-03-13,CUST00407,Smartwatch,Electronics,South,Online,1,2999.0,2999.0
102574,2024-09-30,CUST01308,Sunglasses,Fashion,East,Marketplace,2,799.0,1598.0
100277,2024-01-30,CUST00718,Water Bottle,Sports & Fitness,Central,Online,1,349.0,349.0
102270,2024-09-02,CUST00035,Cotton T-Shirt,Fashion,West,Online,1,599.0,599.0
107581,2025-12-14,CUST02459,Bluetooth Speaker,Electronics,North,Online,1,1899.0,1899.0
106072,2025-08-20,CUST01505,Dumbbell Set,Sports & Fitness,West,Marketplace,2,2199.0,4398.0
107464,2025-12-05,CUST00336,Blender,Home & Kitchen,South,Online,1,1599.0,1599.0
103554,2024-12-05,CUST00953,Blender,Home & Kitchen,West,Marketplace,1,1599.0,1599.0
103175,2024-11-10,CUST00081,Storage Containers,Home & Kitchen,North,Online,2,449.1,898.2
103180,2024-11-10,CUST02142,Cotton T-Shirt,Fashion,South,Online,1,599.0,599.0
100516,2024-02-24,CUST02546,Yoga Mat,Sports & Fitness,North,Marketplace,1,599.0,599.0
103785,2024-12-24,CUST02465,Hair Dryer,Beauty & Personal Care,Central,Marketplace,1,1199.0,1199.0
106364,2025-09-20,CUST01881,Face Serum,Beauty & Personal Care,East,Marketplace,2,699.0,1398.0
103542,2024-12-04,CUST01169,Hair Dryer,Beauty & Personal Care,North,Online,3,1199.0,3597.0
103650,2024-12-14,CUST00455,Power Bank,Electronics,North,Online,1,809.1,809.1
103095,2024-11-04,CUST00082,Wireless Earbuds,Electronics,East,Online,2,1499.0,2998.0
100831,2024-03-28,CUST01729,Cotton T-Shirt,Fashion,West,Online,1,599.0,599.0
105255,2025-05-25,CUST01891,Hair Dryer,Beauty & Personal Care,South,Online,2,959.2,1918.4
102199,2024-08-25,CUST00910,Blender,Home & Kitchen,South,Retail Store,1,1279.2,1279.2
101842,2024-07-19,CUST01850,Bluetooth Speaker,Electronics,North,Retail Store,1,1899.0,1899.0
102685,2024-10-08,CUST00011,Blender,Home & Kitchen,West,Online,1,1439.1,1439.1
105652,2025-07-10,CUST01822,Blender,Home & Kitchen,East,Online,1,1359.15,1359.15
104393,2025-02-25,CUST01532,Wireless Earbuds,Electronics,North,Online,1,1274.15,1274.15
104025,2025-01-17,CUST01253,Denim Jacket,Fashion,,Online,2,1999.0,3998.0
105824,2025-07-27,CUST02018,Yoga Mat,Sports & Fitness,North,Online,1,599.0,599.0
107642,2025-12-20,CUST00588,Smartwatch,Electronics,West,Marketplace,1,2999.0,2999.0
106509,2025-10-02,CUST00579,Electric Kettle,Home & Kitchen,South,Online,2,809.1,1618.2
104675,2025-03-26,CUST01758,Face Serum,Beauty & Personal Care,West,Online,1,699.0,699.0
102729,2024-10-10,CUST02380,Bluetooth Speaker,Electronics,South,Marketplace,1,1899.0,1899.0
104974,2025-04-25,CUST01718,Cotton T-Shirt,Fashion,North,Marketplace,1,599.0,599.0
106841,2025-10-25,CUST00668,Cotton T-Shirt,Fashion,South,Retail Store,1,599.0,599.0
104105,2025-01-25,CUST01238,Trimmer,Beauty & Personal Care,West,Online,1,899.1,899.1
107517,2025-12-08,CUST01561,Bluetooth Speaker,Electronics,West,Marketplace,1,1899.0,1899.0
100758,2024-03-19,CUST00934,Smartwatch,Electronics,South,Online,1,2999.0,2999.0
101355,2024-05-24,CUST02482,Denim Jacket,Fashion,,Retail Store,2,1999.0,3998.0
100562,2024-03-01,CUST01728,Sunglasses,Fashion,North,Online,1,799.0,799.0
106880,2025-10-27,CUST02152,Backpack,Fashion,South,Retail Store,3,1399.0,4197.0
105280,2025-05-29,CUST01699,Face Serum,Beauty & Personal Care,North,Online,3,699.0,2097.0
101087,2024-04-25,CUST01802,Smartwatch,Electronics,West,Online,1,2999.0,2999.0
102572,2024-09-30,CUST02232,Smartwatch,Electronics,West,Marketplace,2,2549.15,5098.3
103198,2024-11-11,CUST02357,Laptop Stand,Electronics,South,Marketplace,2,799.0,1598.0
100135,2024-01-16,CUST01569,Water Bottle,Sports & Fitness,Central,Online,2,349.0,698.0
103426,2024-11-25,CUST00632,Storage Containers,Home & Kitchen,Central,Retail Store,1,499.0,499.0
102671,2024-10-07,CUST01365,Sunscreen SPF50,Beauty & Personal Care,South,Online,1,359.2,359.2
104362,2025-02-22,CUST00282,Sunscreen SPF50,Beauty & Personal Care,North,Retail Store,1,449.0,449.0
100408,2024-02-14,CUST00794,Face Serum,Beauty & Personal Care,South,Online,1,594.15,594.15
104674,2025-03-25,CUST01007,Dumbbell Set,Sports & Fitness,East,Retail Store,2,2199.0,4398.0
101778,2024-07-14,CUST02028,Running Shoes,Fashion,East,Online,1,2499.0,2499.0
102125,2024-08-18,CUST00643,Air Fryer,Home & Kitchen,North,Retail Store,1,3499.0,3499.0
104284,2025-02-13,CUST01703,Bluetooth Speaker,Electronics,Central,Retail Store,3,1899.0,5697.0
106233,2025-09-06,CUST02202,Wireless Earbuds,Electronics,North,Online,1,1499.0,1499.0
103764,2024-12-22,CUST02126,Power Bank,Electronics,North,Online,1,899.0,899.0
100413,2024-02-14,CUST00493,Blender,Home & Kitchen,North,Retail Store,1,1439.1,1439.1
104989,2025-04-26,CUST02113,Running Shoes,Fashion,North,Online,1,2499.0,2499.0
100597,2024-03-03,CUST02059,Smartwatch,Electronics,South,Retail Store,1,2999.0,2999.0
101107,2024-04-26,CUST02282,Bluetooth Speaker,Electronics,West,Online,1,1899.0,1899.0
102845,2024-10-18,CUST01977,Trimmer,Beauty & Personal Care,West,Marketplace,1,999.0,999.0
103303,2024-11-18,CUST01368,Electric Kettle,HOME & KITCHEN,North,Retail Store,1,899.0,899.0
100141,2024-01-18,CUST02272,Yoga Mat,Sports & Fitness,South,Retail Store,1,599.0,599.0
100057,2024-01-07,CUST01597,Resistance Bands,Sports & Fitness,North,Retail Store,1,319.2,319.2
103912,2025-01-04,CUST02487,Bluetooth Speaker,Electronics,East,Online,1,1899.0,1899.0
106838,2025-10-25,CUST02132,Bluetooth Speaker,Electronics,North,Online,1,1899.0,1899.0
101956,2024-08-01,CUST00443,Water Bottle,Sports & Fitness,West,Online,1,279.2,279.2
102573,2024-09-30,CUST00296,Dumbbell Set,Sports & Fitness,South,Marketplace,1,2199.0,2199.0
103439,2024-11-26,CUST02224,Dumbbell Set,Sports & Fitness,West,Online,1,2199.0,2199.0
106662,2025-10-13,CUST00673,Laptop Stand,Electronics,West,Online,1,799.0,799.0
107635,2025-12-20,CUST01881,Bluetooth Speaker,Electronics,South,Online,1,1899.0,1899.0
107065,2025-11-09,CUST01366,Smartwatch,Electronics,North,Online,1,2999.0,2999.0
104630,2025-03-22,CUST00690,Resistance Bands,Sports & Fitness,North,Retail Store,1,399.0,399.0
103788,2024-12-24,CUST01087,Storage Containers,Home & Kitchen,South,Online,1,499.0,499.0
103574,2024-12-07,CUST00640,Laptop Stand,Electronics,East,Online,3,679.15,2037.45
102457,2024-09-18,CUST01059,Blender,Home & Kitchen,,Online,1,1599.0,1599.0
104133,2025-01-27,CUST01224,Smartwatch,Electronics,Central,Online,2,2999.0,5998.0
100900,2024-04-03,CUST00099,Backpack,Fashion,South,Online,1,1399.0,1399.0
104088,2025-01-23,CUST01002,Running Shoes,Fashion,West,Online,1,1999.2,1999.2
106140,2025-08-28,CUST00204,Electric Kettle,Home & Kitchen,East,Online,3,899.0,2697.0
102022,2024-08-08,CUST00127,USB-C Cable,Electronics,East,Retail Store,2,249.0,498.0
103837,2024-12-29,CUST02082,Air Fryer,Home & Kitchen,East,Marketplace,1,3499.0,3499.0
104059,2025-01-21,CUST00305,Cotton T-Shirt,Fashion,North,Marketplace,1,599.0,599.0
100719,2024-03-16,CUST00332,Trimmer,Beauty & Personal Care,West,Online,2,899.1,1798.2
100963,2024-04-10,CUST01759,Backpack,Fashion,West,Retail Store,1,1399.0,1399.0
100522,2024-02-25,CUST02053,Cotton T-Shirt,Fashion,North,Online,1,479.2,479.2
103582,2024-12-08,CUST00160,Wireless Earbuds,Electronics,East,Retail Store,1,1499.0,1499.0
100781,2024-03-22,CUST01308,Denim Jacket,Fashion,North,Retail Store,2,1999.0,3998.0
101764,2024-07-13,CUST02124,Dumbbell Set,Sports & Fitness,West,Online,1,2199.0,2199.0
106719,2025-10-17,CUST01134,Cotton T-Shirt,Fashion,South,Marketplace,1,599.0,599.0
104604,2025-03-19,CUST01544,Backpack,Fashion,South,Retail Store,1,1399.0,1399.0
104523,2025-03-11,CUST00979,Hair Dryer,Beauty & Personal Care,South,Online,1,1199.0,1199.0
106106,2025-08-23,CUST00167,Cotton T-Shirt,Fashion,West,Online,1,599.0,599.0
102278,2024-09-03,CUST01090,Storage Containers,Home & Kitchen,North,Online,1,499.0,499.0
100876,2024-04-01,CUST01315,Resistance Bands,Sports & Fitness,Central,Online,1,399.0,399.0
103183,2024-11-10,CUST02274,Power Bank,Electronics,East,Online,1,899.0,899.0
103409,2024-11-24,CUST02029,Air Fryer,Home & Kitchen,North,Marketplace,1,3499.0,3499.0
102689,2024-10-08,CUST01669,Laptop Stand,Electronics,North,Retail Store,1,639.2,639.2
103724,2024-12-20,CUST01738,Blender,HOME & KITCHEN,Central,Online,1,1599.0,1599.0
100446,2024-02-18,CUST00869,Yoga Mat,Sports & Fitness,North,Online,1,539.1,539.1
102802,2024-10-15,CUST00689,Cotton T-Shirt,Fashion,South,Online,1,599.0,599.0
104002,2025-01-14,CUST00710,Electric Kettle,Home & Kitchen,South,Retail Store,1,899.0,899.0
104699,2025-03-29,CUST00271,Sunscreen SPF50,Beauty & Personal Care,North,Online,2,449.0,898.0
101176,2024-05-04,CUST02519,Wireless Earbuds,Electronics,East,Marketplace,1,1499.0,1499.0
103488,2024-11-30,CUST01932,Yoga Mat,Sports & Fitness,South,Online,1,479.2,479.2
102747,2024-10-11,CUST01476,Electric Kettle,Home & Kitchen,East,Marketplace,1,809.1,809.1
107500,2025-12-07,CUST01120,Dumbbell Set,Sports & Fitness,North,Online,1,2199.0,2199.0
103434,2024-11-26,CUST00866,Bluetooth Speaker,Electronics,South,Online,2,1899.0,3798.0
102608,2024-10-03,CUST00235,Wireless Earbuds,Electronics,Central,Marketplace,3,1349.1,4047.3
105138,2025-05-12,CUST01173,Power Bank,Electronics,North,Marketplace,2,764.15,1528.3
101832,2024-07-18,CUST00872,Smartwatch,Electronics,Central,Online,1,2999.0,2999.0
103667,2024-12-15,CUST01688,Dumbbell Set,Sports & Fitness,South,Online,3,2199.0,6597.0
105228,2025-05-23,CUST01749,Sunscreen SPF50,Beauty & Personal Care,East,Marketplace,1,449.0,449.0
106484,2025-10-01,CUST01484,Smartwatch,Electronics,South,Marketplace,1,2999.0,2999.0
106041,2025-08-17,CUST02458,Yoga Mat,Sports & Fitness,North,Marketplace,1,599.0,599.0
106602,2025-10-08,CUST02515,Sunglasses,Fashion,North,Online,1,679.15,679.15
102124,2024-08-18,CUST00206,Yoga Mat,Sports & Fitness,West,Retail Store,1,599.0,599.0
102175,2024-08-23,CUST00074,Laptop Stand,Electronics,South,Online,1,799.0,799.0
104624,2025-03-21,CUST00506,Wireless Earbuds,Electronics,South,Online,1,1499.0,1499.0
102552,2024-09-28,CUST00550,Smartwatch,Electronics,East,Marketplace,1,2999.0,2999.0
107650,2025-12-21,CUST01320,Laptop Stand,Electronics,South,Retail Store,2,679.15,1358.3
102092,2024-08-15,CUST01707,Dumbbell Set,Sports & Fitness,North,Marketplace,2,2199.0,4398.0
103993,2025-01-13,CUST00588,Trimmer,Beauty & Personal Care,North,Retail Store,1,899.1,899.1
102250,2024-08-31,CUST02170,Cotton T-Shirt,Fashion,North,Online,2,599.0,1198.0
103465,2024-11-28,CUST00110,Backpack,Fashion,North,Online,2,1399.0,2798.0
100902,2024-04-04,CUST01053,Non-stick Pan Set,Home & Kitchen,West,Retail Store,1,1299.0,1299.0
104945,2025-04-23,CUST01034,Air Fryer,Home & Kitchen,West,Online,1,3499.0,3499.0
100897,2024-04-03,CUST00443,Yoga Mat,Sports & Fitness,South,Online,1,599.0,599.0
100452,2024-02-18,CUST00514,Non-stick Pan Set,Home & Kitchen,West,Marketplace,2,1104.15,2208.3
104561,2025-03-15,CUST00020,Blender,Home & Kitchen,North,Marketplace,1,1599.0,1599.0
104513,2025-03-10,CUST02078,Sunglasses,Fashion,Central,Marketplace,1,679.15,679.15
104586,2025-03-17,CUST02471,Dumbbell Set,Sports & Fitness,South,Online,1,2199.0,2199.0
103152,2024-11-08,CUST00309,Denim Jacket,Fashion,North,Online,1,1699.15,1699.15
104250,2025-02-09,CUST00615,Storage Containers,Home & Kitchen,Central,Online,1,499.0,499.0
104437,2025-03-02,CUST02446,Sunscreen SPF50,Beauty & Personal Care,South,Marketplace,1,449.0,449.0
101203,2024-05-06,CUST00071,Sunscreen SPF50,Beauty & Personal Care,West,Online,1,449.0,449.0
100122,2024-01-14,CUST02038,Backpack,Fashion,South,Online,3,1399.0,4197.0
106811,2025-10-23,CUST01045,Bluetooth Speaker,Electronics,Central,Online,1,1899.0,1899.0
102332,2024-09-08,CUST00791,Running Shoes,Fashion,East,Marketplace,1,2499.0,2499.0
103182,2024-11-10,CUST00413,Smartwatch,Electronics,West,Online,1,2549.15,2549.15
105878,2025-08-02,CUST00521,Smartwatch,Electronics,Central,Online,1,2999.0,2999.0
106690,2025-10-15,CUST02054,Sunscreen SPF50,Beauty & Personal Care,Central,Online,2,449.0,898.0
101740,2024-07-10,CUST00009,Electric Kettle,Home & Kitchen,South,Online,1,809.1,809.1
104083,2025-01-22,CUST02142,Yoga Mat,Sports & Fitness,West,Online,1,599.0,599.0
107095,2025-11-11,CUST01995,Power Bank,Electronics,East,Marketplace,1,899.0,899.0
105222,2025-05-22,CUST01962,Blender,Home & Kitchen,Central,Retail Store,1,1279.2,1279.2
106923,2025-10-30,CUST00438,Denim Jacket,Fashion,West,Online,2,1999.0,3998.0
103172,2024-11-09,CUST01929,Smartwatch,Electronics,West,Marketplace,1,2699.1,2699.1
100949,2024-04-09,CUST00062,Laptop Stand,Electronics,South,Online,1,799.0,799.0
105122,2025-05-11,CUST00483,Sunscreen SPF50,Beauty & Personal Care,South,Online,1,404.1,404.1
105729,2025-07-17,CUST00506,Face Serum,Beauty & Personal Care,South,Retail Store,1,594.15,594.15
103637,2024-12-13,CUST01510,USB-C Cable,Electronics,East,Marketplace,1,249.0,249.0
105472,2025-06-20,CUST02079,Yoga Mat,Sports & Fitness,North,Marketplace,1,599.0,599.0
106398,2025-09-23,CUST01861,Wireless Earbuds,Electronics,,Online,1,1199.2,1199.2
100966,2024-04-10,CUST01520,Air Fryer,Home & Kitchen,North,Retail Store,1,2974.15,2974.15
101137,2024-04-28,CUST01677,Dumbbell Set,Sports & Fitness,East,Online,1,2199.0,2199.0
100485,2024-02-21,CUST00735,Denim Jacket,Fashion,East,Online,2,1999.0,3998.0
106612,2025-10-09,CUST00289,USB-C Cable,Electronics,East,Online,1,211.65,211.65
105513,2025-06-25,CUST00522,Running Shoes,Fashion,South,Retail Store,1,2499.0,2499.0
105591,2025-07-04,CUST00679,Face Serum,Beauty & Personal Care,Central,Online,1,699.0,699.0
101643,2024-06-29,CUST02490,Resistance Bands,Sports & Fitness,South,Online,1,339.15,339.15
107508,2025-12-07,CUST01152,Backpack,Fashion,North,Online,1,1189.15,1189.15
106270,2025-09-10,CUST02431,Cotton T-Shirt,Fashion,East,Online,1,599.0,599.0
102706,2024-10-09,CUST00133,Blender,Home & Kitchen,West,Online,1,1599.0,1599.0
102651,2024-10-06,CUST00151,Air Fryer,Home & Kitchen,Central,Online,1,3499.0,3499.0
106686,2025-10-15,CUST00915,Yoga Mat,SPORTS & FITNESS,East,Online,1,599.0,599.0
103619,2024-12-11,CUST02372,Denim Jacket,Fashion,West,Retail Store,2,1999.0,3998.0
107549,2025-12-12,CUST00919,Denim Jacket,Fashion,South,Marketplace,1,1999.0,1999.0
103235,2024-11-13,CUST00959,Air Fryer,Home & Kitchen,South,Retail Store,1,3499.0,3499.0
104288,2025-02-14,CUST00066,Denim Jacket,Fashion,Central,Online,1,1999.0,1999.0
101351,2024-05-23,CUST02523,Wireless Earbuds,Electronics,Central,Online,1,1499.0,1499.0
107479,2025-12-06,CUST02385,Power Bank,Electronics,East,Online,1,719.2,719.2
101243,2024-05-11,CUST00353,Sunscreen SPF50,Beauty & Personal Care,East,Online,1,449.0,449.0
106778,2025-10-20,CUST02428,Cotton T-Shirt,Fashion,West,Marketplace,1,599.0,599.0
104129,2025-01-27,CUST02165,USB-C Cable,Electronics,South,Retail Store,1,249.0,249.0
107452,2025-12-04,CUST01963,Sunglasses,Fashion,Central,Retail Store,1,799.0,799.0
105302,2025-06-02,CUST00821,Running Shoes,Fashion,North,Online,1,2499.0,2499.0
105897,2025-08-03,CUST01445,Yoga Mat,Sports & Fitness,North,Online,1,599.0,599.0
103941,2025-01-08,CUST00551,Electric Kettle,Home & Kitchen,North,Online,1,764.15,764.15
101108,2024-04-27,CUST00059,Dumbbell Set,Sports & Fitness,North,Online,1,2199.0,2199.0
100489,2024-02-22,CUST00979,Hair Dryer,Beauty & Personal Care,South,Online,2,1199.0,2398.0
101475,2024-06-07,CUST02573,Denim Jacket,Fashion,North,Online,1,1999.0,1999.0
100696,2024-03-13,CUST00954,Electric Kettle,Home & Kitchen,West,Marketplace,1,899.0,899.0
103664,2024-12-15,CUST02261,Running Shoes,Fashion,South,Online,1,2249.1,2249.1
101436,2024-06-02,CUST02424,Face Serum,Beauty & Personal Care,West,Online,1,594.15,594.15
106173,2025-08-31,CUST02579,Bluetooth Speaker,Electronics,North,Marketplace,1,1519.2,1519.2
107459,2025-12-05,CUST00118,Denim Jacket,Fashion,West,Online,1,1699.15,1699.15
105916,2025-08-05,CUST01309,Sunglasses,Fashion,South,Online,1,799.0,799.0
104178,2025-02-01,CUST00826,Cotton T-Shirt,Fashion,South,Marketplace,1,599.0,599.0
102148,2024-08-21,CUST02065,Water Bottle,Sports & Fitness,East,Online,1,279.2,279.2
105332,2025-06-04,CUST02010,Trimmer,Beauty & Personal Care,East,Marketplace,1,999.0,999.0
107773,2025-12-30,CUST01018,Running Shoes,Fashion,West,Marketplace,1,2249.1,2249.1
100184,2024-01-21,CUST00664,Hair Dryer,BEAUTY & PERSONAL CARE,East,Online,3,1199.0,3597.0
106076,2025-08-21,CUST00793,Yoga Mat,Sports & Fitness,Central,Online,1,599.0,599.0
102420,2024-09-15,CUST00266,Dumbbell Set,Sports & Fitness,South,Retail Store,1,2199.0,2199.0
102159,2024-08-21,CUST00713,Trimmer,Beauty & Personal Care,Central,Online,1,999.0,999.0
107015,2025-11-06,CUST02387,Storage Containers,Home & Kitchen,South,Online,3,499.0,1497.0
105261,2025-05-26,CUST00044,Dumbbell Set,Sports & Fitness,Central,Online,1,2199.0,2199.0
105322,2025-06-03,CUST01315,Wireless Earbuds,Electronics,,Retail Store,1,1274.15,1274.15
104545,2025-03-14,CUST01925,Backpack,Fashion,West,Online,1,1399.0,1399.0
103504,2024-12-01,CUST02038,USB-C Cable,Electronics,South,Online,1,199.2,199.2
106575,2025-10-06,CUST02444,Wireless Earbuds,Electronics,South,Retail Store,2,1274.15,2548.3
107337,2025-11-27,CUST01343,USB-C Cable,Electronics,East,Online,1,249.0,249.0
106337,2025-09-16,CUST00356,Electric Kettle,Home & Kitchen,South,Marketplace,1,899.0,899.0
105879,2025-08-02,CUST00111,Blender,Home & Kitchen,West,Online,1,1599.0,1599.0
105441,2025-06-17,CUST00973,Resistance Bands,Sports & Fitness,East,Online,1,399.0,399.0
101796,2024-07-15,CUST02000,Power Bank,Electronics,Central,Online,1,809.1,809.1
106978,2025-11-03,CUST01899,Hair Dryer,Beauty & Personal Care,Central,Retail Store,1,1079.1,1079.1
106671,2025-10-14,CUST01069,Power Bank,Electronics,East,Marketplace,1,899.0,899.0
105063,2025-05-04,CUST00269,Running Shoes,Fashion,North,Online,1,2499.0,2499.0
107114,2025-11-12,CUST01463,Power Bank,Electronics,North,Retail Store,1,899.0,899.0
105669,2025-07-12,CUST00740,Water Bottle,Sports & Fitness,South,Online,1,349.0,349.0
106322,2025-09-15,CUST00085,Bluetooth Speaker,Electronics,North,Retail Store,2,1899.0,3798.0
106717,2025-10-17,CUST00567,Water Bottle,Sports & Fitness,South,Online,1,349.0,349.0
102946,2024-10-25,CUST00285,Laptop Stand,Electronics,South,Retail Store,1,799.0,799.0
101669,2024-06-30,CUST01003,USB-C Cable,Electronics,North,Marketplace,1,249.0,249.0
101996,2024-08-05,CUST00914,Backpack,Fashion,West,Marketplace,1,1399.0,1399.0
102200,2024-08-25,CUST00384,Trimmer,Beauty & Personal Care,Central,Retail Store,1,999.0,999.0
103355,2024-11-21,CUST01079,Wireless Earbuds,Electronics,East,Retail Store,1,1499.0,1499.0
101345,2024-05-22,CUST00720,Wireless Earbuds,Electronics,,Online,1,1499.0,1499.0
104593,2025-03-17,CUST00144,Trimmer,BEAUTY & PERSONAL CARE,North,Online,2,849.15,1698.3
107785,2025-12-31,CUST00884,Yoga Mat,Sports & Fitness,South,Online,3,599.0,1797.0
103078,2024-11-03,CUST01024,Storage Containers,Home & Kitchen,South,Retail Store,1,449.1,449.1
104715,2025-03-29,CUST00831,Trimmer,Beauty & Personal Care,East,Online,1,999.0,999.0
103784,2024-12-24,CUST01326,Sunscreen SPF50,Beauty & Personal Care,South,Retail Store,1,359.2,359.2
101407,2024-05-29,CUST02037,Resistance Bands,Sports & Fitness,South,Marketplace,1,399.0,399.0
102923,2024-10-24,CUST01674,Backpack,Fashion,Central,Retail Store,1,1119.2,1119.2
102012,2024-08-07,CUST02594,Bluetooth Speaker,Electronics,South,Retail Store,1,1899.0,1899.0
101846,2024-07-20,CUST01282,Power Bank,Electronics,South,Retail Store,1,899.0,899.0
106488,2025-10-01,CUST00206,Air Fryer,Home & Kitchen,West,Marketplace,1,3499.0,3499.0
104218,2025-02-06,CUST01456,Blender,Home & Kitchen,North,Online,1,1599.0,1599.0
103956,2025-01-10,CUST01952,Laptop Stand,Electronics,North,Online,2,799.0,1598.0
104052,2025-01-19,CUST01732,USB-C Cable,Electronics,South,Marketplace,1,249.0,249.0
100375,2024-02-10,CUST02142,Cotton T-Shirt,Fashion,South,Marketplace,1,479.2,479.2
105775,2025-07-21,CUST00080,Cotton T-Shirt,Fashion,East,Online,1,539.1,539.1
103680,2024-12-16,CUST02313,Laptop Stand,Electronics,West,Online,1,799.0,799.0
106958,2025-11-01,CUST00834,Wireless Earbuds,Electronics,North,Marketplace,1,1499.0,1499.0
100352,2024-02-07,CUST01157,Electric Kettle,Home & Kitchen,East,Online,1,719.2,719.2
101376,2024-05-26,CUST01468,Power Bank,Electronics,South,Online,2,899.0,1798.0
104057,2025-01-20,CUST01214,Backpack,Fashion,South,Online,1,1399.0,1399.0
107427,2025-12-03,CUST00615,USB-C Cable,ELECTRONICS,North,Retail Store,1,211.65,211.65
101189,2024-05-05,CUST00837,Cotton T-Shirt,Fashion,North,Online,1,599.0,599.0
106611,2025-10-09,CUST01766,Sunglasses,Fashion,South,Marketplace,1,799.0,799.0
104832,2025-04-11,CUST01912,Hair Dryer,Beauty & Personal Care,East,Retail Store,1,1199.0,1199.0
101461,2024-06-05,CUST01846,Running Shoes,Fashion,West,Online,1,2499.0,2499.0
102985,2024-10-27,CUST01427,USB-C Cable,Electronics,South,Marketplace,1,249.0,249.0
103034,2024-10-31,CUST00902,Electric Kettle,Home & Kitchen,South,Retail Store,1,899.0,899.0
105353,2025-06-07,CUST00711,Hair Dryer,Beauty & Personal Care,North,Online,2,1199.0,2398.0
100564,2024-03-01,CUST00917,Cotton T-Shirt,Fashion,West,Retail Store,1,599.0,599.0
105111,2025-05-10,CUST01361,Blender,Home & Kitchen,North,Marketplace,1,1439.1,1439.1
101522,2024-06-13,CUST02500,Denim Jacket,Fashion,West,Marketplace,1,1999.0,1999.0
101602,2024-06-23,CUST01916,Storage Containers,Home & Kitchen,East,Marketplace,1,499.0,499.0
107235,2025-11-20,CUST02571,Sunscreen SPF50,Beauty & Personal Care,North,Online,2,404.1,808.2
104037,2025-01-19,CUST01161,Blender,Home & Kitchen,East,Online,1,1439.1,1439.1
101831,2024-07-18,CUST00087,Laptop Stand,Electronics,South,Online,1,799.0,799.0
103677,2024-12-16,CUST02027,Backpack,Fashion,South,Retail Store,1,1399.0,1399.0
100800,2024-03-24,CUST00138,Water Bottle,Sports & Fitness,,Retail Store,1,349.0,349.0
102864,2024-10-19,CUST02540,Electric Kettle,Home & Kitchen,East,Online,1,764.15,764.15
100461,2024-02-19,CUST01303,Laptop Stand,Electronics,South,Marketplace,1,799.0,799.0
101635,2024-06-28,CUST01822,Power Bank,Electronics,South,Online,2,899.0,1798.0
104440,2025-03-02,CUST00690,Blender,Home & Kitchen,South,Online,1,1599.0,1599.0
102659,2024-10-06,CUST02070,Resistance Bands,Sports & Fitness,Central,Retail Store,1,399.0,399.0
102209,2024-08-27,CUST00161,Hair Dryer,Beauty & Personal Care,South,Marketplace,2,1199.0,2398.0
104582,2025-03-17,CUST01235,Blender,Home & Kitchen,South,Retail Store,1,1599.0,1599.0
103555,2024-12-05,CUST00583,Wireless Earbuds,Electronics,North,Online,1,1499.0,1499.0
103003,2024-10-28,CUST00967,Cotton T-Shirt,Fashion,South,Online,1,479.2,479.2
106507,2025-10-02,CUST01548,Backpack,Fashion,West,Marketplace,1,1399.0,1399.0
100672,2024-03-10,CUST01612,Resistance Bands,Sports & Fitness,South,Online,1,399.0,399.0
104500,2025-03-09,CUST00962,Sunscreen SPF50,Beauty & Personal Care,North,Online,1,449.0,449.0
103306,2024-11-18,CUST02479,Laptop Stand,Electronics,North,Online,1,799.0,799.0
100935,2024-04-07,CUST00696,Dumbbell Set,Sports & Fitness,West,Online,1,2199.0,2199.0
107155,2025-11-15,CUST00361,Bluetooth Speaker,Electronics,West,Marketplace,1,1899.0,1899.0
106900,2025-10-28,CUST01834,Denim Jacket,Fashion,South,Retail Store,1,1999.0,1999.0
106567,2025-10-06,CUST02034,USB-C Cable,Electronics,South,Online,1,249.0,249.0
107209,2025-11-18,CUST01914,Backpack,Fashion,North,Online,1,1399.0,1399.0
106959,2025-11-01,CUST01411,USB-C Cable,Electronics,West,Retail Store,1,224.1,224.1
105162,2025-05-15,CUST00058,Blender,Home & Kitchen,East,Online,1,1279.2,1279.2
103231,2024-11-13,CUST01003,Running Shoes,FASHION,South,Online,1,2499.0,2499.0
101283,2024-05-16,CUST00554,Face Serum,Beauty & Personal Care,North,Retail Store,1,699.0,699.0
107526,2025-12-09,CUST01540,Storage Containers,Home & Kitchen,South,Retail Store,1,499.0,499.0
105519,2025-06-26,CUST02026,Sunglasses,Fashion,South,Online,1,639.2,639.2
101173,2024-05-03,CUST00850,Trimmer,Beauty & Personal Care,West,Retail Store,1,999.0,999.0
101290,2024-05-18,CUST00154,Dumbbell Set,Sports & Fitness,South,Online,1,2199.0,2199.0
102858,2024-10-19,CUST00760,Power Bank,Electronics,North,Online,2,899.0,1798.0
105979,2025-08-11,CUST01047,Storage Containers,Home & Kitchen,South,Marketplace,1,499.0,499.0
100103,2024-01-13,CUST01438,Sunglasses,Fashion,East,Marketplace,3,799.0,2397.0
103254,2024-11-14,CUST02366,Backpack,Fashion,South,Online,1,1399.0,1399.0
103361,2024-11-21,CUST02185,Backpack,Fashion,West,Online,1,1259.1,1259.1
104080,2025-01-22,CUST02202,Hair Dryer,Beauty & Personal Care,South,Retail Store,2,1199.0,2398.0
106169,2025-08-31,CUST01503,Bluetooth Speaker,Electronics,South,Online,1,1899.0,1899.0
101584,2024-06-21,CUST00590,Trimmer,Beauty & Personal Care,East,Online,1,999.0,999.0
105685,2025-07-12,CUST01105,Yoga Mat,Sports & Fitness,West,Online,1,539.1,539.1
100508,2024-02-23,CUST00409,Face Serum,Beauty & Personal Care,North,Online,2,629.1,1258.2
104155,2025-01-30,CUST01810,Running Shoes,Fashion,North,Online,1,2499.0,2499.0
101443,2024-06-03,CUST01128,Power Bank,Electronics,West,Online,1,719.2,719.2
107631,2025-12-19,CUST01893,Air Fryer,Home & Kitchen,Central,Retail Store,1,3499.0,3499.0
103613,2024-12-11,CUST01420,Wireless Earbuds,Electronics,North,Online,1,1499.0,1499.0
100579,2024-03-02,CUST01683,Non-stick Pan Set,Home & Kitchen,North,Online,2,1299.0,2598.0
100025,2024-01-03,CUST02148,Electric Kettle,Home & Kitchen,Central,Online,1,899.0,899.0
102298,2024-09-05,CUST02468,Power Bank,Electronics,South,Online,1,899.0,899.0
106404,2025-09-24,CUST00693,Sunscreen SPF50,Beauty & Personal Care,Central,Retail Store,1,359.2,359.2
100611,2024-03-04,CUST00402,Sunscreen SPF50,Beauty & Personal Care,South,Marketplace,1,381.65,381.65
100886,2024-04-02,CUST01300,Water Bottle,Sports & Fitness,North,Online,1,314.1,314.1
103581,2024-12-08,CUST00328,Power Bank,Electronics,South,Online,1,809.1,809.1
104307,2025-02-16,CUST00072,Running Shoes,Fashion,North,Online,1,2124.15,2124.15
101667,2024-06-30,CUST02514,Electric Kettle,Home & Kitchen,North,Online,1,899.0,899.0
101742,2024-07-10,CUST02553,Bluetooth Speaker,Electronics,Central,Online,1,1899.0,1899.0
103866,2024-12-31,CUST01709,Bluetooth Speaker,Electronics,Central,Marketplace,1,1899.0,1899.0
107266,2025-11-22,CUST01751,Storage Containers,Home & Kitchen,West,Online,2,499.0,998.0
103693,2024-12-17,CUST00167,Backpack,Fashion,South,Retail Store,1,1399.0,1399.0
103010,2024-10-29,CUST01000,Water Bottle,Sports & Fitness,Central,Online,1,279.2,279.2
104321,2025-02-17,CUST01738,Laptop Stand,Electronics,North,Online,1,799.0,799.0
103215,2024-11-12,CUST02345,Cotton T-Shirt,Fashion,North,Online,1,599.0,599.0
101166,2024-05-02,CUST01367,Bluetooth Speaker,Electronics,South,Retail Store,1,1899.0,1899.0
101286,2024-05-16,CUST02382,Air Fryer,Home & Kitchen,East,Retail Store,1,3149.1,3149.1
101321,2024-05-19,CUST00643,Blender,Home & Kitchen,East,Online,2,1599.0,3198.0
102393,2024-09-14,CUST01897,Dumbbell Set,Sports & Fitness,West,Retail Store,1,2199.0,2199.0
100577,2024-03-02,CUST01250,Resistance Bands,Sports & Fitness,East,Retail Store,1,399.0,399.0
100755,2024-03-19,CUST00069,Laptop Stand,Electronics,East,Online,1,799.0,799.0
106792,2025-10-22,CUST00676,Running Shoes,Fashion,North,Online,1,2249.1,2249.1
101119,2024-04-27,CUST01969,Face Serum,Beauty & Personal Care,South,Marketplace,1,559.2,559.2
102879,2024-10-21,CUST01742,Bluetooth Speaker,Electronics,East,Online,1,1899.0,1899.0
106360,2025-09-19,CUST00084,Denim Jacket,Fashion,East,Online,1,1999.0,1999.0
101649,2024-06-29,CUST02234,Smartwatch,Electronics,West,Online,1,2999.0,2999.0
106350,2025-09-18,CUST00078,Water Bottle,Sports & Fitness,West,Online,1,296.65,296.65
100080,2024-01-09,CUST00723,Resistance Bands,Sports & Fitness,South,Online,1,399.0,399.0
103523,2024-12-02,CUST00576,Yoga Mat,Sports & Fitness,Central,Marketplace,2,539.1,1078.2
100523,2024-02-25,CUST01836,Power Bank,Electronics,East,Online,1,899.0,899.0
104535,2025-03-12,CUST01016,Backpack,Fashion,West,Retail Store,2,1399.0,2798.0
105199,2025-05-19,CUST02188,Air Fryer,Home & Kitchen,South,Marketplace,1,2974.15,2974.15
101258,2024-05-12,CUST01026,USB-C Cable,Electronics,South,Online,1,249.0,249.0
106397,2025-09-23,CUST02481,Dumbbell Set,Sports & Fitness,South,Online,1,2199.0,2199.0
102897,2024-10-22,CUST02454,Backpack,Fashion,West,Marketplace,2,1259.1,2518.2
101096,2024-04-25,CUST02390,Backpack,Fashion,West,Online,1,1399.0,1399.0
102464,2024-09-19,CUST02093,Cotton T-Shirt,Fashion,West,Online,1,599.0,599.0
106251,2025-09-08,CUST00956,Face Serum,Beauty & Personal Care,West,Marketplace,2,594.15,1188.3
107355,2025-11-28,CUST00745,Trimmer,Beauty & Personal Care,South,Online,1,999.0,999.0
102303,2024-09-06,CUST00885,Non-stick Pan Set,Home & Kitchen,North,Online,1,1299.0,1299.0
105962,2025-08-10,CUST00448,Smartwatch,Electronics,North,Online,1,2999.0,2999.0
107705,2025-12-26,CUST00170,Laptop Stand,Electronics,North,Online,1,799.0,799.0
105389,2025-06-11,CUST00393,Yoga Mat,Sports & Fitness,South,Online,3,539.1,1617.3
106536,2025-10-04,CUST02040,Hair Dryer,Beauty & Personal Care,West,Retail Store,1,1199.0,1199.0
107145,2025-11-14,CUST00074,Wireless Earbuds,Electronics,West,Online,1,1499.0,1499.0
105659,2025-07-10,CUST01938,Dumbbell Set,Sports & Fitness,West,Marketplace,1,2199.0,2199.0
106330,2025-09-15,CUST02116,Yoga Mat,Sports & Fitness,North,Marketplace,1,599.0,599.0
104659,2025-03-25,CUST02264,Face Serum,Beauty & Personal Care,South,Online,1,699.0,699.0
104186,2025-02-02,CUST00759,Running Shoes,Fashion,East,Online,1,2499.0,2499.0
100282,2024-01-30,CUST01247,Storage Containers,Home & Kitchen,West,Retail Store,1,399.2,399.2
106832,2025-10-24,CUST01165,Non-stick Pan Set,Home & Kitchen,Central,Retail Store,2,1299.0,2598.0
103640,2024-12-13,CUST00368,Bluetooth Speaker,Electronics,North,Retail Store,1,1899.0,1899.0
107053,2025-11-08,CUST02448,Air Fryer,Home & Kitchen,North,Online,1,3499.0,3499.0
102040,2024-08-09,CUST01219,Water Bottle,Sports & Fitness,South,Marketplace,1,349.0,349.0
102143,2024-08-20,CUST01579,Hair Dryer,Beauty & Personal Care,South,Online,3,1199.0,3597.0
100388,2024-02-11,CUST01004,Sunglasses,Fashion,North,Online,1,799.0,799.0
104947,2025-04-23,CUST00157,Smartwatch,Electronics,North,Retail Store,2,2999.0,5998.0
100894,2024-04-03,CUST01379,Hair Dryer,Beauty & Personal Care,Central,Retail Store,1,1199.0,1199.0
101333,2024-05-21,CUST02271,Storage Containers,Home & Kitchen,North,Retail Store,1,499.0,499.0
106413,2025-09-25,CUST00612,Cotton T-Shirt,Fashion,Central,Marketplace,1,599.0,599.0
107346,2025-11-28,CUST01979,USB-C Cable,Electronics,Central,Online,2,211.65,423.3
104449,2025-03-03,CUST01298,Electric Kettle,HOME & KITCHEN,East,Retail Store,1,719.2,719.2
104376,2025-02-23,CUST00076,Dumbbell Set,Sports & Fitness,West,Online,1,2199.0,2199.0
100460,2024-02-19,CUST01597,Non-stick Pan Set,Home & Kitchen,South,Online,1,1299.0,1299.0
104818,2025-04-10,CUST02405,Bluetooth Speaker,Electronics,North,Online,1,1899.0,1899.0
104809,2025-04-09,CUST01093,Face Serum,Beauty & Personal Care,South,Retail Store,2,699.0,1398.0
106279,2025-09-11,CUST01774,Bluetooth Speaker,Electronics,South,Marketplace,1,1899.0,1899.0
106740,2025-10-18,CUST00159,Cotton T-Shirt,Fashion,East,Retail Store,1,599.0,599.0
103312,2024-11-18,CUST01262,Wireless Earbuds,Electronics,South,Online,1,1499.0,1499.0
101497,2024-06-09,CUST01766,Running Shoes,Fashion,West,Retail Store,1,2499.0,2499.0
100913,2024-04-05,CUST02577,Air Fryer,Home & Kitchen,South,Online,1,3499.0,3499.0
106388,2025-09-22,CUST01624,Wireless Earbuds,Electronics,South,Retail Store,1,1499.0,1499.0
106587,2025-10-07,CUST01074,Blender,Home & Kitchen,East,Marketplace,2,1599.0,3198.0
100552,2024-02-28,CUST00248,Water Bottle,Sports & Fitness,South,Retail Store,1,349.0,349.0
101708,2024-07-07,CUST00036,Sunglasses,Fashion,South,Retail Store,3,679.15,2037.45
107442,2025-12-03,CUST01295,Bluetooth Speaker,Electronics,South,Marketplace,3,1519.2,4557.6
101280,2024-05-15,CUST01670,Trimmer,Beauty & Personal Care,South,Online,1,999.0,999.0
103091,2024-11-03,CUST01776,Running Shoes,Fashion,South,Online,1,2499.0,2499.0
107388,2025-11-30,CUST01647,Face Serum,Beauty & Personal Care,North,Online,1,629.1,629.1
106842,2025-10-25,CUST00569,Non-stick Pan Set,Home & Kitchen,South,Retail Store,1,1299.0,1299.0
103171,2024-11-09,CUST00371,Resistance Bands,Sports & Fitness,North,Online,1,399.0,399.0
101458,2024-06-05,CUST00292,Hair Dryer,Beauty & Personal Care,South,Online,1,1199.0,1199.0
106668,2025-10-14,CUST00282,Laptop Stand,Electronics,North,Retail Store,1,719.1,719.1
106495,2025-10-01,CUST00868,Air Fryer,Home & Kitchen,East,Retail Store,1,3499.0,3499.0
101003,2024-04-14,CUST01574,Sunscreen SPF50,Beauty & Personal Care,West,Retail Store,0,449.0,449.0
100701,2024-03-13,CUST00455,Water Bottle,Sports & Fitness,North,Online,1,349.0,349.0
106464,2025-09-29,CUST02217,Electric Kettle,Home & Kitchen,Central,Retail Store,2,899.0,1798.0
106714,2025-10-17,CUST02286,Sunglasses,Fashion,East,Online,1,799.0,799.0
103814,2024-12-27,CUST01873,Running Shoes,Fashion,East,Online,2,2499.0,4998.0
100014,2024-01-02,CUST01878,Trimmer,Beauty & Personal Care,South,Online,1,999.0,999.0
104006,2025-01-14,CUST00337,Running Shoes,Fashion,East,Online,1,2499.0,2499.0
103855,2024-12-30,CUST00600,USB-C Cable,Electronics,East,Online,1,224.1,224.1
104773,2025-04-04,CUST02387,USB-C Cable,Electronics,East,Online,1,249.0,249.0
101750,2024-07-11,CUST01588,Blender,Home & Kitchen,East,Marketplace,1,1599.0,1599.0
101872,2024-07-22,CUST01929,Sunscreen SPF50,BEAUTY & PERSONAL CARE,North,Marketplace,1,449.0,449.0
101042,2024-04-18,CUST01186,Smartwatch,Electronics,North,Online,3,2549.15,7647.45
106807,2025-10-22,CUST01298,Blender,Home & Kitchen,South,Retail Store,2,1599.0,3198.0
102749,2024-10-12,CUST01184,Dumbbell Set,Sports & Fitness,East,Retail Store,1,1869.15,1869.15
101084,2024-04-24,CUST02001,Blender,Home & Kitchen,South,Online,1,1439.1,1439.1
107410,2025-12-01,CUST00264,Yoga Mat,Sports & Fitness,West,Marketplace,1,599.0,599.0
105133,2025-05-12,CUST01433,Storage Containers,Home & Kitchen,East,Online,1,499.0,499.0
101303,2024-05-18,CUST00981,Water Bottle,Sports & Fitness,North,Marketplace,1,349.0,349.0
105174,2025-05-16,CUST01438,Resistance Bands,Sports & Fitness,East,Online,1,399.0,399.0
102312,2024-09-07,CUST00979,Cotton T-Shirt,Fashion,East,Retail Store,1,599.0,599.0
107578,2025-12-14,CUST02311,Bluetooth Speaker,Electronics,South,Marketplace,1,1899.0,1899.0
104693,2025-03-28,CUST01206,Resistance Bands,Sports & Fitness,East,Marketplace,1,399.0,399.0
105507,2025-06-24,CUST00914,Cotton T-Shirt,Fashion,North,Retail Store,1,479.2,479.2
106033,2025-08-16,CUST00613,USB-C Cable,Electronics,South,Retail Store,1,199.2,199.2
107002,2025-11-05,CUST02293,Running Shoes,Fashion,Central,Online,1,2249.1,2249.1
104062,2025-01-21,CUST00272,Denim Jacket,FASHION,East,Retail Store,1,1999.0,1999.0
105633,2025-07-07,CUST01619,Dumbbell Set,Sports & Fitness,North,Retail Store,1,2199.0,2199.0
106709,2025-10-17,CUST00919,Air Fryer,Home & Kitchen,South,Online,1,3499.0,3499.0
104239,2025-02-08,CUST01929,Laptop Stand,Electronics,South,Online,3,799.0,2397.0
100742,2024-03-17,CUST01386,Water Bottle,Sports & Fitness,West,Online,1,279.2,279.2
104328,2025-02-18,CUST00479,Sunglasses,Fashion,South,Marketplace,2,799.0,1598.0
102982,2024-10-27,CUST01796,Running Shoes,Fashion,West,Online,1,2499.0,2499.0
103440,2024-11-26,CUST00090,Yoga Mat,Sports & Fitness,West,Retail Store,1,599.0,599.0
102874,2024-10-20,CUST01639,Electric Kettle,Home & Kitchen,West,Retail Store,1,899.0,899.0
103873,2025-01-01,CUST00564,Cotton T-Shirt,Fashion,West,Online,1,599.0,599.0
100027,2024-01-03,CUST00281,Non-stick Pan Set,Home & Kitchen,Central,Online,1,1299.0,1299.0
103448,2024-11-27,CUST00516,Dumbbell Set,Sports & Fitness,South,Online,1,2199.0,2199.0
106213,2025-09-05,CUST02018,Power Bank,Electronics,West,Online,1,899.0,899.0
101071,2024-04-22,CUST01315,Smartwatch,Electronics,South,Retail Store,1,2999.0,2999.0
106469,2025-09-29,CUST01840,Running Shoes,Fashion,East,Marketplace,1,1999.2,1999.2
100512,2024-02-24,CUST01862,Laptop Stand,Electronics,West,Retail Store,1,799.0,799.0
104315,2025-02-17,CUST02530,Non-stick Pan Set,Home & Kitchen,North,Marketplace,1,1104.15,1104.15
107778,2025-12-30,CUST01558,Blender,Home & Kitchen,East,Marketplace,1,1359.15,1359.15
103767,2024-12-22,CUST02507,Trimmer,Beauty & Personal Care,North,Retail Store,1,999.0,999.0
100233,2024-01-25,CUST00790,Face Serum,Beauty & Personal Care,West,Online,1,699.0,699.0
100276,2024-01-29,CUST00508,Laptop Stand,Electronics,North,Marketplace,1,719.1,719.1
101344,2024-05-22,CUST02278,Resistance Bands,Sports & Fitness,South,Online,1,399.0,399.0
106955,2025-11-01,CUST00472,Air Fryer,Home & Kitchen,West,Online,2,2799.2,5598.4
107156,2025-11-15,CUST01644,Trimmer,Beauty & Personal Care,Central,Marketplace,2,999.0,1998.0
102742,2024-10-11,CUST02344,Bluetooth Speaker,Electronics,East,Retail Store,1,1899.0,1899.0
104466,2025-03-05,CUST00925,Sunglasses,Fashion,West,Marketplace,1,679.15,679.15
102009,2024-08-06,CUST00838,Sunglasses,Fashion,West,Online,1,799.0,799.0
107577,2025-12-14,CUST02214,Blender,Home & Kitchen,South,Retail Store,2,1599.0,3198.0
106206,2025-09-04,CUST01501,Electric Kettle,Home & Kitchen,East,Retail Store,3,899.0,2697.0
106068,2025-08-20,CUST00679,Trimmer,Beauty & Personal Care,East,Retail Store,2,999.0,1998.0
103424,2024-11-25,CUST00989,Storage Containers,Home & Kitchen,Central,Retail Store,1,499.0,499.0
102205,2024-08-26,CUST00840,Electric Kettle,Home & Kitchen,West,Online,1,899.0,899.0
102328,2024-09-08,CUST02066,Power Bank,Electronics,East,Retail Store,1,899.0,899.0
106093,2025-08-22,CUST00749,Sunglasses,Fashion,North,Marketplace,1,719.1,719.1
102748,2024-10-11,CUST01453,Storage Containers,Home & Kitchen,South,Online,1,499.0,499.0
105995,2025-08-13,CUST02176,Air Fryer,Home & Kitchen,East,Marketplace,3,3499.0,10497.0
104106,2025-01-25,CUST01710,Backpack,Fashion,South,Online,2,1399.0,2798.0
105486,2025-06-21,CUST01987,USB-C Cable,Electronics,West,Retail Store,1,211.65,211.65
107250,2025-11-21,CUST02389,Hair Dryer,Beauty & Personal Care,North,Online,1,1199.0,1199.0
104296,2025-02-15,CUST01381,USB-C Cable,Electronics,West,Retail Store,1,249.0,249.0
105614,2025-07-06,CUST00194,Face Serum,Beauty & Personal Care,North,Online,2,699.0,1398.0
103630,2024-12-12,CUST01532,Wireless Earbuds,Electronics,South,Online,1,1499.0,1499.0
100501,2024-02-23,CUST00020,Running Shoes,Fashion,North,Retail Store,1,2499.0,2499.0
101790,2024-07-15,CUST02329,Non-stick Pan Set,Home & Kitchen,South,Marketplace,1,1299.0,1299.0
104634,2025-03-22,CUST02094,Resistance Bands,SPORTS & FITNESS,South,Online,1,399.0,399.0
100492,2024-02-22,CUST01079,Blender,Home & Kitchen,North,Online,1,1279.2,1279.2
104973,2025-04-25,CUST01830,Dumbbell Set,Sports & Fitness,South,Online,1,2199.0,2199.0
106144,2025-08-28,CUST00494,Hair Dryer,Beauty & Personal Care,East,Online,1,1199.0,1199.0
100583,2024-03-02,CUST02455,Resistance Bands,Sports & Fitness,South,Online,1,399.0,399.0
102944,2024-10-25,CUST00107,Water Bottle,Sports & Fitness,West,Marketplace,2,314.1,628.2
100403,2024-02-13,CUST00961,Sunscreen SPF50,Beauty & Personal Care,East,Online,1,449.0,449.0
107393,2025-11-30,CUST01601,Storage Containers,Home & Kitchen,East,Retail Store,1,499.0,499.0
100997,2024-04-13,CUST01940,Sunscreen SPF50,Beauty & Personal Care,West,Marketplace,1,449.0,449.0
106273,2025-09-10,CUST00719,Trimmer,Beauty & Personal Care,West,Online,1,999.0,999.0
105148,2025-05-14,CUST00253,Laptop Stand,Electronics,Central,Online,2,799.0,1598.0
107560,2025-12-13,CUST01154,Air Fryer,Home & Kitchen,,Marketplace,2,3499.0,6998.0
100836,2024-03-29,CUST02468,Power Bank,Electronics,South,Retail Store,1,899.0,899.0
106359,2025-09-19,CUST00368,Bluetooth Speaker,Electronics,North,Retail Store,1,1899.0,1899.0
100853,2024-03-31,CUST01382,Resistance Bands,Sports & Fitness,West,Retail Store,1,399.0,399.0
105075,2025-05-05,CUST00412,Dumbbell Set,Sports & Fitness,East,Online,1,1869.15,1869.15
100267,2024-01-28,CUST01251,Storage Containers,Home & Kitchen,West,Retail Store,2,499.0,998.0
105762,2025-07-20,CUST02234,Storage Containers,Home & Kitchen,East,Online,1,499.0,499.0
100064,2024-01-07,CUST01982,Sunscreen SPF50,Beauty & Personal Care,South,Online,1,449.0,449.0
102307,2024-09-06,CUST01944,Power Bank,Electronics,Central,Online,2,899.0,1798.0
104677,2025-03-26,CUST02369,Dumbbell Set,Sports & Fitness,South,Online,1,2199.0,2199.0
105163,2025-05-15,CUST01645,Dumbbell Set,Sports & Fitness,North,Online,1,1979.1,1979.1
103547,2024-12-05,CUST00131,Electric Kettle,Home & Kitchen,West,Online,1,899.0,899.0
103369,2024-11-22,CUST00601,Non-stick Pan Set,Home & Kitchen,West,Online,1,1299.0,1299.0
102974,2024-10-26,CUST00993,Cotton T-Shirt,Fashion,North,Marketplace,1,479.2,479.2
103294,2024-11-17,CUST01808,Blender,Home & Kitchen,North,Marketplace,2,1599.0,3198.0
106008,2025-08-14,CUST00254,Resistance Bands,Sports & Fitness,East,Online,1,399.0,399.0
100009,2024-01-01,CUST01833,Cotton T-Shirt,Fashion,West,Online,1,599.0,599.0
104691,2025-03-28,CUST02042,Blender,Home & Kitchen,West,Online,1,1599.0,1599.0
106345,2025-09-17,CUST00235,Blender,Home & Kitchen,North,Marketplace,2,1599.0,3198.0
103480,2024-11-29,CUST01668,Storage Containers,Home & Kitchen,South,Online,1,499.0,499.0
101516,2024-06-11,CUST01556,Air Fryer,Home & Kitchen,West,Online,1,3499.0,3499.0
104383,2025-02-24,CUST02001,Smartwatch,Electronics,North,Retail Store,1,2999.0,2999.0
105357,2025-06-08,CUST00909,Dumbbell Set,Sports & Fitness,North,Online,1,2199.0,2199.0
105207,2025-05-20,CUST00432,Yoga Mat,SPORTS & FITNESS,South,Marketplace,3,479.2,1437.6
106260,2025-09-09,CUST00018,Storage Containers,Home & Kitchen,North,Marketplace,1,499.0,499.0
105216,2025-05-22,CUST01128,Hair Dryer,Beauty & Personal Care,South,Online,1,1199.0,1199.0
103295,2024-11-17,CUST02394,Running Shoes,Fashion,East,Marketplace,1,1999.2,1999.2
107036,2025-11-08,CUST02542,Face Serum,Beauty & Personal Care,South,Online,1,699.0,699.0
104571,2025-03-16,CUST01757,Hair Dryer,BEAUTY & PERSONAL CARE,East,Online,1,1199.0,1199.0
102102,2024-08-16,CUST02288,Backpack,Fashion,West,Online,1,1399.0,1399.0
105698,2025-07-14,CUST00630,Laptop Stand,Electronics,North,Online,1,799.0,799.0
103084,2024-11-03,CUST00522,Electric Kettle,HOME & KITCHEN,North,Marketplace,1,899.0,899.0
102259,2024-09-01,CUST00776,Hair Dryer,Beauty & Personal Care,Central,Marketplace,1,1019.15,1019.15
102375,2024-09-12,CUST01336,Wireless Earbuds,Electronics,South,Online,1,1499.0,1499.0
102854,2024-10-19,CUST00314,Running Shoes,Fashion,East,Retail Store,1,2499.0,2499.0
106112,2025-08-24,CUST02558,Dumbbell Set,Sports & Fitness,South,Online,1,2199.0,2199.0
104483,2025-03-07,CUST02229,Sunglasses,Fashion,West,Online,2,679.15,1358.3
106622,2025-10-10,CUST02022,Bluetooth Speaker,Electronics,North,Online,1,1899.0,1899.0
101016,2024-04-15,CUST00311,Running Shoes,Fashion,North,Online,1,2499.0,2499.0
106605,2025-10-08,CUST02041,Wireless Earbuds,Electronics,North,Retail Store,1,1499.0,1499.0
106263,2025-09-09,CUST01086,Sunscreen SPF50,Beauty & Personal Care,North,Marketplace,1,449.0,449.0
104884,2025-04-17,CUST00509,Non-stick Pan Set,Home & Kitchen,West,Retail Store,2,1299.0,2598.0
103226,2024-11-13,CUST00509,Air Fryer,Home & Kitchen,Central,Online,1,2799.2,2799.2
103960,2025-01-10,CUST00181,Running Shoes,Fashion,Central,Marketplace,1,2499.0,2499.0
107612,2025-12-17,CUST00747,Blender,Home & Kitchen,West,Online,1,1599.0,1599.0
106172,2025-08-31,CUST00800,Water Bottle,Sports & Fitness,West,Retail Store,2,349.0,698.0
104745,2025-03-31,CUST02423,Dumbbell Set,Sports & Fitness,North,Retail Store,1,2199.0,2199.0
104453,2025-03-03,CUST01188,Cotton T-Shirt,Fashion,Central,Online,1,599.0,599.0
104801,2025-04-07,CUST01904,Sunscreen SPF50,Beauty & Personal Care,North,Marketplace,1,449.0,449.0
107005,2025-11-05,CUST02196,Sunglasses,Fashion,South,Online,2,679.15,1358.3
105527,2025-06-27,CUST01096,Face Serum,Beauty & Personal Care,West,Online,1,594.15,594.15
102164,2024-08-22,CUST00898,Resistance Bands,Sports & Fitness,South,Retail Store,1,399.0,399.0
102548,2024-09-28,CUST01214,Sunglasses,Fashion,South,Retail Store,1,799.0,799.0
101325,2024-05-20,CUST00148,Air Fryer,Home & Kitchen,South,Marketplace,1,3499.0,3499.0
103716,2024-12-19,CUST01260,Electric Kettle,Home & Kitchen,West,Marketplace,1,764.15,764.15
100132,2024-01-16,CUST00288,Power Bank,Electronics,East,Online,1,899.0,899.0
100893,2024-04-03,CUST00009,Backpack,Fashion,East,Online,2,1399.0,2798.0
106998,2025-11-04,CUST01032,Smartwatch,Electronics,North,Retail Store,3,2999.0,8997.0
107400,2025-12-01,CUST00046,Dumbbell Set,Sports & Fitness,Central,Online,1,2199.0,2199.0
100053,2024-01-07,CUST00852,Hair Dryer,Beauty & Personal Care,South,Retail Store,1,959.2,959.2
104337,2025-02-20,CUST00250,Sunglasses,Fashion,South,Online,1,799.0,799.0
105989,2025-08-12,CUST00777,Dumbbell Set,Sports & Fitness,Central,Online,1,2199.0,2199.0
103140,2024-11-08,CUST00369,Dumbbell Set,Sports & Fitness,North,Retail Store,1,1869.15,1869.15
107324,2025-11-26,CUST00252,Smartwatch,Electronics,West,Online,2,2699.1,5398.2
101642,2024-06-28,CUST00939,Sunglasses,Fashion,West,Online,2,799.0,1598.0
107287,2025-11-23,CUST01765,Wireless Earbuds,Electronics,West,Online,1,1274.15,1274.15
106518,2025-10-03,CUST00087,Bluetooth Speaker,Electronics,West,Online,1,1709.1,1709.1
101032,2024-04-17,CUST02078,Backpack,Fashion,South,Online,1,1119.2,1119.2
101767,2024-07-13,CUST02340,Backpack,Fashion,West,Marketplace,1,1399.0,1399.0
106926,2025-10-30,CUST00087,Trimmer,Beauty & Personal Care,West,Retail Store,1,899.1,899.1
100572,2024-03-01,CUST02454,Smartwatch,Electronics,South,Online,1,2999.0,2999.0
106705,2025-10-16,CUST00272,Laptop Stand,Electronics,East,Online,1,799.0,799.0
103062,2024-11-01,CUST01471,Running Shoes,Fashion,North,Retail Store,1,2499.0,2499.0
103469,2024-11-29,CUST02414,Trimmer,Beauty & Personal Care,West,Online,1,999.0,999.0
101709,2024-07-07,CUST01259,Bluetooth Speaker,Electronics,West,Online,1,1614.15,1614.15
106833,2025-10-24,CUST01135,Bluetooth Speaker,Electronics,East,Online,1,1899.0,1899.0
105020,2025-04-29,CUST02545,Dumbbell Set,Sports & Fitness,North,Online,3,2199.0,6597.0
102593,2024-10-02,CUST00508,Cotton T-Shirt,Fashion,North,Retail Store,1,599.0,599.0
102353,2024-09-10,CUST01634,Non-stick Pan Set,Home & Kitchen,South,Marketplace,1,1299.0,1299.0
106187,2025-09-02,CUST02445,Wireless Earbuds,Electronics,South,Online,1,1499.0,1499.0
103940,2025-01-08,CUST00736,Blender,Home & Kitchen,South,Online,1,1599.0,1599.0
105730,2025-07-17,CUST02283,Denim Jacket,Fashion,East,Marketplace,1,1999.0,1999.0
106787,2025-10-21,CUST01421,Bluetooth Speaker,Electronics,North,Retail Store,1,1899.0,1899.0
105789,2025-07-23,CUST00005,Bluetooth Speaker,Electronics,Central,Online,2,1899.0,3798.0
106542,2025-10-04,CUST00757,Bluetooth Speaker,Electronics,South,Online,1,1709.1,1709.1
104994,2025-04-26,CUST00086,Cotton T-Shirt,Fashion,South,Online,1,599.0,599.0
106026,2025-08-16,CUST01616,Dumbbell Set,Sports & Fitness,East,Marketplace,1,2199.0,2199.0
102925,2024-10-24,CUST01601,Wireless Earbuds,Electronics,North,Online,1,1499.0,1499.0
106160,2025-08-30,CUST00860,Blender,Home & Kitchen,Central,Retail Store,1,1279.2,1279.2
107196,2025-11-17,CUST00028,Power Bank,Electronics,Central,Retail Store,1,809.1,809.1
100771,2024-03-21,CUST00106,Smartwatch,Electronics,South,Retail Store,1,2999.0,2999.0
102462,2024-09-19,CUST01054,Face Serum,Beauty & Personal Care,Central,Online,1,699.0,699.0
107702,2025-12-25,CUST00625,Sunscreen SPF50,Beauty & Personal Care,East,Marketplace,1,404.1,404.1
102285,2024-09-04,CUST00938,Bluetooth Speaker,Electronics,,Online,1,1899.0,1899.0
105922,2025-08-05,CUST00640,Resistance Bands,Sports & Fitness,North,Online,1,399.0,399.0
104965,2025-04-24,CUST01300,Electric Kettle,Home & Kitchen,North,Retail Store,1,809.1,809.1
103224,2024-11-12,CUST01735,Bluetooth Speaker,Electronics,North,Marketplace,2,1899.0,3798.0
105657,2025-07-10,CUST00386,Wireless Earbuds,Electronics,North,Online,1,1349.1,1349.1
103329,2024-11-19,CUST02523,Bluetooth Speaker,Electronics,West,Online,1,1899.0,1899.0
103691,2024-12-17,CUST00744,Water Bottle,Sports & Fitness,South,Marketplace,1,349.0,349.0
101114,2024-04-27,CUST01941,Water Bottle,Sports & Fitness,South,Retail Store,1,349.0,349.0
100182,2024-01-21,CUST00716,Yoga Mat,Sports & Fitness,North,Online,1,509.15,509.15
105637,2025-07-08,CUST00917,Air Fryer,Home & Kitchen,South,Marketplace,1,3499.0,3499.0
104241,2025-02-08,CUST01313,Electric Kettle,Home & Kitchen,South,Online,1,809.1,809.1
101307,2024-05-19,CUST01085,Water Bottle,Sports & Fitness,North,Marketplace,2,349.0,698.0
103160,2024-11-09,CUST00597,Hair Dryer,Beauty & Personal Care,East,Retail Store,1,1199.0,1199.0
104769,2025-04-04,CUST01608,Blender,Home & Kitchen,North,Online,1,1599.0,1599.0
103351,2024-11-20,CUST01906,Cotton T-Shirt,Fashion,North,Online,1,599.0,599.0
106141,2025-08-28,CUST00197,Electric Kettle,Home & Kitchen,West,Online,1,764.15,764.15
104412,2025-02-27,CUST00019,USB-C Cable,Electronics,North,Retail Store,1,211.65,211.65
107315,2025-11-25,CUST01162,Storage Containers,Home & Kitchen,South,Marketplace,1,424.15,424.15
101198,2024-05-06,CUST01548,Water Bottle,Sports & Fitness,Central,Online,1,349.0,349.0
107239,2025-11-20,CUST02077,Electric Kettle,Home & Kitchen,West,Online,1,899.0,899.0
102186,2024-08-24,CUST00972,Cotton T-Shirt,Fashion,East,Online,1,599.0,599.0
103384,2024-11-23,CUST01474,Power Bank,Electronics,South,Online,1,899.0,899.0
106070,2025-08-20,CUST02245,Backpack,Fashion,North,Marketplace,3,1399.0,4197.0
100633,2024-03-06,CUST00899,Wireless Earbuds,Electronics,West,Marketplace,1,1499.0,1499.0
106916,2025-10-29,CUST01430,Dumbbell Set,Sports & Fitness,North,Retail Store,1,2199.0,2199.0
102723,2024-10-10,CUST01807,Bluetooth Speaker,Electronics,East,Retail Store,1,1899.0,1899.0
106358,2025-09-19,CUST02166,Trimmer,Beauty & Personal Care,East,Online,1,799.2,799.2
107271,2025-11-22,CUST01622,Denim Jacket,Fashion,West,Retail Store,1,1999.0,1999.0
101123,2024-04-28,CUST01506,Air Fryer,Home & Kitchen,West,Retail Store,1,2799.2,2799.2
103674,2024-12-16,CUST00651,Power Bank,Electronics,Central,Online,3,809.1,2427.3
107352,2025-11-28,CUST00676,Blender,Home & Kitchen,West,Retail Store,1,1359.15,1359.15
100480,2024-02-21,CUST00196,Hair Dryer,Beauty & Personal Care,West,Marketplace,2,1199.0,2398.0
102942,2024-10-25,CUST01002,Electric Kettle,Home & Kitchen,South,Online,1,809.1,809.1
107496,2025-12-07,CUST00951,Running Shoes,Fashion,East,Online,1,2499.0,2499.0
102316,2024-09-07,CUST01662,Laptop Stand,Electronics,East,Marketplace,1,719.1,719.1
100595,2024-03-03,CUST02136,Resistance Bands,Sports & Fitness,West,Retail Store,1,399.0,399.0
103616,2024-12-11,CUST02024,Bluetooth Speaker,Electronics,West,Retail Store,1,1899.0,1899.0
102751,2024-10-12,CUST00221,Non-stick Pan Set,Home & Kitchen,South,Online,1,1299.0,1299.0
101666,2024-06-30,CUST01996,Non-stick Pan Set,Home & Kitchen,South,Online,1,1299.0,1299.0
104018,2025-01-16,CUST01176,Blender,Home & Kitchen,South,Marketplace,2,1599.0,3198.0
105117,2025-05-10,CUST01128,Sunglasses,Fashion,Central,Online,1,799.0,799.0
104456,2025-03-03,CUST02249,Non-stick Pan Set,Home & Kitchen,North,Marketplace,1,1169.1,1169.1
105967,2025-08-10,CUST00612,Blender,Home & Kitchen,West,Retail Store,1,1599.0,1599.0
104462,2025-03-04,CUST00232,Cotton T-Shirt,Fashion,West,Retail Store,1,599.0,599.0
107006,2025-11-05,CUST02049,Storage Containers,Home & Kitchen,North,Marketplace,1,499.0,499.0
107412,2025-12-01,CUST00050,Wireless Earbuds,Electronics,East,Online,1,1499.0,1499.0
102255,2024-09-01,CUST01514,Sunscreen SPF50,Beauty & Personal Care,South,Retail Store,1,449.0,449.0
106762,2025-10-19,CUST00942,Sunglasses,Fashion,North,Online,1,799.0,799.0
102837,2024-10-17,CUST01252,Sunglasses,Fashion,West,Online,1,799.0,799.0
106161,2025-08-30,CUST00690,Blender,Home & Kitchen,North,Online,1,1599.0,1599.0
100624,2024-03-06,CUST01671,Dumbbell Set,Sports & Fitness,North,Online,3,2199.0,6597.0
104914,2025-04-19,CUST01326,Wireless Earbuds,Electronics,North,Online,1,1499.0,1499.0
100055,2024-01-07,CUST01697,Cotton T-Shirt,Fashion,West,Online,1,599.0,599.0
103223,2024-11-12,CUST00267,Power Bank,Electronics,Central,Online,1,899.0,899.0
107008,2025-11-05,CUST01013,Water Bottle,Sports & Fitness,West,Marketplace,3,349.0,1047.0
101525,2024-06-13,CUST01166,Blender,Home & Kitchen,North,Online,1,1599.0,1599.0
106474,2025-09-30,CUST01824,Cotton T-Shirt,Fashion,North,Online,1,599.0,599.0
106066,2025-08-20,CUST00026,Laptop Stand,Electronics,East,Online,1,799.0,799.0
101431,2024-06-01,CUST00869,Running Shoes,Fashion,North,Online,1,2499.0,2499.0
102558,2024-09-29,CUST01850,Cotton T-Shirt,Fashion,South,Marketplace,1,599.0,599.0
104522,2025-03-11,CUST01460,Blender,Home & Kitchen,West,Retail Store,1,1599.0,1599.0
103601,2024-12-10,CUST01902,Running Shoes,Fashion,North,Marketplace,1,1999.2,1999.2
106239,2025-09-07,CUST00429,Yoga Mat,Sports & Fitness,South,Retail Store,1,599.0,599.0
105231,2025-05-23,CUST01763,Face Serum,Beauty & Personal Care,East,Marketplace,1,699.0,699.0
106814,2025-10-23,CUST01933,Sunscreen SPF50,Beauty & Personal Care,West,Online,2,449.0,898.0
101194,2024-05-06,CUST00628,Face Serum,Beauty & Personal Care,West,Retail Store,1,699.0,699.0
100150,2024-01-19,CUST01025,Electric Kettle,Home & Kitchen,North,Online,1,899.0,899.0
105910,2025-08-05,CUST02552,Hair Dryer,Beauty & Personal Care,East,Retail Store,1,1199.0,1199.0
101792,2024-07-15,CUST00409,Laptop Stand,Electronics,South,Retail Store,1,799.0,799.0
106875,2025-10-27,CUST02215,Non-stick Pan Set,Home & Kitchen,South,Online,1,1299.0,1299.0
103492,2024-11-30,CUST00323,Backpack,Fashion,South,Online,3,1399.0,4197.0
101164,2024-05-02,CUST01552,Dumbbell Set,Sports & Fitness,West,Online,1,2199.0,2199.0
103625,2024-12-12,CUST01940,Running Shoes,Fashion,North,Online,2,2499.0,4998.0
104176,2025-02-01,CUST00868,Resistance Bands,Sports & Fitness,North,Marketplace,1,399.0,399.0
105177,2025-05-17,CUST01714,Running Shoes,Fashion,Central,Marketplace,2,2249.1,4498.2
104957,2025-04-24,CUST01645,Dumbbell Set,Sports & Fitness,West,Retail Store,2,2199.0,4398.0
101731,2024-07-09,CUST01507,Face Serum,Beauty & Personal Care,South,Online,1,559.2,559.2
102236,2024-08-30,CUST00516,Water Bottle,Sports & Fitness,East,Retail Store,1,349.0,349.0
104732,2025-03-30,CUST00351,Power Bank,Electronics,West,Marketplace,1,899.0,899.0
103064,2024-11-02,CUST01416,Water Bottle,Sports & Fitness,South,Online,1,349.0,349.0
107004,2025-11-05,CUST00896,Denim Jacket,Fashion,East,Online,1,1999.0,1999.0
107084,2025-11-10,CUST00379,Hair Dryer,Beauty & Personal Care,East,Online,1,1199.0,1199.0
101264,2024-05-13,CUST00884,Wireless Earbuds,Electronics,South,Online,1,1499.0,1499.0
100371,2024-02-10,CUST00718,Trimmer,Beauty & Personal Care,South,Online,1,999.0,999.0
103847,2024-12-29,CUST00720,Wireless Earbuds,Electronics,North,Online,1,1349.1,1349.1
102800,2024-10-15,CUST02558,Bluetooth Speaker,Electronics,North,Marketplace,1,1899.0,1899.0
103692,2024-12-17,CUST01747,Resistance Bands,Sports & Fitness,East,Online,1,399.0,399.0
106285,2025-09-11,CUST02108,Backpack,Fashion,North,Retail Store,1,1399.0,1399.0
100159,2024-01-19,CUST00965,Yoga Mat,Sports & Fitness,South,Retail Store,1,599.0,599.0
101171,2024-05-03,CUST00999,Smartwatch,Electronics,East,Online,1,2999.0,2999.0
102606,2024-10-03,CUST00677,Laptop Stand,Electronics,East,Online,2,799.0,1598.0
104010,2025-01-15,CUST01290,USB-C Cable,Electronics,North,Retail Store,1,249.0,249.0
101870,2024-07-21,CUST00708,Dumbbell Set,Sports & Fitness,North,Online,1,2199.0,2199.0
100972,2024-04-11,CUST01094,Water Bottle,Sports & Fitness,North,Online,1,349.0,349.0
103032,2024-10-31,CUST01288,Cotton T-Shirt,Fashion,South,Online,2,599.0,1198.0
102756,2024-10-12,CUST01376,Water Bottle,Sports & Fitness,West,Online,1,349.0,349.0
100422,2024-02-15,CUST02054,Air Fryer,Home & Kitchen,East,Online,1,3499.0,3499.0
100248,2024-01-27,CUST00569,Sunscreen SPF50,Beauty & Personal Care,East,Marketplace,3,449.0,1347.0
105929,2025-08-07,CUST01358,Laptop Stand,Electronics,East,Retail Store,1,799.0,799.0
100047,2024-01-06,CUST02213,Sunscreen SPF50,Beauty & Personal Care,North,Online,1,449.0,449.0
102324,2024-09-07,CUST02580,Air Fryer,Home & Kitchen,North,Retail Store,1,3499.0,3499.0
106755,2025-10-19,CUST01466,Backpack,FASHION,North,Online,1,1399.0,1399.0
105511,2025-06-24,CUST02513,Blender,Home & Kitchen,North,Online,1,1599.0,1599.0
101556,2024-06-17,CUST02454,Wireless Earbuds,Electronics,South,Retail Store,1,1499.0,1499.0
103165,2024-11-09,CUST00827,Sunscreen SPF50,Beauty & Personal Care,East,Online,1,449.0,449.0
103624,2024-12-12,CUST02524,Trimmer,Beauty & Personal Care,,Online,3,899.1,2697.3
104028,2025-01-17,CUST00133,Water Bottle,Sports & Fitness,North,Marketplace,1,349.0,349.0
102675,2024-10-07,CUST00746,Running Shoes,Fashion,North,Retail Store,1,2499.0,2499.0
103978,2025-01-12,CUST01731,Backpack,Fashion,East,Online,1,1259.1,1259.1
101033,2024-04-18,CUST00112,Running Shoes,Fashion,South,Marketplace,1,2499.0,2499.0
104322,2025-02-17,CUST00301,Electric Kettle,Home & Kitchen,South,Online,1,719.2,719.2
104700,2025-03-29,CUST00365,Dumbbell Set,Sports & Fitness,North,Marketplace,1,2199.0,2199.0
100195,2024-01-22,CUST01784,Non-stick Pan Set,Home & Kitchen,East,Marketplace,3,1299.0,3897.0
104369,2025-02-23,CUST00114,Sunglasses,Fashion,West,Online,1,799.0,799.0
100532,2024-02-26,CUST02381,USB-C Cable,Electronics,West,Marketplace,1,249.0,249.0
106547,2025-10-04,CUST01938,Air Fryer,Home & Kitchen,South,Marketplace,1,2799.2,2799.2
101330,2024-05-21,CUST00662,Hair Dryer,Beauty & Personal Care,South,Retail Store,1,1199.0,1199.0
107024,2025-11-06,CUST02316,Trimmer,Beauty & Personal Care,North,Retail Store,2,999.0,1998.0
100787,2024-03-23,CUST01963,Water Bottle,Sports & Fitness,North,Retail Store,1,349.0,349.0
102767,2024-10-12,CUST00962,Storage Containers,Home & Kitchen,South,Marketplace,1,449.1,449.1
107073,2025-11-09,CUST00847,Smartwatch,Electronics,East,Online,1,2999.0,2999.0
103939,2025-01-08,CUST01474,Power Bank,Electronics,West,Online,2,899.0,1798.0
100346,2024-02-06,CUST00397,Air Fryer,Home & Kitchen,West,Online,1,3499.0,3499.0
103977,2025-01-11,CUST00409,Trimmer,Beauty & Personal Care,West,Marketplace,1,999.0,999.0
101219,2024-05-08,CUST02485,Air Fryer,Home & Kitchen,West,Marketplace,1,3499.0,3499.0
103020,2024-10-30,CUST01223,Non-stick Pan Set,Home & Kitchen,South,Retail Store,1,1299.0,1299.0
101524,2024-06-13,CUST01989,Air Fryer,Home & Kitchen,West,Retail Store,1,3499.0,3499.0
100447,2024-02-18,CUST02322,Sunglasses,Fashion,East,Online,1,679.15,679.15
105658,2025-07-10,CUST01166,Storage Containers,Home & Kitchen,East,Marketplace,1,424.15,424.15
101075,2024-04-23,CUST01128,Cotton T-Shirt,Fashion,Central,Online,2,599.0,1198.0
107535,2025-12-10,CUST00709,Face Serum,Beauty & Personal Care,West,Online,1,699.0,699.0
100163,2024-01-20,CUST02308,Smartwatch,Electronics,,Online,1,2999.0,2999.0
100626,2024-03-06,CUST02092,Air Fryer,Home & Kitchen,East,Online,1,3149.1,3149.1
103304,2024-11-18,CUST00138,Electric Kettle,Home & Kitchen,East,Retail Store,1,899.0,899.0
104949,2025-04-23,CUST00266,Sunglasses,Fashion,East,Marketplace,1,799.0,799.0
107423,2025-12-02,CUST02384,Trimmer,Beauty & Personal Care,East,Online,2,799.2,1598.4
103476,2024-11-29,CUST01714,Sunscreen SPF50,Beauty & Personal Care,South,Online,1,449.0,449.0
105424,2025-06-14,CUST00749,Air Fryer,Home & Kitchen,South,Retail Store,2,3149.1,6298.2
107391,2025-11-30,CUST00507,Backpack,Fashion,East,Marketplace,1,1399.0,1399.0
103686,2024-12-17,CUST01262,Cotton T-Shirt,Fashion,South,Retail Store,2,599.0,1198.0
105900,2025-08-04,CUST01025,Face Serum,Beauty & Personal Care,North,Online,1,629.1,629.1
103813,2024-12-27,CUST02020,Cotton T-Shirt,Fashion,South,Online,1,599.0,599.0
107774,2025-12-30,CUST02290,Electric Kettle,Home & Kitchen,North,Online,1,899.0,899.0
100096,2024-01-12,CUST01998,Denim Jacket,Fashion,West,Online,2,1999.0,3998.0
102586,2024-10-01,CUST02186,Cotton T-Shirt,Fashion,North,Online,1,539.1,539.1
100222,2024-01-25,CUST01880,Denim Jacket,Fashion,South,Online,1,1799.1,1799.1
102623,2024-10-04,CUST00248,Non-stick Pan Set,Home & Kitchen,West,Retail Store,1,1299.0,1299.0
100713,2024-03-14,CUST01234,Denim Jacket,Fashion,South,Online,1,1999.0,1999.0
103417,2024-11-24,CUST02227,Air Fryer,Home & Kitchen,West,Marketplace,2,2799.2,5598.4
101058,2024-04-21,CUST01786,Power Bank,Electronics,South,Online,1,899.0,899.0
103458,2024-11-28,CUST01989,Blender,Home & Kitchen,West,Retail Store,2,1599.0,3198.0
107362,2025-11-29,CUST00253,Blender,Home & Kitchen,East,Online,1,1359.15,1359.15
105477,2025-06-20,CUST01175,Denim Jacket,Fashion,South,Online,1,1799.1,1799.1
102451,2024-09-18,CUST02506,Denim Jacket,Fashion,North,Online,1,1999.0,1999.0
100798,2024-03-24,CUST01619,Sunglasses,Fashion,West,Online,1,799.0,799.0
103330,2024-11-19,CUST01161,Yoga Mat,Sports & Fitness,North,Online,1,599.0,599.0
101129,2024-04-28,CUST01832,Non-stick Pan Set,Home & Kitchen,North,Online,1,1299.0,1299.0
101116,2024-04-27,CUST02223,Blender,Home & Kitchen,South,Retail Store,2,1359.15,2718.3
103169,2024-11-09,CUST01290,Resistance Bands,Sports & Fitness,Central,Online,1,399.0,399.0
101269,2024-05-14,CUST00912,Blender,Home & Kitchen,South,Online,2,1599.0,3198.0
105307,2025-06-02,CUST01924,Air Fryer,Home & Kitchen,North,Marketplace,2,3499.0,6998.0
107316,2025-11-26,CUST00794,Non-stick Pan Set,Home & Kitchen,Central,Retail Store,1,1104.15,1104.15
102288,2024-09-05,CUST02519,Blender,Home & Kitchen,Central,Online,1,1599.0,1599.0
105112,2025-05-10,CUST01874,Running Shoes,Fashion,West,Online,1,2124.15,2124.15
106504,2025-10-02,CUST00532,Cotton T-Shirt,Fashion,East,Online,1,599.0,599.0
106012,2025-08-15,CUST00610,Power Bank,Electronics,Central,Online,1,899.0,899.0
103354,2024-11-21,CUST01218,Denim Jacket,Fashion,South,Online,1,1999.0,1999.0
105639,2025-07-08,CUST00318,Cotton T-Shirt,Fashion,West,Online,1,599.0,599.0
100992,2024-04-13,CUST01768,Electric Kettle,Home & Kitchen,North,Online,2,719.2,1438.4
106512,2025-10-03,CUST01722,Electric Kettle,Home & Kitchen,South,Online,1,899.0,899.0
100173,2024-01-20,CUST01022,Cotton T-Shirt,Fashion,Central,Online,1,599.0,599.0
107059,2025-11-09,CUST01217,Hair Dryer,Beauty & Personal Care,Central,Online,1,1199.0,1199.0
100739,2024-03-17,CUST00338,Trimmer,Beauty & Personal Care,Central,Online,2,999.0,1998.0
103357,2024-11-21,CUST00941,Wireless Earbuds,Electronics,East,Online,1,1499.0,1499.0
105748,2025-07-19,CUST00734,Air Fryer,Home & Kitchen,East,Online,1,3499.0,3499.0
100728,2024-03-16,CUST01568,Hair Dryer,Beauty & Personal Care,North,Retail Store,1,959.2,959.2
100511,2024-02-24,CUST02419,Air Fryer,Home & Kitchen,East,Marketplace,1,3499.0,3499.0
105306,2025-06-02,CUST00854,Backpack,Fashion,North,Online,1,1119.2,1119.2
101488,2024-06-08,CUST00146,Backpack,Fashion,East,Online,2,1399.0,2798.0
104398,2025-02-25,CUST00372,Backpack,Fashion,West,Online,1,1399.0,1399.0
107179,2025-11-16,CUST01578,Cotton T-Shirt,Fashion,South,Marketplace,1,539.1,539.1
104224,2025-02-07,CUST01207,Smartwatch,Electronics,South,Retail Store,1,2999.0,2999.0
102905,2024-10-23,CUST01130,Resistance Bands,Sports & Fitness,East,Online,1,339.15,339.15
101615,2024-06-24,CUST00214,Face Serum,Beauty & Personal Care,North,Online,1,559.2,559.2
102374,2024-09-12,CUST01964,Backpack,Fashion,East,Online,3,1399.0,4197.0
104873,2025-04-15,CUST01276,Dumbbell Set,Sports & Fitness,North,Marketplace,1,2199.0,2199.0
100214,2024-01-24,CUST00144,Laptop Stand,Electronics,South,Online,1,799.0,799.0
104920,2025-04-20,CUST02384,Air Fryer,Home & Kitchen,West,Online,2,3499.0,6998.0
105360,2025-06-08,CUST01309,Dumbbell Set,Sports & Fitness,North,Marketplace,1,1759.2,1759.2
104778,2025-04-05,CUST01940,Storage Containers,Home & Kitchen,North,Online,1,449.1,449.1
107548,2025-12-11,CUST00697,Hair Dryer,Beauty & Personal Care,North,Retail Store,2,1019.15,2038.3
103817,2024-12-28,CUST02041,Cotton T-Shirt,Fashion,South,Online,1,599.0,599.0
102968,2024-10-26,CUST02236,Denim Jacket,Fashion,Central,Online,1,1699.15,1699.15
104877,2025-04-15,CUST01559,Wireless Earbuds,Electronics,South,Retail Store,1,1499.0,1499.0
100789,2024-03-23,CUST02135,Non-stick Pan Set,Home & Kitchen,North,Online,1,1299.0,1299.0
102579,2024-10-01,CUST01657,Power Bank,Electronics,North,Retail Store,1,719.2,719.2
106312,2025-09-14,CUST00741,Backpack,Fashion,East,Online,0,1399.0,2798.0
100685,2024-03-11,CUST00512,Hair Dryer,Beauty & Personal Care,North,Online,1,1199.0,1199.0
100001,2024-01-01,CUST01153,Running Shoes,Fashion,South,Retail Store,1,2249.1,2249.1
102327,2024-09-08,CUST00340,Smartwatch,Electronics,West,Online,1,2999.0,2999.0
101593,2024-06-23,CUST01813,Bluetooth Speaker,Electronics,Central,Retail Store,1,1519.2,1519.2
107135,2025-11-13,CUST01388,Wireless Earbuds,ELECTRONICS,East,Retail Store,1,1499.0,1499.0
102773,2024-10-13,CUST00796,Backpack,Fashion,South,Online,1,1119.2,1119.2
105645,2025-07-08,CUST02505,Bluetooth Speaker,Electronics,North,Online,1,1899.0,1899.0
107131,2025-11-13,CUST00857,Wireless Earbuds,Electronics,East,Online,2,1499.0,2998.0
103735,2024-12-21,CUST00299,Denim Jacket,Fashion,West,Online,1,1999.0,1999.0
100986,2024-04-13,CUST00271,Sunglasses,Fashion,North,Marketplace,3,799.0,2397.0
103620,2024-12-12,CUST01071,Yoga Mat,Sports & Fitness,South,Online,1,539.1,539.1
101133,2024-04-28,CUST02183,Bluetooth Speaker,Electronics,North,Online,1,1614.15,1614.15
101676,2024-07-01,CUST02044,Non-stick Pan Set,Home & Kitchen,North,Marketplace,1,1169.1,1169.1
106710,2025-10-17,CUST01961,Water Bottle,Sports & Fitness,North,Retail Store,1,349.0,349.0
104094,2025-01-23,CUST02489,Cotton T-Shirt,Fashion,South,Online,1,599.0,599.0
105434,2025-06-16,CUST00540,Yoga Mat,Sports & Fitness,North,Online,1,539.1,539.1
106324,2025-09-15,CUST00683,Dumbbell Set,Sports & Fitness,East,Marketplace,1,2199.0,2199.0
102141,2024-08-20,CUST00911,Sunglasses,Fashion,North,Online,1,639.2,639.2
104411,2025-02-27,CUST01466,Yoga Mat,Sports & Fitness,East,Online,1,599.0,599.0
106883,2025-10-27,CUST01371,Blender,Home & Kitchen,East,Retail Store,1,1599.0,1599.0
100474,2024-02-20,CUST00086,Water Bottle,Sports & Fitness,South,Retail Store,2,349.0,698.0
105234,2025-05-24,CUST01274,Storage Containers,Home & Kitchen,Central,Online,2,399.2,798.4
103818,2024-12-28,CUST01975,Air Fryer,Home & Kitchen,West,Marketplace,1,2974.15,2974.15
102114,2024-08-17,CUST01538,Backpack,Fashion,West,Retail Store,2,1119.2,2238.4
100707,2024-03-14,CUST01996,Electric Kettle,Home & Kitchen,South,Retail Store,2,899.0,1798.0
103522,2024-12-02,CUST00584,Dumbbell Set,Sports & Fitness,East,Retail Store,1,2199.0,2199.0
101741,2024-07-10,CUST00124,Water Bottle,Sports & Fitness,South,Online,2,314.1,628.2
103648,2024-12-14,CUST00198,Water Bottle,Sports & Fitness,Central,Retail Store,2,349.0,698.0
102996,2024-10-28,CUST00292,Storage Containers,Home & Kitchen,East,Marketplace,1,499.0,499.0
102963,2024-10-26,CUST00724,Blender,Home & Kitchen,South,Online,1,1439.1,1439.1
100731,2024-03-16,CUST02153,Water Bottle,Sports & Fitness,South,Online,1,349.0,349.0
104658,2025-03-25,CUST00528,Trimmer,Beauty & Personal Care,North,Online,1,999.0,999.0
103635,2024-12-13,CUST01927,Face Serum,Beauty & Personal Care,,Online,3,629.1,1887.3
105535,2025-06-28,CUST00482,Face Serum,Beauty & Personal Care,Central,Online,1,699.0,699.0
102001,2024-08-05,CUST00940,Dumbbell Set,SPORTS & FITNESS,West,Retail Store,1,1759.2,1759.2
102960,2024-10-26,CUST01049,Face Serum,Beauty & Personal Care,South,Marketplace,1,629.1,629.1
102382,2024-09-12,CUST02417,Non-stick Pan Set,Home & Kitchen,North,Marketplace,1,1169.1,1169.1
104661,2025-03-25,CUST01100,Non-stick Pan Set,Home & Kitchen,East,Online,1,1299.0,1299.0
101242,2024-05-11,CUST00716,Resistance Bands,Sports & Fitness,North,Online,1,399.0,399.0
100188,2024-01-21,CUST02402,Resistance Bands,Sports & Fitness,West,Marketplace,1,359.1,359.1
106945,2025-10-31,CUST02593,Power Bank,Electronics,South,Online,3,719.2,2157.6
104109,2025-01-25,CUST01648,Power Bank,Electronics,South,Online,1,899.0,899.0
105300,2025-06-02,CUST01514,Storage Containers,Home & Kitchen,North,Online,1,424.15,424.15
100434,2024-02-17,CUST02371,Non-stick Pan Set,Home & Kitchen,North,Marketplace,2,1169.1,2338.2
105626,2025-07-06,CUST01490,Backpack,Fashion,East,Online,1,1189.15,1189.15
104477,2025-03-06,CUST01993,Trimmer,BEAUTY & PERSONAL CARE,East,Online,1,999.0,999.0
100054,2024-01-07,CUST02382,Face Serum,Beauty & Personal Care,South,Online,1,629.1,629.1
105733,2025-07-18,CUST00580,Laptop Stand,Electronics,Central,Retail Store,1,799.0,799.0
100333,2024-02-04,CUST01849,Cotton T-Shirt,Fashion,North,Online,1,599.0,599.0
102585,2024-10-01,CUST01479,Power Bank,Electronics,North,Retail Store,1,899.0,899.0
103077,2024-11-03,CUST01203,Water Bottle,Sports & Fitness,East,Retail Store,1,349.0,349.0
105510,2025-06-24,CUST01182,Bluetooth Speaker,Electronics,West,Retail Store,1,1899.0,1899.0
104848,2025-04-12,CUST01376,Wireless Earbuds,Electronics,North,Retail Store,1,1499.0,1499.0
100060,2024-01-07,CUST01602,Denim Jacket,Fashion,North,Retail Store,1,1999.0,1999.0
102070,2024-08-12,CUST01063,Bluetooth Speaker,Electronics,West,Online,1,1899.0,1899.0
103033,2024-10-31,CUST00623,Hair Dryer,Beauty & Personal Care,East,Retail Store,2,1199.0,2398.0
106844,2025-10-25,CUST01281,Wireless Earbuds,Electronics,West,Retail Store,1,1499.0,1499.0
101435,2024-06-02,CUST02069,Dumbbell Set,Sports & Fitness,East,Online,1,1979.1,1979.1
101079,2024-04-23,CUST00985,Laptop Stand,Electronics,West,Online,1,799.0,799.0
102502,2024-09-23,CUST01134,Sunscreen SPF50,Beauty & Personal Care,East,Online,1,359.2,359.2
107375,2025-11-29,CUST01710,Non-stick Pan Set,Home & Kitchen,North,Marketplace,1,1299.0,1299.0
101486,2024-06-08,CUST00102,Running Shoes,Fashion,North,Online,1,2499.0,2499.0
103151,2024-11-08,CUST01328,Denim Jacket,Fashion,Central,Online,3,1999.0,5997.0
106303,2025-09-13,CUST00266,Cotton T-Shirt,Fashion,South,Marketplace,3,599.0,1797.0
100148,2024-01-18,CUST01482,Resistance Bands,Sports & Fitness,North,Marketplace,2,359.1,718.2
100616,2024-03-05,CUST01006,Backpack,Fashion,West,Online,1,1399.0,1399.0
106788,2025-10-21,CUST02143,Water Bottle,Sports & Fitness,Central,Online,1,349.0,349.0
101442,2024-06-02,CUST01984,Yoga Mat,Sports & Fitness,West,Online,1,479.2,479.2
100651,2024-03-08,CUST02496,USB-C Cable,Electronics,North,Online,1,249.0,249.0
101539,2024-06-14,CUST00206,Sunglasses,Fashion,South,Marketplace,1,679.15,679.15
104934,2025-04-21,CUST00968,Air Fryer,Home & Kitchen,East,Retail Store,1,3499.0,3499.0
104198,2025-02-03,CUST00235,Trimmer,Beauty & Personal Care,West,Marketplace,1,999.0,999.0
102371,2024-09-12,CUST02435,Bluetooth Speaker,Electronics,South,Online,1,1899.0,1899.0
102983,2024-10-27,CUST00934,Hair Dryer,Beauty & Personal Care,East,Retail Store,2,1199.0,2398.0
106539,2025-10-04,CUST00425,Bluetooth Speaker,Electronics,West,Marketplace,1,1709.1,1709.1
101128,2024-04-28,CUST00069,Air Fryer,Home & Kitchen,,Online,1,2799.2,2799.2
107058,2025-11-09,CUST01215,Storage Containers,Home & Kitchen,North,Online,1,499.0,499.0
104741,2025-03-31,CUST01103,Denim Jacket,Fashion,South,Retail Store,1,1999.0,1999.0
101679,2024-07-02,CUST00028,Wireless Earbuds,Electronics,Central,Online,2,1499.0,2998.0
103203,2024-11-11,CUST02524,Power Bank,Electronics,South,Online,2,899.0,1798.0
105587,2025-07-04,CUST00697,Laptop Stand,Electronics,South,Online,1,799.0,799.0
104078,2025-01-22,CUST00493,Smartwatch,Electronics,South,Online,1,2999.0,2999.0
105590,2025-07-04,CUST00844,Water Bottle,Sports & Fitness,East,Online,1,349.0,349.0
102786,2024-10-14,CUST01622,Storage Containers,Home & Kitchen,North,Online,1,499.0,499.0
106672,2025-10-14,CUST00452,Non-stick Pan Set,Home & Kitchen,Central,Retail Store,1,1299.0,1299.0
102645,2024-10-06,CUST00992,Bluetooth Speaker,Electronics,South,Online,2,1899.0,3798.0
102611,2024-10-03,CUST00484,USB-C Cable,Electronics,North,Online,1,199.2,199.2
104434,2025-03-01,CUST00543,Storage Containers,Home & Kitchen,North,Online,1,499.0,499.0
102317,2024-09-07,CUST01711,Resistance Bands,Sports & Fitness,East,Online,1,399.0,399.0
100351,2024-02-07,CUST02047,Trimmer,Beauty & Personal Care,East,Marketplace,3,999.0,2997.0
102268,2024-09-02,CUST02512,Dumbbell Set,Sports & Fitness,Central,Retail Store,1,1759.2,1759.2
106515,2025-10-03,CUST00608,Sunscreen SPF50,Beauty & Personal Care,Central,Online,1,449.0,449.0
100951,2024-04-09,CUST02043,Yoga Mat,Sports & Fitness,East,Online,1,599.0,599.0
107657,2025-12-22,CUST01273,Power Bank,Electronics,South,Online,1,899.0,899.0
104180,2025-02-01,CUST00461,Cotton T-Shirt,Fashion,Central,Marketplace,1,599.0,599.0
104011,2025-01-15,CUST00046,Hair Dryer,Beauty & Personal Care,Central,Retail Store,1,1079.1,1079.1
104079,2025-01-22,CUST02073,Denim Jacket,Fashion,North,Retail Store,1,1999.0,1999.0
100622,2024-03-05,CUST00011,Trimmer,Beauty & Personal Care,North,Online,1,999.0,999.0
103477,2024-11-29,CUST00570,Wireless Earbuds,Electronics,South,Marketplace,1,1499.0,1499.0
107349,2025-11-28,CUST00144,Non-stick Pan Set,HOME & KITCHEN,East,Retail Store,1,1299.0,1299.0
104553,2025-03-15,CUST00259,Hair Dryer,Beauty & Personal Care,North,Online,1,1079.1,1079.1
101225,2024-05-08,CUST00383,Storage Containers,Home & Kitchen,Central,Retail Store,1,499.0,499.0
105317,2025-06-03,CUST01730,Electric Kettle,Home & Kitchen,North,Marketplace,2,899.0,1798.0
105563,2025-07-01,CUST00495,Resistance Bands,Sports & Fitness,West,Online,1,399.0,399.0
105724,2025-07-17,CUST02198,Yoga Mat,Sports & Fitness,West,Retail Store,1,539.1,539.1
102433,2024-09-16,CUST01518,Face Serum,Beauty & Personal Care,South,Online,1,699.0,699.0
105315,2025-06-03,CUST02036,Electric Kettle,Home & Kitchen,Central,Online,1,899.0,899.0
101922,2024-07-27,CUST00595,Power Bank,Electronics,West,Online,1,899.0,899.0
107328,2025-11-27,CUST02594,Denim Jacket,Fashion,Central,Online,2,1699.15,3398.3
105205,2025-05-20,CUST02432,Trimmer,Beauty & Personal Care,South,Online,2,999.0,1998.0
104356,2025-02-22,CUST02072,Face Serum,Beauty & Personal Care,East,Retail Store,1,699.0,699.0
107027,2025-11-07,CUST00630,Denim Jacket,Fashion,West,Online,1,1999.0,1999.0
107788,2025-12-31,CUST00677,Cotton T-Shirt,Fashion,West,Online,1,599.0,599.0
105475,2025-06-20,CUST02290,Bluetooth Speaker,Electronics,South,Retail Store,2,1519.2,3038.4
102041,2024-08-09,CUST01173,Backpack,Fashion,North,Online,1,1399.0,1399.0
104365,2025-02-23,CUST01670,Yoga Mat,Sports & Fitness,South,Marketplace,1,599.0,599.0
104008,2025-01-15,CUST02262,Blender,Home & Kitchen,Central,Marketplace,1,1599.0,1599.0
105263,2025-05-26,CUST01010,Running Shoes,Fashion,East,Online,1,2499.0,2499.0
102002,2024-08-06,CUST01616,Hair Dryer,Beauty & Personal Care,East,Retail Store,1,959.2,959.2
106763,2025-10-19,CUST00278,Resistance Bands,Sports & Fitness,Central,Retail Store,1,359.1,359.1
106519,2025-10-03,CUST02191,Backpack,Fashion,West,Online,1,1119.2,1119.2
103274,2024-11-16,CUST00045,Water Bottle,Sports & Fitness,East,Marketplace,1,349.0,349.0
107193,2025-11-17,CUST01775,Smartwatch,Electronics,South,Online,1,2549.15,2549.15
102302,2024-09-06,CUST00959,Trimmer,Beauty & Personal Care,West,Online,1,849.15,849.15
105335,2025-06-05,CUST00036,Smartwatch,Electronics,South,Retail Store,1,2999.0,2999.0
101196,2024-05-06,CUST01841,Air Fryer,Home & Kitchen,South,Online,1,3499.0,3499.0
102798,2024-10-15,CUST01127,Running Shoes,Fashion,South,Marketplace,2,2499.0,4998.0
104455,2025-03-03,CUST00161,Hair Dryer,Beauty & Personal Care,North,Marketplace,2,1079.1,2158.2
101261,2024-05-13,CUST02302,Smartwatch,Electronics,South,Retail Store,1,2549.15,2549.15
107138,2025-11-13,CUST01755,Dumbbell Set,Sports & Fitness,East,Online,1,2199.0,2199.0
103744,2024-12-21,CUST01381,Hair Dryer,Beauty & Personal Care,South,Marketplace,2,1079.1,2158.2
102398,2024-09-14,CUST02472,Cotton T-Shirt,Fashion,West,Online,1,599.0,599.0
103926,2025-01-05,CUST01499,Bluetooth Speaker,Electronics,South,Marketplace,2,1899.0,3798.0
105418,2025-06-14,CUST01779,Resistance Bands,Sports & Fitness,South,Online,1,399.0,399.0
102194,2024-08-25,CUST00943,Blender,Home & Kitchen,South,Retail Store,1,1599.0,1599.0
101647,2024-06-29,CUST02542,Laptop Stand,Electronics,South,Online,1,719.1,719.1
106299,2025-09-13,CUST01077,Running Shoes,Fashion,West,Online,2,2499.0,4998.0
103773,2024-12-23,CUST02468,Trimmer,Beauty & Personal Care,West,Online,1,899.1,899.1
104267,2025-02-11,CUST01671,Storage Containers,Home & Kitchen,West,Online,1,499.0,499.0
107782,2025-12-30,CUST00419,Yoga Mat,Sports & Fitness,East,Online,1,599.0,599.0
102035,2024-08-09,CUST00216,Electric Kettle,Home & Kitchen,Central,Marketplace,1,809.1,809.1
103668,2024-12-15,CUST02075,Backpack,Fashion,South,Marketplace,2,1399.0,2798.0
103311,2024-11-18,CUST01404,Trimmer,Beauty & Personal Care,North,Online,1,999.0,999.0
106795,2025-10-22,CUST00264,Water Bottle,Sports & Fitness,North,Online,1,349.0,349.0
101648,2024-06-29,CUST02402,Backpack,Fashion,West,Retail Store,2,1399.0,2798.0
102931,2024-10-24,CUST01879,Sunglasses,Fashion,South,Online,1,719.1,719.1
101145,2024-04-29,CUST00711,Electric Kettle,Home & Kitchen,North,Online,1,764.15,764.15
103092,2024-11-04,CUST01180,Sunscreen SPF50,Beauty & Personal Care,East,Marketplace,1,449.0,449.0
104531,2025-03-12,CUST02251,Smartwatch,Electronics,East,Marketplace,3,2999.0,8997.0
104643,2025-03-23,CUST00340,Trimmer,Beauty & Personal Care,South,Online,1,999.0,999.0
100146,2024-01-18,CUST02372,Water Bottle,Sports & Fitness,North,Online,1,296.65,296.65
106708,2025-10-17,CUST02359,Water Bottle,Sports & Fitness,East,Online,1,349.0,349.0
105056,2025-05-03,CUST01772,Resistance Bands,Sports & Fitness,North,Online,1,399.0,399.0
105971,2025-08-10,CUST00384,Blender,Home & Kitchen,North,Retail Store,1,1599.0,1599.0
106020,2025-08-15,CUST02106,Cotton T-Shirt,Fashion,West,Marketplace,1,599.0,599.0
103602,2024-12-10,CUST02484,Air Fryer,Home & Kitchen,North,Online,1,3499.0,3499.0
101507,2024-06-10,CUST00213,Electric Kettle,Home & Kitchen,East,Retail Store,1,899.0,899.0
106420,2025-09-25,CUST01933,Air Fryer,Home & Kitchen,East,Online,1,3499.0,3499.0
107321,2025-11-26,CUST02095,Hair Dryer,Beauty & Personal Care,East,Marketplace,1,1199.0,1199.0
100247,2024-01-27,CUST01592,Yoga Mat,Sports & Fitness,North,Online,1,479.2,479.2
101209,2024-05-07,CUST01439,Wireless Earbuds,Electronics,Central,Marketplace,1,1499.0,1499.0
104916,2025-04-20,CUST00185,Power Bank,Electronics,West,Marketplace,1,764.15,764.15
104819,2025-04-10,CUST00507,Denim Jacket,Fashion,West,Online,1,1999.0,1999.0
100864,2024-03-31,CUST01599,Running Shoes,Fashion,North,Retail Store,1,2499.0,2499.0
102014,2024-08-07,CUST01702,Blender,Home & Kitchen,West,Online,1,1599.0,1599.0
101385,2024-05-27,CUST02574,Yoga Mat,Sports & Fitness,North,Marketplace,1,599.0,599.0
107663,2025-12-22,CUST02292,Electric Kettle,Home & Kitchen,West,Online,1,899.0,899.0
104451,2025-03-03,CUST01947,Backpack,Fashion,West,Marketplace,1,1399.0,1399.0
105000,2025-04-27,CUST00207,Storage Containers,Home & Kitchen,East,Online,1,499.0,499.0
104370,2025-02-23,CUST01308,Blender,Home & Kitchen,North,Retail Store,2,1599.0,3198.0
103638,2024-12-13,CUST01246,Blender,Home & Kitchen,West,Online,1,1599.0,1599.0
100095,2024-01-12,CUST00953,Hair Dryer,Beauty & Personal Care,East,Online,2,1199.0,2398.0
101420,2024-05-31,CUST01956,Trimmer,Beauty & Personal Care,North,Retail Store,1,999.0,999.0
105120,2025-05-10,CUST02533,Laptop Stand,Electronics,West,Retail Store,1,799.0,799.0
102346,2024-09-09,CUST01854,Dumbbell Set,Sports & Fitness,East,Marketplace,2,2199.0,4398.0
100664,2024-03-10,CUST00572,Air Fryer,Home & Kitchen,West,Online,1,3499.0,3499.0
101681,2024-07-02,CUST01852,Backpack,Fashion,East,Retail Store,1,1399.0,1399.0
101618,2024-06-25,CUST00794,Non-stick Pan Set,Home & Kitchen,North,Marketplace,1,1299.0,1299.0
100748,2024-03-18,CUST00048,Air Fryer,Home & Kitchen,North,Online,2,3499.0,6998.0
106779,2025-10-20,CUST01600,Face Serum,Beauty & Personal Care,South,Retail Store,1,699.0,699.0
107186,2025-11-17,CUST01835,Power Bank,Electronics,West,Online,1,899.0,899.0
107367,2025-11-29,CUST00240,Yoga Mat,Sports & Fitness,South,Online,2,599.0,1198.0
102245,2024-08-31,CUST02209,Air Fryer,Home & Kitchen,South,Online,1,3499.0,3499.0
103378,2024-11-23,CUST00901,Dumbbell Set,Sports & Fitness,East,Online,1,2199.0,2199.0
105074,2025-05-05,CUST01882,Electric Kettle,Home & Kitchen,West,Online,1,899.0,899.0
101392,2024-05-27,CUST01583,Laptop Stand,Electronics,South,Retail Store,2,719.1,1438.2
105305,2025-06-02,CUST00771,Dumbbell Set,Sports & Fitness,South,Retail Store,3,2199.0,6597.0
105600,2025-07-05,CUST01920,Trimmer,Beauty & Personal Care,East,Marketplace,1,999.0,999.0
103287,2024-11-17,CUST02201,Power Bank,Electronics,Central,Online,1,899.0,899.0
102318,2024-09-07,CUST00325,Dumbbell Set,Sports & Fitness,West,Online,1,1979.1,1979.1
105873,2025-08-01,CUST01173,Resistance Bands,Sports & Fitness,West,Retail Store,1,399.0,399.0
106235,2025-09-06,CUST01402,Power Bank,Electronics,Central,Retail Store,1,899.0,899.0
103144,2024-11-08,CUST00174,Trimmer,Beauty & Personal Care,East,Marketplace,1,999.0,999.0
102970,2024-10-26,CUST01137,Yoga Mat,Sports & Fitness,East,Online,1,599.0,599.0
105400,2025-06-12,CUST00053,Yoga Mat,Sports & Fitness,North,Online,1,599.0,599.0
101011,2024-04-14,CUST00866,Resistance Bands,Sports & Fitness,South,Retail Store,1,339.15,339.15
101527,2024-06-13,CUST00007,Running Shoes,Fashion,East,Online,1,2499.0,2499.0
101168,2024-05-03,CUST02163,Wireless Earbuds,Electronics,South,Marketplace,1,1499.0,1499.0
103807,2024-12-26,CUST01341,Backpack,Fashion,North,Online,1,1399.0,1399.0
102425,2024-09-16,CUST01969,Sunscreen SPF50,Beauty & Personal Care,Central,Online,1,404.1,404.1
103029,2024-10-31,CUST01653,Laptop Stand,Electronics,South,Online,2,679.15,1358.3
106999,2025-11-04,CUST01368,Resistance Bands,Sports & Fitness,East,Online,2,399.0,798.0
103257,2024-11-15,CUST00185,Air Fryer,Home & Kitchen,North,Online,1,3499.0,3499.0
104726,2025-03-30,CUST02128,Face Serum,Beauty & Personal Care,Central,Online,1,699.0,699.0
107233,2025-11-20,CUST00953,Running Shoes,Fashion,South,Online,1,2499.0,2499.0
100988,2024-04-13,CUST02081,Water Bottle,Sports & Fitness,Central,Retail Store,1,296.65,296.65
100906,2024-04-04,CUST02090,Wireless Earbuds,Electronics,West,Marketplace,1,1499.0,1499.0
101978,2024-08-03,CUST02229,Smartwatch,Electronics,North,Online,1,2999.0,2999.0
101550,2024-06-16,CUST02522,Air Fryer,Home & Kitchen,South,Online,1,3499.0,3499.0
103391,2024-11-23,CUST01240,Electric Kettle,Home & Kitchen,South,Online,1,764.15,764.15
102484,2024-09-21,CUST00099,Denim Jacket,Fashion,North,Online,1,1999.0,1999.0
102856,2024-10-19,CUST01254,Face Serum,Beauty & Personal Care,East,Online,1,699.0,699.0
106641,2025-10-12,CUST00117,Laptop Stand,Electronics,Central,Retail Store,1,719.1,719.1
105027,2025-04-30,CUST01263,Hair Dryer,Beauty & Personal Care,Central,Online,1,1199.0,1199.0
107763,2025-12-29,CUST02128,Electric Kettle,Home & Kitchen,South,Retail Store,1,764.15,764.15
106202,2025-09-03,CUST01105,Sunglasses,Fashion,East,Retail Store,1,799.0,799.0
102906,2024-10-23,CUST00008,Sunglasses,FASHION,North,Online,1,799.0,799.0
104248,2025-02-09,CUST00697,Sunscreen SPF50,Beauty & Personal Care,North,Online,1,404.1,404.1
100471,2024-02-20,CUST00708,Running Shoes,Fashion,South,Online,1,2499.0,2499.0
102999,2024-10-28,CUST00847,Cotton T-Shirt,Fashion,South,Retail Store,1,599.0,599.0
106600,2025-10-08,CUST02149,Wireless Earbuds,Electronics,South,Online,2,1499.0,2998.0
105530,2025-06-28,CUST01289,Non-stick Pan Set,Home & Kitchen,West,Retail Store,1,1299.0,1299.0
101223,2024-05-08,CUST00027,Trimmer,Beauty & Personal Care,South,Online,1,999.0,999.0
104123,2025-01-26,CUST01881,Electric Kettle,Home & Kitchen,Central,Retail Store,2,899.0,1798.0
101498,2024-06-09,CUST02075,Power Bank,Electronics,West,Online,1,899.0,899.0
102291,2024-09-05,CUST01051,Bluetooth Speaker,Electronics,South,Marketplace,1,1614.15,1614.15
106447,2025-09-28,CUST02006,Running Shoes,Fashion,North,Online,1,2499.0,2499.0
107426,2025-12-03,CUST02372,Wireless Earbuds,Electronics,North,Online,2,1499.0,2998.0
103666,2024-12-15,CUST00689,Running Shoes,Fashion,South,Online,1,2499.0,2499.0
105088,2025-05-07,CUST02529,Trimmer,Beauty & Personal Care,North,Marketplace,1,999.0,999.0
107736,2025-12-27,CUST01276,Non-stick Pan Set,Home & Kitchen,East,Online,1,1299.0,1299.0
102369,2024-09-12,CUST01961,Air Fryer,Home & Kitchen,South,Online,1,3499.0,3499.0
107086,2025-11-10,CUST00609,USB-C Cable,ELECTRONICS,South,Online,1,249.0,249.0
106087,2025-08-22,CUST01347,Yoga Mat,Sports & Fitness,South,Online,1,599.0,599.0
104484,2025-03-07,CUST00914,Non-stick Pan Set,Home & Kitchen,West,Online,1,1299.0,1299.0
100916,2024-04-06,CUST01659,Air Fryer,Home & Kitchen,South,Online,1,2974.15,2974.15
106827,2025-10-24,CUST00196,USB-C Cable,Electronics,Central,Online,1,249.0,249.0
106609,2025-10-09,CUST00633,Air Fryer,Home & Kitchen,South,Retail Store,1,3499.0,3499.0
107514,2025-12-08,CUST01065,Trimmer,Beauty & Personal Care,North,Retail Store,1,999.0,999.0
102622,2024-10-04,CUST01081,Non-stick Pan Set,Home & Kitchen,East,Retail Store,1,1299.0,1299.0
104584,2025-03-17,CUST01690,Water Bottle,Sports & Fitness,South,Online,1,349.0,349.0
100741,2024-03-17,CUST01534,Trimmer,Beauty & Personal Care,West,Online,1,999.0,999.0
100130,2024-01-15,CUST00839,Laptop Stand,Electronics,South,Online,1,799.0,799.0
104640,2025-03-23,CUST00617,Face Serum,BEAUTY & PERSONAL CARE,East,Online,1,699.0,699.0
105089,2025-05-07,CUST01062,Power Bank,Electronics,South,Retail Store,1,899.0,899.0
102994,2024-10-28,CUST02196,Air Fryer,Home & Kitchen,West,Online,1,3499.0,3499.0
103390,2024-11-23,CUST01958,Resistance Bands,Sports & Fitness,South,Online,2,399.0,798.0
104907,2025-04-19,CUST01927,Storage Containers,Home & Kitchen,North,Retail Store,1,499.0,499.0
102681,2024-10-07,CUST00528,Trimmer,Beauty & Personal Care,North,Online,2,999.0,1998.0
104212,2025-02-05,CUST01437,Storage Containers,Home & Kitchen,South,Retail Store,1,499.0,499.0
104054,2025-01-19,CUST01910,Water Bottle,Sports & Fitness,North,Online,3,349.0,1047.0
102407,2024-09-15,CUST01375,Denim Jacket,Fashion,North,Online,2,1599.2,3198.4
103362,2024-11-21,CUST02251,Cotton T-Shirt,Fashion,West,Online,1,599.0,599.0
101142,2024-04-29,CUST02251,Backpack,Fashion,South,Online,1,1399.0,1399.0
103567,2024-12-07,CUST01881,Water Bottle,Sports & Fitness,South,Online,2,296.65,593.3
100843,2024-03-30,CUST01150,Cotton T-Shirt,Fashion,South,Retail Store,1,599.0,599.0
100832,2024-03-28,CUST01076,Water Bottle,Sports & Fitness,West,Marketplace,1,349.0,349.0
101018,2024-04-16,CUST02512,Bluetooth Speaker,Electronics,East,Online,2,1899.0,3798.0
107721,2025-12-27,CUST02464,Cotton T-Shirt,Fashion,West,Online,1,539.1,539.1
103751,2024-12-22,CUST00631,Air Fryer,Home & Kitchen,North,Online,1,3499.0,3499.0
100841,2024-03-29,CUST00390,Backpack,Fashion,East,Retail Store,1,1189.15,1189.15
105560,2025-07-01,CUST01774,Sunscreen SPF50,Beauty & Personal Care,North,Marketplace,1,449.0,449.0
103301,2024-11-17,CUST01644,Electric Kettle,Home & Kitchen,West,Online,1,899.0,899.0
101230,2024-05-09,CUST00247,Blender,Home & Kitchen,,Retail Store,1,1439.1,1439.1
106437,2025-09-27,CUST02176,Wireless Earbuds,Electronics,North,Online,1,1499.0,1499.0
106517,2025-10-03,CUST00739,Smartwatch,Electronics,West,Online,1,2999.0,2999.0
102005,2024-08-06,CUST01962,Wireless Earbuds,Electronics,North,Online,1,1499.0,1499.0
100193,2024-01-22,CUST02056,Backpack,Fashion,South,Marketplace,1,1399.0,1399.0
103030,2024-10-31,CUST01253,Bluetooth Speaker,Electronics,North,Retail Store,1,1899.0,1899.0
102569,2024-09-30,CUST02080,Dumbbell Set,Sports & Fitness,South,Marketplace,1,2199.0,2199.0
101214,2024-05-07,CUST02501,Bluetooth Speaker,Electronics,Central,Online,1,1899.0,1899.0
103453,2024-11-27,CUST02406,Cotton T-Shirt,Fashion,North,Online,1,539.1,539.1
101180,2024-05-04,CUST02329,Dumbbell Set,Sports & Fitness,West,Marketplace,1,2199.0,2199.0
100537,2024-02-26,CUST00415,Power Bank,ELECTRONICS,East,Online,1,899.0,899.0
106728,2025-10-18,CUST00071,Denim Jacket,Fashion,Central,Online,1,1999.0,1999.0
100786,2024-03-23,CUST00631,Water Bottle,Sports & Fitness,South,Marketplace,1,349.0,349.0
102532,2024-09-26,CUST02323,Smartwatch,Electronics,South,Retail Store,2,2999.0,5998.0
107719,2025-12-27,CUST00335,Cotton T-Shirt,Fashion,West,Marketplace,1,599.0,599.0
101052,2024-04-20,CUST00173,Face Serum,Beauty & Personal Care,North,Retail Store,1,559.2,559.2
102344,2024-09-09,CUST01971,Sunglasses,Fashion,West,Marketplace,1,799.0,799.0
106021,2025-08-15,CUST00600,Running Shoes,Fashion,South,Retail Store,1,2499.0,2499.0
104536,2025-03-13,CUST01549,Backpack,Fashion,East,Online,1,1399.0,1399.0
105277,2025-05-29,CUST01132,Backpack,Fashion,North,Retail Store,1,1259.1,1259.1
103321,2024-11-19,CUST00508,Electric Kettle,Home & Kitchen,Central,Retail Store,1,899.0,899.0
107348,2025-11-28,CUST02032,Trimmer,Beauty & Personal Care,South,Retail Store,2,999.0,1998.0
107318,2025-11-26,CUST01789,Sunglasses,Fashion,West,Retail Store,1,799.0,799.0
102739,2024-10-11,CUST01927,Storage Containers,Home & Kitchen,North,Retail Store,1,424.15,424.15
104644,2025-03-23,CUST02058,Cotton T-Shirt,Fashion,North,Marketplace,1,599.0,599.0
101590,2024-06-22,CUST01639,Hair Dryer,Beauty & Personal Care,East,Online,2,1199.0,2398.0
107402,2025-12-01,CUST00479,Yoga Mat,Sports & Fitness,North,Marketplace,1,599.0,599.0
103418,2024-11-25,CUST02080,Yoga Mat,Sports & Fitness,East,Online,3,599.0,1797.0
103358,2024-11-21,CUST01762,Electric Kettle,Home & Kitchen,South,Retail Store,1,899.0,899.0
103208,2024-11-11,CUST00498,Dumbbell Set,Sports & Fitness,East,Retail Store,1,2199.0,2199.0
102956,2024-10-25,CUST02506,Power Bank,Electronics,North,Online,1,899.0,899.0
104245,2025-02-09,CUST01459,Wireless Earbuds,Electronics,North,Online,1,1499.0,1499.0
104632,2025-03-22,CUST01973,Bluetooth Speaker,ELECTRONICS,South,Marketplace,1,1709.1,1709.1
106911,2025-10-29,CUST00643,Hair Dryer,Beauty & Personal Care,Central,Marketplace,1,1199.0,1199.0
105203,2025-05-20,CUST00330,Bluetooth Speaker,Electronics,East,Marketplace,1,1614.15,1614.15
100861,2024-03-31,CUST00799,Laptop Stand,Electronics,South,Retail Store,1,679.15,679.15
101236,2024-05-10,CUST02529,Dumbbell Set,Sports & Fitness,Central,Online,1,2199.0,2199.0
102137,2024-08-19,CUST00803,Face Serum,Beauty & Personal Care,Central,Online,1,594.15,594.15
101819,2024-07-17,CUST02202,Bluetooth Speaker,Electronics,West,Online,1,1899.0,1899.0
102889,2024-10-22,CUST01109,Sunscreen SPF50,Beauty & Personal Care,North,Online,1,359.2,359.2
101335,2024-05-21,CUST02201,Resistance Bands,Sports & Fitness,East,Online,1,399.0,399.0
103445,2024-11-27,CUST00448,Cotton T-Shirt,Fashion,Central,Marketplace,3,539.1,1617.3
102605,2024-10-03,CUST01937,Hair Dryer,Beauty & Personal Care,North,Retail Store,1,1019.15,1019.15
107350,2025-11-28,CUST01303,Water Bottle,Sports & Fitness,West,Retail Store,1,349.0,349.0
100428,2024-02-16,CUST00133,USB-C Cable,Electronics,Central,Marketplace,1,249.0,249.0
101754,2024-07-12,CUST02197,Smartwatch,Electronics,East,Online,1,2399.2,2399.2
100390,2024-02-12,CUST01954,Face Serum,Beauty & Personal Care,East,Retail Store,2,699.0,1398.0
100617,2024-03-05,CUST01991,Smartwatch,Electronics,West,Online,1,2549.15,2549.15
100718,2024-03-15,CUST02051,Hair Dryer,Beauty & Personal Care,East,Retail Store,3,1199.0,3597.0
102698,2024-10-08,CUST00801,Running Shoes,Fashion,North,Marketplace,1,2499.0,2499.0
100373,2024-02-10,CUST01108,Resistance Bands,Sports & Fitness,South,Online,1,399.0,399.0
101226,2024-05-08,CUST02097,Trimmer,Beauty & Personal Care,Central,Online,1,999.0,999.0
101277,2024-05-15,CUST01684,Running Shoes,Fashion,West,Online,1,2499.0,2499.0
104292,2025-02-14,CUST01751,Non-stick Pan Set,Home & Kitchen,East,Online,1,1299.0,1299.0
100319,2024-02-02,CUST01966,Power Bank,Electronics,West,Marketplace,1,899.0,899.0
102922,2024-10-24,CUST02269,Air Fryer,Home & Kitchen,South,Online,1,3499.0,3499.0
100005,2024-01-01,CUST01221,Smartwatch,Electronics,North,Online,1,2999.0,2999.0
103262,2024-11-15,CUST00487,USB-C Cable,Electronics,West,Online,1,249.0,249.0
103167,2024-11-09,CUST00021,Laptop Stand,Electronics,North,Online,3,799.0,2397.0
100688,2024-03-12,CUST00883,Hair Dryer,Beauty & Personal Care,North,Retail Store,1,1019.15,1019.15
107582,2025-12-14,CUST01515,Denim Jacket,Fashion,North,Marketplace,2,1999.0,3998.0
106365,2025-09-20,CUST02372,Bluetooth Speaker,Electronics,North,Marketplace,1,1899.0,1899.0
104464,2025-03-05,CUST01569,Bluetooth Speaker,Electronics,,Online,1,1899.0,1899.0
102417,2024-09-15,CUST02088,Smartwatch,Electronics,South,Online,2,2999.0,5998.0
104880,2025-04-16,CUST01827,Water Bottle,Sports & Fitness,South,Online,2,349.0,698.0
104127,2025-01-26,CUST02263,Electric Kettle,Home & Kitchen,West,Online,2,899.0,1798.0
107060,2025-11-09,CUST00142,Laptop Stand,Electronics,East,Online,1,799.0,799.0
105875,2025-08-01,CUST00511,Trimmer,Beauty & Personal Care,West,Marketplace,1,899.1,899.1
100360,2024-02-08,CUST00556,Air Fryer,Home & Kitchen,Central,Online,1,3499.0,3499.0
104236,2025-02-08,CUST02340,Non-stick Pan Set,Home & Kitchen,South,Online,1,1299.0,1299.0
107168,2025-11-15,CUST02575,Storage Containers,Home & Kitchen,South,Online,3,424.15,1272.45
101875,2024-07-22,CUST01784,Yoga Mat,Sports & Fitness,South,Marketplace,3,539.1,1617.3
100975,2024-04-11,CUST00212,Sunscreen SPF50,Beauty & Personal Care,South,Online,2,449.0,898.0
100666,2024-03-10,CUST00843,Running Shoes,Fashion,East,Online,1,2499.0,2499.0
101422,2024-05-31,CUST00533,Water Bottle,Sports & Fitness,East,Marketplace,2,349.0,698.0
106943,2025-10-31,CUST00499,Yoga Mat,Sports & Fitness,North,Online,1,599.0,599.0
102220,2024-08-28,CUST00913,Non-stick Pan Set,Home & Kitchen,North,Online,1,1299.0,1299.0
105986,2025-08-12,CUST01067,Face Serum,Beauty & Personal Care,South,Online,1,699.0,699.0
105036,2025-05-01,CUST01425,Water Bottle,Sports & Fitness,South,Online,2,349.0,698.0
101041,2024-04-18,CUST00395,Trimmer,Beauty & Personal Care,North,Marketplace,1,999.0,999.0
106124,2025-08-26,CUST01724,Storage Containers,Home & Kitchen,West,Retail Store,1,449.1,449.1
107019,2025-11-06,CUST00365,Hair Dryer,Beauty & Personal Care,South,Marketplace,2,1199.0,2398.0
101986,2024-08-04,CUST00870,Dumbbell Set,Sports & Fitness,East,Online,3,1979.1,5937.3
100722,2024-03-16,CUST00306,Resistance Bands,Sports & Fitness,Central,Online,1,399.0,399.0
102984,2024-10-27,CUST01889,Trimmer,Beauty & Personal Care,South,Marketplace,1,999.0,999.0
107397,2025-12-01,CUST00992,Cotton T-Shirt,Fashion,North,Online,1,599.0,599.0
102947,2024-10-25,CUST00828,Sunscreen SPF50,Beauty & Personal Care,East,Retail Store,1,449.0,449.0
106361,2025-09-19,CUST00353,Laptop Stand,Electronics,South,Retail Store,1,799.0,799.0
102887,2024-10-21,CUST01618,Sunglasses,Fashion,South,Retail Store,2,799.0,1598.0
100740,2024-03-17,CUST02585,Running Shoes,Fashion,East,Online,1,2499.0,2499.0
106060,2025-08-19,CUST02084,Smartwatch,Electronics,North,Online,3,2699.1,8097.3
100730,2024-03-16,CUST00999,Cotton T-Shirt,Fashion,West,Online,1,539.1,539.1
100922,2024-04-06,CUST01514,Hair Dryer,Beauty & Personal Care,South,Online,1,1199.0,1199.0
107522,2025-12-09,CUST00449,Power Bank,Electronics,Central,Online,1,899.0,899.0
103284,2024-11-17,CUST00575,Storage Containers,Home & Kitchen,West,Online,1,449.1,449.1
101210,2024-05-07,CUST00262,Backpack,Fashion,East,Retail Store,1,1399.0,1399.0
100934,2024-04-07,CUST01896,Blender,Home & Kitchen,South,Online,1,1439.1,1439.1
100442,2024-02-18,CUST00108,Cotton T-Shirt,Fashion,North,Retail Store,3,599.0,1797.0
103324,2024-11-19,CUST01002,Non-stick Pan Set,Home & Kitchen,North,Online,1,1299.0,1299.0
107671,2025-12-23,CUST00842,Hair Dryer,Beauty & Personal Care,South,Online,1,1199.0,1199.0
101095,2024-04-25,CUST02482,Water Bottle,Sports & Fitness,West,Online,1,314.1,314.1
103045,2024-11-01,CUST01477,Resistance Bands,Sports & Fitness,South,Retail Store,1,399.0,399.0
105662,2025-07-11,CUST01120,Denim Jacket,Fashion,West,Marketplace,1,1999.0,1999.0
105644,2025-07-08,CUST01737,Resistance Bands,Sports & Fitness,North,Marketplace,1,399.0,399.0
106211,2025-09-05,CUST02117,Smartwatch,Electronics,South,Retail Store,1,2699.1,2699.1
100427,2024-02-16,CUST02087,Sunscreen SPF50,Beauty & Personal Care,North,Retail Store,2,449.0,898.0
104254,2025-02-10,CUST00455,Storage Containers,Home & Kitchen,South,Online,1,449.1,449.1
101464,2024-06-06,CUST01616,Air Fryer,Home & Kitchen,North,Retail Store,1,3499.0,3499.0
104379,2025-02-24,CUST00623,Resistance Bands,Sports & Fitness,North,Marketplace,1,399.0,399.0
105200,2025-05-19,CUST00217,Cotton T-Shirt,Fashion,South,Online,2,599.0,1198.0
101705,2024-07-06,CUST01394,Non-stick Pan Set,Home & Kitchen,North,Online,1,1299.0,1299.0
102453,2024-09-18,CUST02385,USB-C Cable,Electronics,Central,Marketplace,1,249.0,249.0
106750,2025-10-19,CUST01945,Sunscreen SPF50,Beauty & Personal Care,East,Online,1,449.0,449.0
100464,2024-02-19,CUST02466,Power Bank,Electronics,South,Marketplace,3,764.15,2292.45
105336,2025-06-05,CUST01487,Blender,Home & Kitchen,West,Marketplace,1,1599.0,1599.0
102781,2024-10-13,CUST01847,Resistance Bands,Sports & Fitness,West,Online,1,319.2,319.2
101626,2024-06-26,CUST01698,Sunscreen SPF50,Beauty & Personal Care,East,Online,2,449.0,898.0
100453,2024-02-18,CUST02494,Dumbbell Set,Sports & Fitness,South,Marketplace,1,2199.0,2199.0
104372,2025-02-23,CUST00422,Electric Kettle,Home & Kitchen,Central,Retail Store,2,899.0,1798.0
103497,2024-11-30,CUST00789,Trimmer,Beauty & Personal Care,West,Retail Store,2,999.0,1998.0
103706,2024-12-18,CUST01146,Sunglasses,Fashion,East,Online,1,719.1,719.1
107399,2025-12-01,CUST02404,Wireless Earbuds,Electronics,East,Online,1,1499.0,1499.0
102342,2024-09-09,CUST01944,Sunglasses,Fashion,West,Marketplace,1,799.0,799.0
107127,2025-11-13,CUST01808,Resistance Bands,Sports & Fitness,South,Online,1,399.0,399.0
106475,2025-09-30,CUST00650,Air Fryer,Home & Kitchen,East,Marketplace,1,3499.0,3499.0
106443,2025-09-27,CUST02015,Power Bank,Electronics,West,Online,1,899.0,899.0
105378,2025-06-09,CUST02368,Air Fryer,Home & Kitchen,North,Online,1,3499.0,3499.0
106924,2025-10-30,CUST00408,Wireless Earbuds,Electronics,North,Online,1,1499.0,1499.0
103499,2024-11-30,CUST01377,Wireless Earbuds,Electronics,Central,Online,2,1499.0,2998.0
107361,2025-11-29,CUST00632,Power Bank,Electronics,South,Online,1,899.0,899.0
106877,2025-10-27,CUST01669,Storage Containers,HOME & KITCHEN,South,Online,1,499.0,499.0
104317,2025-02-17,CUST01176,Storage Containers,Home & Kitchen,North,Online,1,399.2,399.2
100406,2024-02-14,CUST01242,Air Fryer,HOME & KITCHEN,Central,Retail Store,1,3499.0,3499.0
100189,2024-01-21,CUST01982,Laptop Stand,Electronics,South,Online,1,799.0,799.0
105017,2025-04-28,CUST01830,USB-C Cable,Electronics,East,Online,1,249.0,249.0
102422,2024-09-15,CUST00591,Water Bottle,Sports & Fitness,South,Online,2,349.0,698.0
103954,2025-01-10,CUST00893,Water Bottle,Sports & Fitness,West,Online,3,314.1,942.3
104432,2025-03-01,CUST00739,Dumbbell Set,Sports & Fitness,North,Marketplace,1,2199.0,2199.0
105310,2025-06-02,CUST01912,Air Fryer,Home & Kitchen,East,Online,1,3499.0,3499.0
106973,2025-11-02,CUST02590,Storage Containers,Home & Kitchen,South,Marketplace,2,499.0,998.0
100399,2024-02-12,CUST00205,Sunscreen SPF50,Beauty & Personal Care,South,Online,1,449.0,449.0
103356,2024-11-21,CUST01720,Storage Containers,Home & Kitchen,East,Marketplace,1,499.0,499.0
104084,2025-01-22,CUST01567,Face Serum,Beauty & Personal Care,East,Online,1,699.0,699.0
107203,2025-11-18,CUST01401,Hair Dryer,Beauty & Personal Care,South,Online,1,1199.0,1199.0
100136,2024-01-16,CUST02078,Running Shoes,Fashion,East,Online,1,2499.0,2499.0
103397,2024-11-23,CUST00414,Dumbbell Set,Sports & Fitness,East,Online,1,2199.0,2199.0
101699,2024-07-06,CUST00829,Running Shoes,Fashion,West,Online,1,2499.0,2499.0
104662,2025-03-25,CUST00064,Cotton T-Shirt,Fashion,North,Online,1,599.0,599.0
106287,2025-09-11,CUST00793,Storage Containers,Home & Kitchen,South,Marketplace,2,424.15,848.3
106907,2025-10-29,CUST02069,Sunscreen SPF50,Beauty & Personal Care,West,Retail Store,1,449.0,449.0
107094,2025-11-11,CUST00779,Blender,Home & Kitchen,West,Marketplace,2,1599.0,3198.0
102615,2024-10-03,CUST02065,Power Bank,Electronics,West,Marketplace,2,899.0,1798.0
105988,2025-08-12,CUST02394,Yoga Mat,Sports & Fitness,North,Marketplace,1,599.0,599.0
107637,2025-12-20,CUST00883,Cotton T-Shirt,Fashion,South,Marketplace,1,599.0,599.0
105398,2025-06-12,CUST00455,Face Serum,Beauty & Personal Care,South,Online,2,559.2,1118.4
101499,2024-06-10,CUST01541,Blender,Home & Kitchen,South,Retail Store,1,1599.0,1599.0
106303,2025-09-13,CUST00266,Cotton T-Shirt,Fashion,South,Marketplace,3,599.0,1797.0
101652,2024-06-29,CUST00652,Air Fryer,Home & Kitchen,East,Marketplace,1,3499.0,3499.0
100808,2024-03-25,CUST01976,Electric Kettle,Home & Kitchen,West,Marketplace,1,899.0,899.0
100751,2024-03-18,CUST00178,Water Bottle,Sports & Fitness,East,Online,2,349.0,698.0
106117,2025-08-25,CUST00510,Backpack,Fashion,Central,Marketplace,1,1399.0,1399.0
102335,2024-09-08,CUST00461,Bluetooth Speaker,Electronics,North,Online,1,1899.0,1899.0
105368,2025-06-08,CUST00391,Resistance Bands,Sports & Fitness,South,Retail Store,1,399.0,399.0
106773,2025-10-20,CUST02047,Power Bank,Electronics,Central,Online,1,719.2,719.2
102409,2024-09-15,CUST01812,Power Bank,Electronics,Central,Online,1,899.0,899.0
107125,2025-11-13,CUST00477,Electric Kettle,Home & Kitchen,West,Marketplace,1,899.0,899.0
106982,2025-11-03,CUST01119,Running Shoes,Fashion,East,Online,2,2499.0,4998.0
100308,2024-02-01,CUST02189,Sunscreen SPF50,Beauty & Personal Care,South,Retail Store,2,449.0,898.0
107033,2025-11-07,CUST00642,Non-stick Pan Set,Home & Kitchen,East,Marketplace,1,1299.0,1299.0
105321,2025-06-03,CUST01391,Face Serum,Beauty & Personal Care,South,Online,1,699.0,699.0
105241,2025-05-24,CUST01842,Resistance Bands,Sports & Fitness,South,Marketplace,1,359.1,359.1
106277,2025-09-11,CUST02023,Denim Jacket,Fashion,North,Online,2,1999.0,3998.0
104238,2025-02-08,CUST02173,Laptop Stand,Electronics,South,Marketplace,3,639.2,1917.6
101815,2024-07-17,CUST01113,Cotton T-Shirt,Fashion,South,Marketplace,2,539.1,1078.2
104397,2025-02-25,CUST00496,Storage Containers,Home & Kitchen,South,Online,2,499.0,998.0
101339,2024-05-21,CUST00883,Face Serum,Beauty & Personal Care,Central,Online,1,699.0,699.0
102853,2024-10-19,CUST00300,Backpack,FASHION,South,Online,1,1259.1,1259.1
105016,2025-04-28,CUST00713,Hair Dryer,Beauty & Personal Care,West,Marketplace,3,1079.1,3237.3
101437,2024-06-02,CUST01770,Face Serum,Beauty & Personal Care,West,Online,1,699.0,699.0
101241,2024-05-11,CUST01564,Water Bottle,Sports & Fitness,West,Online,1,349.0,349.0
102306,2024-09-06,CUST00194,Cotton T-Shirt,Fashion,North,Marketplace,1,599.0,599.0
100980,2024-04-12,CUST00451,Yoga Mat,Sports & Fitness,East,Online,1,599.0,599.0
105973,2025-08-11,CUST01628,Face Serum,Beauty & Personal Care,North,Retail Store,1,699.0,699.0
100729,2024-03-16,CUST00086,Face Serum,Beauty & Personal Care,West,Retail Store,1,699.0,699.0
104602,2025-03-18,CUST01232,Face Serum,Beauty & Personal Care,East,Online,1,699.0,699.0
102817,2024-10-16,CUST01701,Laptop Stand,Electronics,North,Retail Store,1,799.0,799.0
104190,2025-02-02,CUST01330,Blender,Home & Kitchen,South,Marketplace,1,1599.0,1599.0
104765,2025-04-04,CUST02134,USB-C Cable,Electronics,East,Online,1,249.0,249.0
104374,2025-02-23,CUST02299,Sunscreen SPF50,Beauty & Personal Care,West,Retail Store,1,449.0,449.0
107269,2025-11-22,CUST00329,Power Bank,Electronics,West,Online,1,899.0,899.0
106889,2025-10-28,CUST00898,Bluetooth Speaker,Electronics,South,Online,2,1519.2,3038.4
100090,2024-01-10,CUST00809,Storage Containers,Home & Kitchen,West,Retail Store,1,499.0,499.0
101803,2024-07-16,CUST02273,Non-stick Pan Set,Home & Kitchen,West,Online,1,1299.0,1299.0
101391,2024-05-27,CUST00508,Dumbbell Set,Sports & Fitness,Central,Online,1,2199.0,2199.0
106972,2025-11-02,CUST02080,Running Shoes,Fashion,,Online,1,2499.0,2499.0
104679,2025-03-26,CUST01307,Air Fryer,Home & Kitchen,North,Marketplace,1,2974.15,2974.15
106260,2025-09-09,CUST00018,Storage Containers,Home & Kitchen,North,Marketplace,1,499.0,499.0
106461,2025-09-29,CUST02256,Non-stick Pan Set,Home & Kitchen,West,Online,1,1299.0,1299.0
103515,2024-12-01,CUST01449,Storage Containers,Home & Kitchen,East,Marketplace,3,499.0,1497.0
100505,2024-02-23,CUST00579,Yoga Mat,Sports & Fitness,West,Online,1,599.0,599.0
105672,2025-07-12,CUST00699,Bluetooth Speaker,Electronics,South,Retail Store,1,1899.0,1899.0
106120,2025-08-25,CUST02311,Power Bank,Electronics,West,Retail Store,1,899.0,899.0
100086,2024-01-09,CUST01353,Hair Dryer,Beauty & Personal Care,West,Online,2,1199.0,2398.0
106037,2025-08-17,CUST02446,Trimmer,Beauty & Personal Care,North,Online,2,999.0,1998.0
102493,2024-09-22,CUST00355,Air Fryer,Home & Kitchen,East,Online,1,3499.0,3499.0
101569,2024-06-18,CUST02551,Dumbbell Set,Sports & Fitness,Central,Retail Store,1,1759.2,1759.2
102811,2024-10-16,CUST00741,Hair Dryer,Beauty & Personal Care,South,Retail Store,1,1199.0,1199.0
106127,2025-08-26,CUST00645,Water Bottle,Sports & Fitness,North,Online,2,349.0,698.0
105358,2025-06-08,CUST01805,Cotton T-Shirt,Fashion,East,Online,2,509.15,1018.3
104069,2025-01-21,CUST00242,Denim Jacket,Fashion,West,Online,1,1999.0,1999.0
106318,2025-09-14,CUST01428,Dumbbell Set,Sports & Fitness,North,Marketplace,1,2199.0,2199.0
105585,2025-07-04,CUST02027,Sunglasses,Fashion,East,Online,1,719.1,719.1
100509,2024-02-23,CUST02521,Sunglasses,Fashion,North,Retail Store,1,799.0,799.0
100315,2024-02-02,CUST00471,Backpack,Fashion,North,Online,1,1399.0,1399.0
101985,2024-08-04,CUST01371,Hair Dryer,Beauty & Personal Care,East,Retail Store,1,1199.0,1199.0
101555,2024-06-17,CUST01290,Bluetooth Speaker,Electronics,East,Online,1,1899.0,1899.0
106869,2025-10-26,CUST00843,Storage Containers,Home & Kitchen,North,Marketplace,2,499.0,998.0
101697,2024-07-05,CUST00430,Hair Dryer,Beauty & Personal Care,South,Online,1,1199.0,1199.0
107450,2025-12-04,CUST00257,Backpack,Fashion,North,Online,2,1399.0,2798.0
105642,2025-07-08,CUST00512,Wireless Earbuds,Electronics,South,Marketplace,2,1499.0,2998.0
106823,2025-10-24,CUST01693,Air Fryer,Home & Kitchen,East,Online,1,3499.0,3499.0
100334,2024-02-04,CUST02019,Sunglasses,Fashion,West,Retail Store,1,799.0,799.0
106836,2025-10-25,CUST00355,Running Shoes,Fashion,South,Online,1,2499.0,2499.0
101683,2024-07-02,CUST02314,Resistance Bands,Sports & Fitness,South,Online,1,399.0,399.0
104867,2025-04-14,CUST00146,Non-stick Pan Set,HOME & KITCHEN,Central,Online,1,1299.0,1299.0
102745,2024-10-11,CUST00463,Smartwatch,Electronics,East,Online,1,2549.15,2549.15
107134,2025-11-13,CUST01402,Laptop Stand,Electronics,North,Marketplace,1,799.0,799.0
107336,2025-11-27,CUST01051,Water Bottle,Sports & Fitness,East,Online,2,349.0,698.0
105802,2025-07-25,CUST01863,Electric Kettle,Home & Kitchen,East,Retail Store,2,899.0,1798.0
102334,2024-09-08,CUST02588,Yoga Mat,Sports & Fitness,South,Online,1,599.0,599.0
102135,2024-08-19,CUST01732,Air Fryer,Home & Kitchen,North,Retail Store,1,3499.0,3499.0
106115,2025-08-25,CUST01072,Cotton T-Shirt,Fashion,South,Marketplace,2,599.0,1198.0
101183,2024-05-04,CUST00363,Non-stick Pan Set,Home & Kitchen,South,Online,1,1299.0,1299.0
104056,2025-01-20,CUST01942,Yoga Mat,Sports & Fitness,East,Marketplace,1,599.0,599.0
105319,2025-06-03,CUST00600,Sunscreen SPF50,Beauty & Personal Care,East,Online,1,381.65,381.65
100684,2024-03-11,CUST01124,USB-C Cable,Electronics,North,Marketplace,1,249.0,249.0
100957,2024-04-09,CUST00961,Cotton T-Shirt,Fashion,North,Marketplace,1,599.0,599.0
105970,2025-08-10,CUST01272,Non-stick Pan Set,Home & Kitchen,West,Online,1,1299.0,1299.0
102763,2024-10-12,CUST00704,Wireless Earbuds,Electronics,West,Retail Store,1,1499.0,1499.0
101901,2024-07-26,CUST01610,Cotton T-Shirt,Fashion,West,Online,1,479.2,479.2
105183,2025-05-17,CUST02342,Dumbbell Set,Sports & Fitness,South,Online,3,2199.0,6597.0
101876,2024-07-22,CUST00631,Running Shoes,Fashion,West,Online,2,2499.0,4998.0
101902,2024-07-26,CUST01304,Electric Kettle,Home & Kitchen,South,Online,1,899.0,899.0
100640,2024-03-07,CUST01898,Blender,Home & Kitchen,West,Marketplace,1,1599.0,1599.0
100306,2024-02-01,CUST01358,Storage Containers,Home & Kitchen,West,Online,1,499.0,499.0
101715,2024-07-07,CUST00269,Trimmer,Beauty & Personal Care,North,Retail Store,2,999.0,1998.0
107226,2025-11-19,CUST02153,Running Shoes,Fashion,West,Marketplace,3,2499.0,7497.0
101408,2024-05-29,CUST01815,Sunscreen SPF50,Beauty & Personal Care,North,Marketplace,1,449.0,449.0
101327,2024-05-20,CUST00870,Power Bank,Electronics,South,Marketplace,1,899.0,899.0
105194,2025-05-18,CUST00548,Running Shoes,Fashion,North,Online,1,2499.0,2499.0
100232,2024-01-25,CUST01086,Power Bank,Electronics,North,Retail Store,2,899.0,1798.0
102784,2024-10-14,CUST00982,Water Bottle,Sports & Fitness,South,Online,2,349.0,698.0
102093,2024-08-16,CUST00526,Blender,Home & Kitchen,North,Online,1,1359.15,1359.15
100180,2024-01-21,CUST01704,Power Bank,Electronics,East,Online,1,899.0,899.0
101788,2024-07-14,CUST01965,Denim Jacket,Fashion,East,Online,1,1799.1,1799.1
107530,2025-12-10,CUST00657,Non-stick Pan Set,Home & Kitchen,East,Marketplace,1,1039.2,1039.2
102709,2024-10-09,CUST00755,Water Bottle,Sports & Fitness,North,Marketplace,1,349.0,349.0
101306,2024-05-19,CUST02196,Resistance Bands,Sports & Fitness,South,Retail Store,1,399.0,399.0
106111,2025-08-24,CUST02041,Bluetooth Speaker,Electronics,North,Retail Store,1,1709.1,1709.1
100962,2024-04-10,CUST01303,Face Serum,Beauty & Personal Care,West,Online,1,559.2,559.2
104759,2025-04-03,CUST01779,Face Serum,Beauty & Personal Care,Central,Online,1,699.0,699.0
101122,2024-04-27,CUST00032,Bluetooth Speaker,ELECTRONICS,South,Online,1,1899.0,1899.0
105761,2025-07-20,CUST00228,Storage Containers,Home & Kitchen,Central,Online,2,499.0,998.0
102857,2024-10-19,CUST00097,Smartwatch,Electronics,East,Online,2,2549.15,5098.3
101035,2024-04-18,CUST01510,Trimmer,BEAUTY & PERSONAL CARE,West,Marketplace,2,999.0,1998.0
104601,2025-03-18,CUST02055,Dumbbell Set,Sports & Fitness,West,Online,2,1759.2,3518.4
100359,2024-02-08,CUST01863,Non-stick Pan Set,Home & Kitchen,South,Online,2,1299.0,2598.0
102174,2024-08-23,CUST01567,Air Fryer,Home & Kitchen,North,Retail Store,1,3499.0,3499.0
101282,2024-05-15,CUST01901,Denim Jacket,Fashion,West,Online,1,1999.0,1999.0
106984,2025-11-03,CUST01298,Hair Dryer,Beauty & Personal Care,West,Marketplace,1,1079.1,1079.1
101342,2024-05-21,CUST00826,Resistance Bands,Sports & Fitness,South,Marketplace,1,359.1,359.1
101749,2024-07-11,CUST01103,Yoga Mat,SPORTS & FITNESS,East,Marketplace,1,599.0,599.0
106885,2025-10-27,CUST01835,Hair Dryer,Beauty & Personal Care,South,Retail Store,1,1199.0,1199.0
102408,2024-09-15,CUST02243,Denim Jacket,Fashion,South,Retail Store,1,1999.0,1999.0
101725,2024-07-08,CUST00146,Bluetooth Speaker,Electronics,South,Retail Store,1,1614.15,1614.15
100384,2024-02-10,CUST01082,Hair Dryer,Beauty & Personal Care,North,Marketplace,1,1199.0,1199.0
104297,2025-02-15,CUST01912,Denim Jacket,Fashion,East,Online,1,1999.0,1999.0
106408,2025-09-24,CUST01085,Bluetooth Speaker,Electronics,West,Online,1,1709.1,1709.1
106030,2025-08-16,CUST01796,USB-C Cable,Electronics,South,Online,2,199.2,398.4
103018,2024-10-29,CUST01619,Laptop Stand,Electronics,West,Marketplace,1,799.0,799.0
107262,2025-11-22,CUST00573,Electric Kettle,Home & Kitchen,North,Online,3,899.0,2697.0
105460,2025-06-18,CUST01294,Cotton T-Shirt,Fashion,South,Marketplace,1,599.0,599.0
106422,2025-09-25,CUST01579,Sunglasses,Fashion,East,Online,1,799.0,799.0
106382,2025-09-21,CUST01290,Smartwatch,Electronics,West,Online,1,2999.0,2999.0
105999,2025-08-14,CUST01628,Non-stick Pan Set,Home & Kitchen,North,Marketplace,1,1299.0,1299.0
106015,2025-08-15,CUST00562,Non-stick Pan Set,Home & Kitchen,West,Online,1,1299.0,1299.0
107489,2025-12-06,CUST00398,Electric Kettle,Home & Kitchen,West,Online,1,899.0,899.0
105684,2025-07-12,CUST00341,Power Bank,Electronics,North,Online,1,899.0,899.0
103878,2025-01-01,CUST01179,USB-C Cable,Electronics,North,Marketplace,1,249.0,249.0
107395,2025-11-30,CUST02136,Wireless Earbuds,ELECTRONICS,North,Online,1,1499.0,1499.0
104995,2025-04-26,CUST01738,Trimmer,Beauty & Personal Care,East,Retail Store,3,999.0,2997.0
105141,2025-05-12,CUST01473,Smartwatch,Electronics,North,Online,1,2549.15,2549.15
107370,2025-11-29,CUST01634,Laptop Stand,Electronics,South,Marketplace,1,719.1,719.1
103177,2024-11-10,CUST00364,Cotton T-Shirt,Fashion,South,Retail Store,1,539.1,539.1
102293,2024-09-05,CUST00531,Non-stick Pan Set,Home & Kitchen,East,Online,1,1299.0,1299.0
101366,2024-05-25,CUST01365,Cotton T-Shirt,Fashion,North,Retail Store,2,539.1,1078.2
100733,2024-03-16,CUST00390,Air Fryer,Home & Kitchen,North,Online,2,3499.0,6998.0
106044,2025-08-18,CUST00911,Sunglasses,Fashion,West,Marketplace,2,719.1,1438.2
101791,2024-07-15,CUST01324,Face Serum,Beauty & Personal Care,West,Online,1,699.0,699.0
104628,2025-03-22,CUST01844,Wireless Earbuds,Electronics,South,Marketplace,1,1499.0,1499.0
101702,2024-07-06,CUST00558,Backpack,Fashion,North,Marketplace,1,1189.15,1189.15
106094,2025-08-22,CUST01729,Laptop Stand,Electronics,South,Retail Store,1,679.15,679.15
100757,2024-03-19,CUST01513,Power Bank,Electronics,North,Retail Store,1,899.0,899.0
101060,2024-04-21,CUST01885,Non-stick Pan Set,Home & Kitchen,South,Online,1,1039.2,1039.2
105903,2025-08-04,CUST02397,Non-stick Pan Set,Home & Kitchen,North,Retail Store,1,1104.15,1104.15
105867,2025-08-01,CUST02402,Dumbbell Set,Sports & Fitness,West,Online,1,2199.0,2199.0
101873,2024-07-22,CUST02298,Wireless Earbuds,Electronics,East,Marketplace,1,1499.0,1499.0
103605,2024-12-10,CUST01577,USB-C Cable,Electronics,North,Online,1,211.65,211.65
104971,2025-04-25,CUST02391,Resistance Bands,Sports & Fitness,Central,Retail Store,1,399.0,399.0
101755,2024-07-12,CUST01571,Denim Jacket,Fashion,Central,Online,1,1799.1,1799.1
106036,2025-08-17,CUST00280,Dumbbell Set,Sports & Fitness,North,Online,1,2199.0,2199.0
105711,2025-07-15,CUST01882,Sunscreen SPF50,Beauty & Personal Care,South,Marketplace,1,449.0,449.0
101929,2024-07-28,CUST01799,Bluetooth Speaker,Electronics,North,Marketplace,3,1899.0,5697.0
106311,2025-09-14,CUST01037,Yoga Mat,Sports & Fitness,South,Online,1,599.0,599.0
102414,2024-09-15,CUST01877,USB-C Cable,Electronics,South,Retail Store,3,249.0,747.0
102210,2024-08-27,CUST00181,Yoga Mat,Sports & Fitness,East,Online,1,539.1,539.1
105465,2025-06-18,CUST00600,Storage Containers,Home & Kitchen,North,Online,1,499.0,499.0
105850,2025-07-30,CUST01300,Sunscreen SPF50,Beauty & Personal Care,West,Online,1,359.2,359.2
102752,2024-10-12,CUST00168,Resistance Bands,Sports & Fitness,South,Online,3,399.0,1197.0
104843,2025-04-11,CUST02364,Non-stick Pan Set,Home & Kitchen,South,Online,2,1299.0,2598.0
102634,2024-10-05,CUST02478,Water Bottle,Sports & Fitness,North,Online,2,349.0,698.0
101356,2024-05-24,CUST00942,Power Bank,Electronics,Central,Online,1,764.15,764.15
101068,2024-04-22,CUST01893,Bluetooth Speaker,Electronics,West,Online,1,1899.0,1899.0
101858,2024-07-20,CUST00003,Bluetooth Speaker,Electronics,East,Retail Store,1,1899.0,1899.0
107411,2025-12-01,CUST02072,Backpack,Fashion,South,Marketplace,1,1399.0,1399.0
105670,2025-07-12,CUST00009,Storage Containers,Home & Kitchen,West,Online,1,499.0,499.0
101658,2024-06-29,CUST01364,Smartwatch,Electronics,North,Online,2,2999.0,5998.0
104767,2025-04-04,CUST01200,Backpack,FASHION,West,Retail Store,3,1399.0,4197.0
100761,2024-03-20,CUST02015,Resistance Bands,Sports & Fitness,East,Online,1,399.0,399.0
103723,2024-12-20,CUST00780,Cotton T-Shirt,Fashion,South,Marketplace,1,599.0,599.0
101592,2024-06-22,CUST01784,Laptop Stand,Electronics,South,Marketplace,1,799.0,799.0
105559,2025-07-01,CUST00009,Electric Kettle,HOME & KITCHEN,East,Online,1,719.2,719.2
107372,2025-11-29,CUST01846,Hair Dryer,Beauty & Personal Care,North,Online,1,1199.0,1199.0
107183,2025-11-16,CUST01551,Hair Dryer,Beauty & Personal Care,South,Online,1,1199.0,1199.0
106625,2025-10-10,CUST02242,Dumbbell Set,Sports & Fitness,West,Retail Store,1,2199.0,2199.0
101410,2024-05-30,CUST00403,Cotton T-Shirt,Fashion,North,Online,1,599.0,599.0
107323,2025-11-26,CUST01009,Yoga Mat,Sports & Fitness,Central,Online,2,539.1,1078.2
105484,2025-06-21,CUST01564,Storage Containers,Home & Kitchen,East,Marketplace,1,499.0,499.0
103491,2024-11-30,CUST01775,Resistance Bands,Sports & Fitness,North,Retail Store,1,399.0,399.0
106649,2025-10-12,CUST02404,Face Serum,Beauty & Personal Care,West,Online,2,699.0,1398.0
102886,2024-10-21,CUST02304,Smartwatch,Electronics,South,Online,1,2999.0,2999.0
105069,2025-05-04,CUST01979,Yoga Mat,Sports & Fitness,East,Online,1,599.0,599.0
104073,2025-01-22,CUST01055,Electric Kettle,Home & Kitchen,North,Online,1,899.0,899.0
105431,2025-06-16,CUST02213,USB-C Cable,Electronics,West,Marketplace,1,249.0,249.0
103967,2025-01-11,CUST02218,USB-C Cable,Electronics,West,Marketplace,2,249.0,498.0
102831,2024-10-17,CUST02552,Dumbbell Set,Sports & Fitness,North,Online,1,2199.0,2199.0
100705,2024-03-14,CUST02359,Non-stick Pan Set,Home & Kitchen,North,Retail Store,1,1104.15,1104.15
104824,2025-04-10,CUST01196,Smartwatch,Electronics,West,Online,1,2999.0,2999.0
106721,2025-10-17,CUST02107,Wireless Earbuds,ELECTRONICS,West,Retail Store,1,1499.0,1499.0
107384,2025-11-30,CUST00995,Trimmer,Beauty & Personal Care,South,Marketplace,3,999.0,2997.0
102632,2024-10-05,CUST02101,Hair Dryer,Beauty & Personal Care,East,Online,1,1019.15,1019.15
104534,2025-03-12,CUST02078,USB-C Cable,Electronics,North,Retail Store,1,211.65,211.65
102589,2024-10-01,CUST02456,Backpack,Fashion,North,Online,1,1399.0,1399.0
106629,2025-10-11,CUST00668,Bluetooth Speaker,Electronics,Central,Online,2,1899.0,3798.0
102760,2024-10-12,CUST01627,Trimmer,Beauty & Personal Care,South,Marketplace,2,999.0,1998.0
107641,2025-12-20,CUST00180,Yoga Mat,Sports & Fitness,West,Retail Store,1,479.2,479.2
106568,2025-10-06,CUST01624,Laptop Stand,Electronics,Central,Online,1,799.0,799.0
106434,2025-09-27,CUST00666,USB-C Cable,ELECTRONICS,North,Marketplace,1,249.0,249.0
102714,2024-10-10,CUST01015,Dumbbell Set,Sports & Fitness,West,Online,1,2199.0,2199.0
103107,2024-11-05,CUST00511,Dumbbell Set,Sports & Fitness,South,Marketplace,1,1869.15,1869.15
106410,2025-09-24,CUST00607,Resistance Bands,Sports & Fitness,West,Online,2,399.0,798.0
106718,2025-10-17,CUST02150,Trimmer,Beauty & Personal Care,East,Retail Store,1,999.0,999.0
105647,2025-07-09,CUST00092,Bluetooth Speaker,Electronics,North,Online,1,1899.0,1899.0
102437,2024-09-16,CUST02164,Water Bottle,Sports & Fitness,West,Retail Store,1,296.65,296.65
101798,2024-07-16,CUST01095,Blender,Home & Kitchen,South,Online,1,1599.0,1599.0
104116,2025-01-25,CUST02120,Sunglasses,Fashion,South,Online,1,799.0,799.0
103316,2024-11-18,CUST02573,Dumbbell Set,Sports & Fitness,East,Retail Store,1,2199.0,2199.0
106296,2025-09-12,CUST01261,USB-C Cable,Electronics,North,Online,1,249.0,249.0
100695,2024-03-12,CUST01420,Laptop Stand,Electronics,North,Online,1,719.1,719.1
105372,2025-06-09,CUST00568,Laptop Stand,Electronics,West,Marketplace,1,799.0,799.0
105707,2025-07-15,CUST02474,USB-C Cable,Electronics,West,Online,1,249.0,249.0
106855,2025-10-25,CUST02081,Trimmer,Beauty & Personal Care,South,Online,1,999.0,999.0
104473,2025-03-06,CUST00404,Resistance Bands,Sports & Fitness,West,Marketplace,2,339.15,678.3
102702,2024-10-09,CUST01084,Air Fryer,Home & Kitchen,East,Online,1,3149.1,3149.1
101990,2024-08-04,CUST00771,Blender,Home & Kitchen,Central,Online,1,1599.0,1599.0
106818,2025-10-23,CUST02151,Water Bottle,SPORTS & FITNESS,South,Online,1,349.0,349.0
103071,2024-11-02,CUST01729,USB-C Cable,Electronics,North,Online,2,211.65,423.3
100530,2024-02-26,CUST00297,Laptop Stand,Electronics,East,Retail Store,1,799.0,799.0
105078,2025-05-06,CUST00976,Sunscreen SPF50,Beauty & Personal Care,North,Marketplace,2,449.0,898.0
104203,2025-02-04,CUST02035,Cotton T-Shirt,Fashion,North,Online,2,599.0,1198.0
105175,2025-05-16,CUST01472,Wireless Earbuds,Electronics,Central,Online,1,1274.15,1274.15
102463,2024-09-19,CUST00325,Cotton T-Shirt,Fashion,South,Retail Store,1,599.0,599.0
106227,2025-09-06,CUST00844,Backpack,Fashion,Central,Marketplace,2,1399.0,2798.0
103747,2024-12-21,CUST02396,Power Bank,Electronics,North,Marketplace,1,719.2,719.2
102007,2024-08-06,CUST00898,Face Serum,Beauty & Personal Care,South,Marketplace,1,699.0,699.0
103243,2024-11-14,CUST00335,Hair Dryer,BEAUTY & PERSONAL CARE,East,Online,1,1199.0,1199.0
105324,2025-06-03,CUST00521,Blender,Home & Kitchen,North,Online,1,1599.0,1599.0
100526,2024-02-25,CUST02305,USB-C Cable,Electronics,North,Retail Store,1,249.0,249.0
106466,2025-09-29,CUST00187,Storage Containers,Home & Kitchen,North,Online,2,424.15,848.3
103506,2024-12-01,CUST00083,Air Fryer,Home & Kitchen,South,Online,1,3499.0,3499.0
101641,2024-06-28,CUST02131,Storage Containers,Home & Kitchen,South,Online,2,499.0,998.0
107750,2025-12-28,CUST00082,Dumbbell Set,Sports & Fitness,North,Marketplace,1,1759.2,1759.2
106205,2025-09-04,CUST02385,Sunscreen SPF50,Beauty & Personal Care,North,Online,1,404.1,404.1
106613,2025-10-09,CUST00041,Sunglasses,Fashion,North,Marketplace,1,799.0,799.0
106481,2025-10-01,CUST01568,Yoga Mat,Sports & Fitness,East,Online,1,599.0,599.0
103225,2024-11-13,CUST01508,Wireless Earbuds,Electronics,East,Retail Store,2,1499.0,2998.0
101907,2024-07-26,CUST00812,Hair Dryer,Beauty & Personal Care,North,Online,1,1019.15,1019.15
105954,2025-08-09,CUST01726,Air Fryer,Home & Kitchen,East,Online,1,3499.0,3499.0
107333,2025-11-27,CUST01881,Backpack,Fashion,North,Online,1,1189.15,1189.15
104537,2025-03-13,CUST01990,Backpack,Fashion,West,Online,1,1399.0,1399.0
106557,2025-10-05,CUST00678,Electric Kettle,Home & Kitchen,West,Online,1,899.0,899.0
101429,2024-06-01,CUST02328,Blender,Home & Kitchen,North,Online,2,1599.0,3198.0
104445,2025-03-02,CUST01970,Cotton T-Shirt,Fashion,East,Online,1,539.1,539.1
103017,2024-10-29,CUST00341,Laptop Stand,Electronics,East,Marketplace,1,799.0,799.0
105238,2025-05-24,CUST01870,Electric Kettle,Home & Kitchen,South,Retail Store,1,899.0,899.0
105463,2025-06-18,CUST00041,Water Bottle,Sports & Fitness,North,Online,1,349.0,349.0
106158,2025-08-30,CUST00803,Dumbbell Set,Sports & Fitness,North,Online,1,2199.0,2199.0
105488,2025-06-21,CUST01275,Blender,HOME & KITCHEN,West,Online,1,1599.0,1599.0
101859,2024-07-20,CUST00769,Trimmer,Beauty & Personal Care,North,Retail Store,2,849.15,1698.3
103606,2024-12-10,CUST01517,Face Serum,Beauty & Personal Care,West,Retail Store,1,699.0,699.0
102039,2024-08-09,CUST02446,Sunglasses,Fashion,South,Online,1,799.0,799.0
106097,2025-08-23,CUST00099,Sunglasses,Fashion,North,Marketplace,1,799.0,799.0
101964,2024-08-02,CUST01113,Electric Kettle,Home & Kitchen,West,Online,1,899.0,899.0
106754,2025-10-19,CUST02467,Dumbbell Set,Sports & Fitness,East,Online,2,1979.1,3958.2
102087,2024-08-15,CUST00136,Laptop Stand,Electronics,Central,Retail Store,1,799.0,799.0
106331,2025-09-16,CUST00734,Sunscreen SPF50,Beauty & Personal Care,North,Retail Store,1,449.0,449.0
107062,2025-11-09,CUST02510,Power Bank,Electronics,West,Online,1,899.0,899.0
100948,2024-04-08,CUST00911,Blender,Home & Kitchen,South,Marketplace,2,1359.15,2718.3
106993,2025-11-04,CUST01544,Water Bottle,Sports & Fitness,Central,Retail Store,2,349.0,698.0
102110,2024-08-17,CUST01958,Denim Jacket,Fashion,South,Online,1,1999.0,1999.0
105212,2025-05-21,CUST00731,Bluetooth Speaker,Electronics,North,Retail Store,1,1899.0,1899.0
106753,2025-10-19,CUST00320,Running Shoes,Fashion,North,Online,1,2499.0,2499.0
105201,2025-05-19,CUST01854,Wireless Earbuds,Electronics,North,Online,1,1349.1,1349.1
102743,2024-10-11,CUST01677,Water Bottle,Sports & Fitness,South,Retail Store,1,349.0,349.0
105374,2025-06-09,CUST01748,Bluetooth Speaker,Electronics,Central,Online,1,1709.1,1709.1
104684,2025-03-27,CUST02214,Bluetooth Speaker,Electronics,Central,Retail Store,1,1709.1,1709.1
100084,2024-01-09,CUST02047,Laptop Stand,Electronics,East,Online,1,799.0,799.0
107596,2025-12-16,CUST00144,Yoga Mat,Sports & Fitness,East,Marketplace,1,599.0,599.0
105977,2025-08-11,CUST01874,Running Shoes,Fashion,,Online,3,2499.0,7497.0
102377,2024-09-12,CUST01079,Storage Containers,Home & Kitchen,West,Online,1,424.15,424.15
103053,2024-11-01,CUST00906,Sunglasses,Fashion,East,Online,1,719.1,719.1
105536,2025-06-28,CUST02176,Bluetooth Speaker,Electronics,North,Online,2,1899.0,3798.0
103632,2024-12-13,CUST02300,Air Fryer,Home & Kitchen,West,Online,1,3499.0,3499.0
106768,2025-10-20,CUST00720,Backpack,Fashion,East,Online,1,1399.0,1399.0
105331,2025-06-04,CUST01992,Laptop Stand,Electronics,South,Marketplace,2,719.1,1438.2
101389,2024-05-27,CUST01892,Power Bank,Electronics,North,Marketplace,1,899.0,899.0
101024,2024-04-16,CUST01211,Denim Jacket,Fashion,North,Retail Store,1,1999.0,1999.0
104030,2025-01-18,CUST00692,Cotton T-Shirt,Fashion,East,Marketplace,1,599.0,599.0
105192,2025-05-18,CUST01869,Trimmer,Beauty & Personal Care,South,Marketplace,1,999.0,999.0
101147,2024-04-29,CUST00158,Backpack,Fashion,Central,Retail Store,1,1399.0,1399.0
100679,2024-03-11,CUST01581,Non-stick Pan Set,Home & Kitchen,North,Marketplace,1,1299.0,1299.0
103468,2024-11-29,CUST01236,Bluetooth Speaker,Electronics,South,Online,1,1899.0,1899.0
105025,2025-04-30,CUST00897,Water Bottle,Sports & Fitness,South,Retail Store,1,349.0,349.0
103363,2024-11-21,CUST02452,Denim Jacket,FASHION,South,Retail Store,1,1699.15,1699.15
105683,2025-07-12,CUST02348,Smartwatch,Electronics,West,Online,1,2999.0,2999.0
102497,2024-09-22,CUST02125,Storage Containers,Home & Kitchen,North,Online,1,499.0,499.0
105913,2025-08-05,CUST00002,Yoga Mat,SPORTS & FITNESS,South,Retail Store,1,599.0,599.0
107222,2025-11-19,CUST02396,Face Serum,Beauty & Personal Care,North,Online,1,699.0,699.0
101545,2024-06-15,CUST01568,Electric Kettle,Home & Kitchen,South,Retail Store,1,899.0,899.0
102839,2024-10-18,CUST01843,Power Bank,Electronics,South,Marketplace,1,899.0,899.0
101515,2024-06-11,CUST01649,Sunscreen SPF50,Beauty & Personal Care,North,Online,1,449.0,449.0
106107,2025-08-23,CUST00398,Backpack,Fashion,South,Online,1,1259.1,1259.1
100378,2024-02-10,CUST01874,Blender,Home & Kitchen,North,Retail Store,2,1599.0,3198.0
103485,2024-11-30,CUST01633,Air Fryer,Home & Kitchen,North,Online,1,3499.0,3499.0
105828,2025-07-27,CUST00880,Sunglasses,Fashion,South,Online,2,799.0,1598.0
107164,2025-11-15,CUST02228,Sunscreen SPF50,Beauty & Personal Care,West,Retail Store,1,359.2,359.2
107128,2025-11-13,CUST02558,Laptop Stand,Electronics,Central,Retail Store,1,799.0,799.0
103520,2024-12-02,CUST01877,Storage Containers,Home & Kitchen,Central,Online,1,499.0,499.0
104988,2025-04-26,CUST02118,Denim Jacket,Fashion,North,Online,3,1699.15,5097.45
103577,2024-12-07,CUST01103,Backpack,Fashion,South,Marketplace,1,1399.0,1399.0
104595,2025-03-18,CUST02354,Backpack,Fashion,West,Retail Store,2,1399.0,2798.0
103656,2024-12-15,CUST01815,Denim Jacket,Fashion,North,Marketplace,1,1999.0,1999.0
102347,2024-09-09,CUST00439,Trimmer,Beauty & Personal Care,East,Retail Store,1,849.15,849.15
103229,2024-11-13,CUST02420,Denim Jacket,Fashion,East,Marketplace,2,1599.2,3198.4
107704,2025-12-26,CUST01795,Dumbbell Set,Sports & Fitness,Central,Online,1,2199.0,2199.0
103031,2024-10-31,CUST00440,Hair Dryer,Beauty & Personal Care,North,Online,1,1079.1,1079.1
105858,2025-07-31,CUST01149,Blender,Home & Kitchen,East,Online,1,1599.0,1599.0
106860,2025-10-26,CUST00987,Bluetooth Speaker,Electronics,East,Online,1,1899.0,1899.0
104542,2025-03-13,CUST01280,Running Shoes,Fashion,Central,Retail Store,1,2499.0,2499.0
103004,2024-10-28,CUST02536,Smartwatch,Electronics,North,Marketplace,1,2999.0,2999.0
100947,2024-04-08,CUST01173,Bluetooth Speaker,Electronics,East,Marketplace,1,1899.0,1899.0
105687,2025-07-13,CUST02082,Sunscreen SPF50,Beauty & Personal Care,East,Retail Store,1,449.0,449.0
106892,2025-10-28,CUST00954,Denim Jacket,Fashion,North,Online,1,1999.0,1999.0
102204,2024-08-26,CUST01232,Electric Kettle,Home & Kitchen,,Marketplace,1,899.0,899.0
105532,2025-06-28,CUST01419,Electric Kettle,Home & Kitchen,North,Retail Store,1,899.0,899.0
103350,2024-11-20,CUST02427,Smartwatch,Electronics,Central,Online,1,2999.0,2999.0
105220,2025-05-22,CUST01746,Smartwatch,Electronics,West,Online,1,2699.1,2699.1
106736,2025-10-18,CUST01628,Wireless Earbuds,Electronics,East,Marketplace,1,1499.0,1499.0
106969,2025-11-02,CUST01342,Storage Containers,Home & Kitchen,Central,Online,1,424.15,424.15
105059,2025-05-04,CUST01552,Wireless Earbuds,Electronics,South,Marketplace,1,1499.0,1499.0
101001,2024-04-14,CUST01796,Bluetooth Speaker,Electronics,North,Online,1,1899.0,1899.0
106174,2025-08-31,CUST02260,Electric Kettle,Home & Kitchen,West,Retail Store,1,899.0,899.0
100608,2024-03-04,CUST00991,Backpack,Fashion,East,Online,1,1399.0,1399.0
101562,2024-06-17,CUST01760,Blender,Home & Kitchen,North,Online,2,1279.2,2558.4
106802,2025-10-22,CUST00027,Power Bank,Electronics,South,Marketplace,1,809.1,809.1
105625,2025-07-06,CUST01390,Sunscreen SPF50,Beauty & Personal Care,West,Retail Store,1,449.0,449.0
105158,2025-05-15,CUST00935,Laptop Stand,Electronics,South,Retail Store,1,799.0,799.0
105437,2025-06-16,CUST01875,Water Bottle,Sports & Fitness,East,Online,1,349.0,349.0
100379,2024-02-10,CUST01332,Denim Jacket,Fashion,South,Retail Store,1,1599.2,1599.2
105841,2025-07-29,CUST01007,Laptop Stand,Electronics,East,Marketplace,1,799.0,799.0
107482,2025-12-06,CUST01630,Water Bottle,Sports & Fitness,South,Online,3,349.0,1047.0
102224,2024-08-28,CUST02160,Non-stick Pan Set,Home & Kitchen,North,Online,1,1299.0,1299.0
103629,2024-12-12,CUST02057,Resistance Bands,Sports & Fitness,West,Online,1,319.2,319.2
103126,2024-11-06,CUST00624,Smartwatch,Electronics,Central,Marketplace,1,2399.2,2399.2
103118,2024-11-06,CUST01126,Backpack,Fashion,South,Online,1,1399.0,1399.0
102941,2024-10-25,CUST01778,Hair Dryer,Beauty & Personal Care,South,Marketplace,1,1199.0,1199.0
102774,2024-10-13,CUST01804,Dumbbell Set,Sports & Fitness,South,Online,1,2199.0,2199.0
106645,2025-10-12,CUST02524,Cotton T-Shirt,Fashion,West,Marketplace,1,599.0,599.0
104179,2025-02-01,CUST02262,Denim Jacket,Fashion,North,Online,1,1999.0,1999.0
101451,2024-06-04,CUST01051,Dumbbell Set,Sports & Fitness,Central,Retail Store,1,2199.0,2199.0
105440,2025-06-17,CUST00183,Backpack,Fashion,North,Retail Store,1,1399.0,1399.0
103618,2024-12-11,CUST02480,Resistance Bands,SPORTS & FITNESS,North,Retail Store,3,399.0,1197.0
101418,2024-05-31,CUST01789,Storage Containers,Home & Kitchen,South,Retail Store,1,499.0,499.0
102557,2024-09-29,CUST02009,Water Bottle,Sports & Fitness,South,Retail Store,3,349.0,1047.0
107080,2025-11-09,CUST02087,Wireless Earbuds,Electronics,North,Retail Store,1,1499.0,1499.0
103810,2024-12-27,CUST02010,Yoga Mat,Sports & Fitness,West,Marketplace,1,599.0,599.0
103548,2024-12-05,CUST00201,Air Fryer,Home & Kitchen,Central,Online,2,3499.0,6998.0
104301,2025-02-15,CUST00618,Smartwatch,Electronics,North,Online,1,2999.0,2999.0
106624,2025-10-10,CUST01327,Air Fryer,Home & Kitchen,South,Marketplace,1,3499.0,3499.0
100079,2024-01-09,CUST01322,Cotton T-Shirt,Fashion,South,Online,1,599.0,599.0
107532,2025-12-10,CUST02412,Dumbbell Set,Sports & Fitness,South,Marketplace,2,2199.0,4398.0
102272,2024-09-02,CUST02023,Smartwatch,Electronics,Central,Retail Store,1,2549.15,2549.15
105495,2025-06-23,CUST00630,Storage Containers,Home & Kitchen,North,Online,1,449.1,449.1
104206,2025-02-04,CUST01390,Air Fryer,Home & Kitchen,Central,Online,1,2799.2,2799.2
101812,2024-07-17,CUST00580,Storage Containers,Home & Kitchen,East,Online,1,499.0,499.0
100116,2024-01-13,CUST01020,Smartwatch,Electronics,Central,Online,1,2999.0,2999.0
102157,2024-08-21,CUST02478,USB-C Cable,Electronics,South,Retail Store,1,249.0,249.0
101445,2024-06-03,CUST02475,Non-stick Pan Set,Home & Kitchen,Central,Retail Store,1,1104.15,1104.15
102588,2024-10-01,CUST00146,Face Serum,Beauty & Personal Care,South,Retail Store,1,699.0,699.0
106203,2025-09-04,CUST01770,Smartwatch,Electronics,East,Online,1,2399.2,2399.2
100335,2024-02-04,CUST01569,Backpack,Fashion,South,Online,1,1399.0,1399.0
100636,2024-03-07,CUST00779,Air Fryer,Home & Kitchen,North,Online,1,2974.15,2974.15
105164,2025-05-15,CUST00075,Storage Containers,Home & Kitchen,South,Online,3,499.0,1497.0
106074,2025-08-21,CUST00563,Hair Dryer,Beauty & Personal Care,North,Online,1,1199.0,1199.0
100652,2024-03-08,CUST00845,Face Serum,Beauty & Personal Care,North,Online,1,699.0,699.0
103709,2024-12-18,CUST01525,Sunscreen SPF50,Beauty & Personal Care,Central,Retail Store,2,449.0,898.0
104450,2025-03-03,CUST00806,Water Bottle,Sports & Fitness,East,Marketplace,1,314.1,314.1
105349,2025-06-07,CUST00963,Sunscreen SPF50,Beauty & Personal Care,East,Online,1,449.0,449.0
102990,2024-10-28,CUST01319,Running Shoes,Fashion,Central,Online,1,2499.0,2499.0
101546,2024-06-16,CUST00873,Resistance Bands,Sports & Fitness,South,Online,1,399.0,399.0
100326,2024-02-03,CUST00593,Smartwatch,Electronics,West,Retail Store,1,2999.0,2999.0
102927,2024-10-24,CUST02044,Air Fryer,Home & Kitchen,North,Online,1,3499.0,3499.0
104609,2025-03-20,CUST00936,Air Fryer,Home & Kitchen,North,Online,2,3499.0,6998.0
107284,2025-11-23,CUST02434,Water Bottle,Sports & Fitness,East,Online,1,349.0,349.0
104399,2025-02-25,CUST00020,Hair Dryer,Beauty & Personal Care,West,Retail Store,1,1199.0,1199.0
101190,2024-05-05,CUST02408,Sunscreen SPF50,Beauty & Personal Care,North,Retail Store,2,449.0,898.0
103550,2024-12-05,CUST02360,Dumbbell Set,SPORTS & FITNESS,South,Online,1,2199.0,2199.0
101662,2024-06-30,CUST02347,Face Serum,Beauty & Personal Care,South,Online,1,699.0,699.0
103557,2024-12-06,CUST01246,Trimmer,Beauty & Personal Care,North,Marketplace,1,999.0,999.0
105619,2025-07-06,CUST02557,Smartwatch,Electronics,North,Online,1,2999.0,2999.0
103300,2024-11-17,CUST01870,Yoga Mat,Sports & Fitness,North,Retail Store,1,599.0,599.0
105592,2025-07-04,CUST01775,Hair Dryer,Beauty & Personal Care,South,Retail Store,1,1079.1,1079.1
104864,2025-04-14,CUST02489,Bluetooth Speaker,Electronics,West,Online,1,1899.0,1899.0
104493,2025-03-08,CUST01931,Cotton T-Shirt,Fashion,East,Online,1,599.0,599.0
100801,2024-03-24,CUST00522,Running Shoes,Fashion,North,Online,1,2499.0,2499.0
104017,2025-01-16,CUST00757,Air Fryer,Home & Kitchen,South,Online,1,3499.0,3499.0
105938,2025-08-08,CUST00848,Denim Jacket,Fashion,South,Retail Store,1,1999.0,1999.0
105766,2025-07-20,CUST02582,USB-C Cable,Electronics,West,Retail Store,2,249.0,498.0
100118,2024-01-14,CUST02493,Dumbbell Set,Sports & Fitness,West,Online,1,1869.15,1869.15
102776,2024-10-13,CUST02187,Sunglasses,Fashion,East,Retail Store,2,799.0,1598.0
101588,2024-06-21,CUST01622,Smartwatch,Electronics,North,Online,1,2999.0,2999.0
101684,2024-07-02,CUST01074,Non-stick Pan Set,Home & Kitchen,North,Marketplace,1,1299.0,1299.0
104900,2025-04-18,CUST02188,Backpack,Fashion,South,Online,1,1399.0,1399.0
102520,2024-09-24,CUST02411,Electric Kettle,Home & Kitchen,West,Online,2,899.0,1798.0
102269,2024-09-02,CUST00455,Dumbbell Set,Sports & Fitness,North,Online,1,2199.0,2199.0
101310,2024-05-19,CUST00970,Cotton T-Shirt,Fashion,North,Marketplace,1,599.0,599.0
105655,2025-07-10,CUST02343,Running Shoes,Fashion,North,Online,1,2499.0,2499.0
105555,2025-06-30,CUST00107,Wireless Earbuds,Electronics,South,Online,1,1499.0,1499.0
106313,2025-09-14,CUST02352,Trimmer,Beauty & Personal Care,East,Retail Store,1,899.1,899.1
103544,2024-12-04,CUST00110,Sunglasses,Fashion,North,Retail Store,1,799.0,799.0
107605,2025-12-17,CUST00460,Trimmer,Beauty & Personal Care,West,Retail Store,1,999.0,999.0
105550,2025-06-30,CUST00779,Storage Containers,Home & Kitchen,South,Marketplace,1,499.0,499.0
100454,2024-02-18,CUST01457,Hair Dryer,Beauty & Personal Care,South,Online,1,1199.0,1199.0
102721,2024-10-10,CUST00288,Sunscreen SPF50,Beauty & Personal Care,West,Online,2,449.0,898.0
103518,2024-12-02,CUST00127,Bluetooth Speaker,Electronics,East,Retail Store,1,1899.0,1899.0
107651,2025-12-21,CUST01152,Sunscreen SPF50,BEAUTY & PERSONAL CARE,West,Online,1,381.65,381.65
106238,2025-09-07,CUST01726,Wireless Earbuds,Electronics,West,Online,1,1499.0,1499.0
104899,2025-04-18,CUST01943,Laptop Stand,Electronics,South,Online,1,719.1,719.1
104160,2025-01-30,CUST02346,Resistance Bands,Sports & Fitness,,Marketplace,1,399.0,399.0
104570,2025-03-16,CUST02538,Wireless Earbuds,Electronics,West,Online,1,1499.0,1499.0
103748,2024-12-22,CUST02080,Trimmer,Beauty & Personal Care,North,Online,1,999.0,999.0
102868,2024-10-20,CUST01885,Non-stick Pan Set,Home & Kitchen,Central,Retail Store,1,1104.15,1104.15
107379,2025-11-29,CUST01139,Laptop Stand,Electronics,East,Retail Store,1,679.15,679.15
103218,2024-11-12,CUST00913,Trimmer,BEAUTY & PERSONAL CARE,West,Online,1,849.15,849.15
104589,2025-03-17,CUST02150,USB-C Cable,Electronics,South,Retail Store,1,249.0,249.0
106167,2025-08-31,CUST01760,Water Bottle,Sports & Fitness,West,Online,1,349.0,349.0
106229,2025-09-06,CUST02376,Trimmer,Beauty & Personal Care,Central,Online,2,799.2,1598.4
103259,2024-11-15,CUST00123,Denim Jacket,FASHION,West,Retail Store,3,1599.2,4797.6
106221,2025-09-05,CUST00091,Laptop Stand,Electronics,West,Marketplace,1,719.1,719.1
107381,2025-11-30,CUST02529,Laptop Stand,Electronics,South,Retail Store,1,799.0,799.0
107572,2025-12-14,CUST00999,Laptop Stand,Electronics,East,Marketplace,1,799.0,799.0
103314,2024-11-18,CUST01784,Air Fryer,Home & Kitchen,West,Online,1,3149.1,3149.1
101228,2024-05-09,CUST01098,Water Bottle,Sports & Fitness,South,Retail Store,1,349.0,349.0
106819,2025-10-23,CUST00652,Power Bank,Electronics,Central,Retail Store,2,899.0,1798.0
104148,2025-01-29,CUST01101,Face Serum,Beauty & Personal Care,West,Online,1,629.1,629.1
106096,2025-08-23,CUST02249,Face Serum,Beauty & Personal Care,Central,Online,1,699.0,699.0
102169,2024-08-22,CUST02236,Sunglasses,Fashion,West,Marketplace,1,639.2,639.2
101294,2024-05-18,CUST02461,Cotton T-Shirt,Fashion,South,Retail Store,3,599.0,1797.0
106122,2025-08-26,CUST01993,Sunscreen SPF50,Beauty & Personal Care,South,Marketplace,2,449.0,898.0
103115,2024-11-05,CUST02123,Hair Dryer,Beauty & Personal Care,North,Online,2,1199.0,2398.0
102421,2024-09-15,CUST02021,Trimmer,Beauty & Personal Care,West,Online,1,999.0,999.0
104725,2025-03-30,CUST01556,Air Fryer,Home & Kitchen,South,Marketplace,1,2974.15,2974.15
106415,2025-09-25,CUST02471,Wireless Earbuds,Electronics,South,Online,1,1199.2,1199.2
106185,2025-09-01,CUST00178,Cotton T-Shirt,Fashion,South,Retail Store,1,479.2,479.2
102142,2024-08-20,CUST01206,Water Bottle,Sports & Fitness,East,Marketplace,1,349.0,349.0
102100,2024-08-16,CUST00784,Power Bank,Electronics,North,Online,1,899.0,899.0
102029,2024-08-08,CUST00700,USB-C Cable,Electronics,Central,Marketplace,1,249.0,249.0
104459,2025-03-04,CUST02100,Storage Containers,Home & Kitchen,North,Retail Store,2,499.0,998.0
103984,2025-01-12,CUST02329,Non-stick Pan Set,Home & Kitchen,West,Online,1,1299.0,1299.0
101931,2024-07-28,CUST00636,Bluetooth Speaker,Electronics,South,Online,1,1899.0,1899.0
105314,2025-06-03,CUST01458,Denim Jacket,Fashion,South,Online,1,1999.0,1999.0
107176,2025-11-16,CUST00188,Resistance Bands,Sports & Fitness,West,Online,2,399.0,798.0
104096,2025-01-23,CUST01880,Hair Dryer,Beauty & Personal Care,West,Online,1,1199.0,1199.0
101423,2024-05-31,CUST01114,Trimmer,Beauty & Personal Care,North,Online,1,799.2,799.2
102734,2024-10-10,CUST02016,Power Bank,Electronics,West,Online,1,899.0,899.0
104064,2025-01-21,CUST00581,Denim Jacket,Fashion,North,Marketplace,1,1999.0,1999.0
106851,2025-10-25,CUST00828,Running Shoes,Fashion,South,Retail Store,1,2499.0,2499.0
102626,2024-10-04,CUST00603,Wireless Earbuds,Electronics,North,Retail Store,1,1274.15,1274.15
100110,2024-01-13,CUST02231,Laptop Stand,Electronics,North,Online,1,799.0,799.0
104783,2025-04-06,CUST02127,Blender,Home & Kitchen,South,Online,1,1599.0,1599.0
105842,2025-07-29,CUST01404,Hair Dryer,Beauty & Personal Care,South,Marketplace,1,1199.0,1199.0
102977,2024-10-27,CUST02433,Yoga Mat,Sports & Fitness,West,Online,1,599.0,599.0
106371,2025-09-20,CUST01811,Blender,Home & Kitchen,South,Online,1,1599.0,1599.0
102630,2024-10-05,CUST00014,Water Bottle,Sports & Fitness,South,Retail Store,1,314.1,314.1
102067,2024-08-12,CUST00459,Smartwatch,Electronics,South,Marketplace,2,2999.0,5998.0
105697,2025-07-13,CUST00698,Denim Jacket,Fashion,South,Marketplace,3,1999.0,5997.0
105817,2025-07-26,CUST02316,Blender,Home & Kitchen,Central,Online,2,1599.0,3198.0
103583,2024-12-08,CUST00869,Face Serum,Beauty & Personal Care,West,Retail Store,1,699.0,699.0
107670,2025-12-23,CUST02491,Running Shoes,Fashion,Central,Retail Store,1,2249.1,2249.1
106457,2025-09-28,CUST01070,Dumbbell Set,Sports & Fitness,North,Online,1,2199.0,2199.0
105750,2025-07-19,CUST02493,Sunscreen SPF50,Beauty & Personal Care,South,Retail Store,1,359.2,359.2
101426,2024-06-01,CUST00923,Resistance Bands,Sports & Fitness,West,Online,1,399.0,399.0
103372,2024-11-22,CUST02437,Wireless Earbuds,Electronics,East,Online,2,1199.2,2398.4
102668,2024-10-07,CUST01558,Storage Containers,Home & Kitchen,East,Retail Store,1,424.15,424.15
104612,2025-03-20,CUST00183,Hair Dryer,Beauty & Personal Care,South,Retail Store,1,1199.0,1199.0
105450,2025-06-17,CUST01849,Electric Kettle,Home & Kitchen,North,Online,1,764.15,764.15
101916,2024-07-27,CUST00701,Smartwatch,Electronics,East,Marketplace,1,2999.0,2999.0
104004,2025-01-14,CUST02002,Face Serum,Beauty & Personal Care,North,Online,1,559.2,559.2
101097,2024-04-26,CUST01439,Blender,Home & Kitchen,West,Marketplace,1,1279.2,1279.2
104333,2025-02-19,CUST02157,Backpack,Fashion,West,Retail Store,1,1399.0,1399.0
106376,2025-09-21,CUST00196,Water Bottle,Sports & Fitness,North,Marketplace,1,349.0,349.0
104925,2025-04-20,CUST01280,Trimmer,Beauty & Personal Care,South,Retail Store,1,849.15,849.15
105912,2025-08-05,CUST00115,Sunscreen SPF50,Beauty & Personal Care,West,Online,1,449.0,449.0
100961,2024-04-10,CUST00406,Yoga Mat,Sports & Fitness,North,Marketplace,1,599.0,599.0
102456,2024-09-18,CUST01839,Trimmer,Beauty & Personal Care,North,Online,1,999.0,999.0
104831,2025-04-11,CUST02431,Yoga Mat,Sports & Fitness,East,Online,1,599.0,599.0
101158,2024-05-01,CUST01620,Non-stick Pan Set,Home & Kitchen,Central,Online,1,1299.0,1299.0
106246,2025-09-07,CUST01808,Power Bank,Electronics,South,Online,1,899.0,899.0
105446,2025-06-17,CUST00012,Laptop Stand,Electronics,West,Marketplace,1,799.0,799.0
102173,2024-08-22,CUST00385,Running Shoes,Fashion,Central,Retail Store,1,2499.0,2499.0
105987,2025-08-12,CUST01231,Bluetooth Speaker,Electronics,South,Online,2,1899.0,3798.0
100604,2024-03-04,CUST01677,Backpack,Fashion,West,Retail Store,1,1259.1,1259.1
103617,2024-12-11,CUST01082,Backpack,Fashion,North,Retail Store,1,1399.0,1399.0
102778,2024-10-13,CUST00769,Running Shoes,Fashion,Central,Online,1,2499.0,2499.0
107529,2025-12-10,CUST02001,Backpack,Fashion,West,Retail Store,1,1399.0,1399.0
103166,2024-11-09,CUST00784,Running Shoes,Fashion,South,Marketplace,1,2499.0,2499.0
105427,2025-06-15,CUST02505,Backpack,Fashion,Central,Online,1,1119.2,1119.2
104185,2025-02-02,CUST02209,USB-C Cable,Electronics,South,Marketplace,1,249.0,249.0
106347,2025-09-17,CUST00384,Bluetooth Speaker,Electronics,West,Marketplace,1,1899.0,1899.0
102025,2024-08-08,CUST02075,Running Shoes,Fashion,North,Online,1,2499.0,2499.0
107089,2025-11-10,CUST00952,Dumbbell Set,Sports & Fitness,East,Marketplace,1,1759.2,1759.2
100420,2024-02-15,CUST01402,Face Serum,Beauty & Personal Care,South,Retail Store,1,699.0,699.0
107574,2025-12-14,CUST01450,Sunscreen SPF50,Beauty & Personal Care,North,Online,1,449.0,449.0
106110,2025-08-24,CUST02235,Storage Containers,Home & Kitchen,West,Online,1,499.0,499.0
103739,2024-12-21,CUST01187,Air Fryer,Home & Kitchen,Central,Retail Store,1,3499.0,3499.0
104810,2025-04-09,CUST01842,Air Fryer,Home & Kitchen,West,Retail Store,1,3499.0,3499.0
104487,2025-03-07,CUST01196,Blender,Home & Kitchen,Central,Online,1,1599.0,1599.0
105895,2025-08-03,CUST00197,Sunscreen SPF50,Beauty & Personal Care,Central,Online,1,381.65,381.65
100681,2024-03-11,CUST01859,Trimmer,Beauty & Personal Care,North,Retail Store,3,799.2,2397.6
105785,2025-07-22,CUST00109,Storage Containers,Home & Kitchen,South,Retail Store,2,499.0,998.0
107118,2025-11-12,CUST02367,Trimmer,Beauty & Personal Care,West,Retail Store,1,999.0,999.0
102993,2024-10-28,CUST01419,Wireless Earbuds,Electronics,Central,Retail Store,1,1274.15,1274.15
100699,2024-03-13,CUST01524,Storage Containers,Home & Kitchen,North,Retail Store,1,499.0,499.0
101536,2024-06-14,CUST02532,Laptop Stand,Electronics,West,Retail Store,1,799.0,799.0
101083,2024-04-24,CUST01890,Blender,Home & Kitchen,North,Retail Store,1,1599.0,1599.0
105106,2025-05-09,CUST00042,Blender,Home & Kitchen,West,Online,1,1599.0,1599.0
105739,2025-07-18,CUST01799,Sunscreen SPF50,Beauty & Personal Care,South,Retail Store,1,404.1,404.1
104787,2025-04-06,CUST02014,Water Bottle,Sports & Fitness,Central,Online,3,349.0,1047.0
107023,2025-11-06,CUST01788,Sunglasses,Fashion,East,Retail Store,1,799.0,799.0
107561,2025-12-13,CUST00739,Storage Containers,Home & Kitchen,Central,Online,1,499.0,499.0
104244,2025-02-09,CUST00921,Sunglasses,Fashion,East,Marketplace,1,799.0,799.0
107048,2025-11-08,CUST02231,Trimmer,Beauty & Personal Care,East,Online,1,999.0,999.0
103415,2024-11-24,CUST02250,Backpack,Fashion,West,Online,1,1399.0,1399.0
106775,2025-10-20,CUST01891,Backpack,Fashion,South,Online,1,1399.0,1399.0
101691,2024-07-03,CUST00873,Bluetooth Speaker,ELECTRONICS,South,Online,1,1519.2,1519.2
101329,2024-05-21,CUST00073,Denim Jacket,Fashion,South,Retail Store,1,1599.2,1599.2
103711,2024-12-18,CUST02382,Air Fryer,Home & Kitchen,Central,Online,1,2974.15,2974.15
105348,2025-06-07,CUST01958,Air Fryer,Home & Kitchen,Central,Marketplace,1,2974.15,2974.15
107501,2025-12-07,CUST00179,Sunglasses,Fashion,South,Marketplace,1,799.0,799.0
102243,2024-08-31,CUST02151,Blender,Home & Kitchen,North,Online,1,1599.0,1599.0
105978,2025-08-11,CUST02377,Yoga Mat,Sports & Fitness,West,Marketplace,1,599.0,599.0
103178,2024-11-10,CUST02423,Resistance Bands,Sports & Fitness,North,Online,1,399.0,399.0
104883,2025-04-17,CUST01716,Running Shoes,Fashion,East,Retail Store,1,2499.0,2499.0
104516,2025-03-11,CUST00211,Running Shoes,Fashion,Central,Retail Store,1,2499.0,2499.0
100995,2024-04-13,CUST00139,Wireless Earbuds,Electronics,North,Marketplace,1,1199.2,1199.2
104251,2025-02-09,CUST02218,Wireless Earbuds,Electronics,North,Marketplace,1,1499.0,1499.0
104528,2025-03-12,CUST02289,Running Shoes,Fashion,West,Marketplace,2,2499.0,4998.0
101004,2024-04-14,CUST01833,Dumbbell Set,Sports & Fitness,West,Online,1,2199.0,2199.0
107422,2025-12-02,CUST00275,Blender,Home & Kitchen,East,Online,1,1359.15,1359.15
101864,2024-07-21,CUST02439,Water Bottle,Sports & Fitness,South,Retail Store,2,279.2,558.4
100732,2024-03-16,CUST02221,Storage Containers,Home & Kitchen,North,Online,2,499.0,998.0
101838,2024-07-19,CUST01889,Wireless Earbuds,Electronics,,Online,2,1499.0,2998.0
101967,2024-08-02,CUST02498,Non-stick Pan Set,Home & Kitchen,West,Retail Store,2,1299.0,2598.0
107390,2025-11-30,CUST01984,Electric Kettle,Home & Kitchen,East,Online,1,899.0,899.0
104962,2025-04-24,CUST01150,Bluetooth Speaker,Electronics,South,Retail Store,1,1899.0,1899.0
105326,2025-06-04,CUST00351,Denim Jacket,Fashion,North,Online,1,1999.0,1999.0
104285,2025-02-13,CUST00737,Sunscreen SPF50,Beauty & Personal Care,West,Online,1,359.2,359.2
103936,2025-01-07,CUST00613,Water Bottle,Sports & Fitness,North,Retail Store,1,349.0,349.0
101606,2024-06-24,CUST00905,Blender,Home & Kitchen,Central,Online,2,1599.0,3198.0
103996,2025-01-14,CUST02062,Hair Dryer,Beauty & Personal Care,South,Online,1,1199.0,1199.0
107644,2025-12-20,CUST01235,Denim Jacket,Fashion,North,Online,1,1599.2,1599.2
102971,2024-10-26,CUST02042,Denim Jacket,Fashion,South,Marketplace,1,1999.0,1999.0
106670,2025-10-14,CUST01809,Hair Dryer,Beauty & Personal Care,South,Marketplace,1,1199.0,1199.0
106981,2025-11-03,CUST00332,Denim Jacket,FASHION,South,Online,1,1999.0,1999.0
103438,2024-11-26,CUST00692,Storage Containers,Home & Kitchen,West,Retail Store,1,399.2,399.2
107718,2025-12-27,CUST01475,Cotton T-Shirt,Fashion,North,Marketplace,1,599.0,599.0
101105,2024-04-26,CUST01688,Storage Containers,Home & Kitchen,North,Online,1,499.0,499.0
107314,2025-11-25,CUST02530,Trimmer,Beauty & Personal Care,North,Online,1,999.0,999.0
100393,2024-02-12,CUST00489,Wireless Earbuds,Electronics,South,Retail Store,1,1499.0,1499.0
105170,2025-05-16,CUST01671,Resistance Bands,Sports & Fitness,Central,Online,1,339.15,339.15
100162,2024-01-20,CUST01380,Denim Jacket,Fashion,South,Online,1,1599.2,1599.2
100197,2024-01-22,CUST01104,USB-C Cable,ELECTRONICS,North,Retail Store,1,224.1,224.1
105250,2025-05-25,CUST00255,Backpack,Fashion,East,Marketplace,2,1399.0,2798.0
107335,2025-11-27,CUST02001,Yoga Mat,Sports & Fitness,Central,Online,1,599.0,599.0
103919,2025-01-05,CUST00882,Sunglasses,Fashion,South,Online,1,799.0,799.0
101701,2024-07-06,CUST01885,Denim Jacket,Fashion,North,Online,1,1599.2,1599.2
104620,2025-03-21,CUST00449,Yoga Mat,Sports & Fitness,Central,Marketplace,1,599.0,599.0
103325,2024-11-19,CUST02154,Resistance Bands,Sports & Fitness,West,Online,1,359.1,359.1
102719,2024-10-10,CUST01892,Sunscreen SPF50,Beauty & Personal Care,West,Online,1,449.0,449.0
102126,2024-08-18,CUST00084,Trimmer,Beauty & Personal Care,East,Retail Store,1,999.0,999.0
105498,2025-06-23,CUST00533,Face Serum,Beauty & Personal Care,North,Online,1,699.0,699.0
104192,2025-02-02,CUST00526,Face Serum,Beauty & Personal Care,South,Retail Store,1,699.0,699.0
106700,2025-10-16,CUST00178,Hair Dryer,Beauty & Personal Care,East,Online,1,1199.0,1199.0
100040,2024-01-05,CUST00605,Cotton T-Shirt,Fashion,East,Retail Store,2,599.0,1198.0
100411,2024-02-14,CUST00117,Air Fryer,Home & Kitchen,West,Online,1,3149.1,3149.1
101538,2024-06-14,CUST01879,Sunscreen SPF50,Beauty & Personal Care,East,Retail Store,2,449.0,898.0
103636,2024-12-13,CUST01403,Denim Jacket,Fashion,Central,Marketplace,1,1999.0,1999.0
101732,2024-07-09,CUST00309,Face Serum,Beauty & Personal Care,South,Online,1,594.15,594.15
104324,2025-02-18,CUST00783,Electric Kettle,Home & Kitchen,North,Marketplace,2,899.0,1798.0
101043,2024-04-18,CUST02372,Cotton T-Shirt,Fashion,South,Online,1,599.0,599.0
100677,2024-03-11,CUST00094,Face Serum,Beauty & Personal Care,South,Online,1,699.0,699.0
103028,2024-10-31,CUST00294,Smartwatch,Electronics,West,Online,1,2999.0,2999.0
100187,2024-01-21,CUST01274,Face Serum,Beauty & Personal Care,East,Online,1,594.15,594.15
105553,2025-06-30,CUST00423,Non-stick Pan Set,Home & Kitchen,Central,Online,1,1299.0,1299.0
105874,2025-08-01,CUST01323,Resistance Bands,Sports & Fitness,West,Marketplace,1,399.0,399.0
105213,2025-05-21,CUST00612,Power Bank,Electronics,South,Online,2,899.0,1798.0
107066,2025-11-09,CUST01322,Denim Jacket,Fashion,West,Retail Store,1,1999.0,1999.0
106226,2025-09-06,CUST00613,Laptop Stand,Electronics,West,Online,1,799.0,799.0
101387,2024-05-27,CUST01887,Wireless Earbuds,Electronics,West,Online,1,1349.1,1349.1
102247,2024-08-31,CUST00427,Wireless Earbuds,Electronics,North,Retail Store,1,1499.0,1499.0
104729,2025-03-30,CUST01842,Water Bottle,Sports & Fitness,West,Retail Store,2,279.2,558.4
107331,2025-11-27,CUST01213,Electric Kettle,Home & Kitchen,South,Online,2,899.0,1798.0
104709,2025-03-29,CUST02309,Backpack,Fashion,Central,Online,1,1259.1,1259.1
105706,2025-07-15,CUST00091,Water Bottle,Sports & Fitness,North,Retail Store,1,349.0,349.0
107345,2025-11-28,CUST01580,Hair Dryer,Beauty & Personal Care,North,Online,1,1019.15,1019.15
105422,2025-06-14,CUST01886,Sunglasses,Fashion,West,Online,1,799.0,799.0
106760,2025-10-19,CUST02350,Water Bottle,Sports & Fitness,,Retail Store,2,349.0,698.0
100029,2024-01-04,CUST02323,Laptop Stand,Electronics,East,Online,1,799.0,799.0
102954,2024-10-25,CUST02372,Wireless Earbuds,Electronics,South,Retail Store,2,1499.0,2998.0
103449,2024-11-27,CUST00627,Power Bank,Electronics,South,Online,1,719.2,719.2
103132,2024-11-07,CUST00232,Water Bottle,Sports & Fitness,South,Marketplace,1,349.0,349.0
103074,2024-11-02,CUST00139,Smartwatch,Electronics,West,Online,2,2999.0,5998.0
101284,2024-05-16,CUST02116,Water Bottle,Sports & Fitness,South,Online,1,349.0,349.0
106086,2025-08-22,CUST01891,Hair Dryer,Beauty & Personal Care,Central,Retail Store,2,1079.1,2158.2
102524,2024-09-25,CUST02119,Hair Dryer,Beauty & Personal Care,North,Online,2,1019.15,2038.3
103911,2025-01-04,CUST02063,Dumbbell Set,Sports & Fitness,South,Online,1,1869.15,1869.15
104304,2025-02-16,CUST02314,Smartwatch,Electronics,North,Online,1,2999.0,2999.0
103187,2024-11-10,CUST01804,Running Shoes,Fashion,East,Retail Store,1,2499.0,2499.0
105691,2025-07-13,CUST01274,Dumbbell Set,Sports & Fitness,East,Retail Store,3,2199.0,6597.0
107301,2025-11-24,CUST00099,Wireless Earbuds,Electronics,South,Retail Store,1,1274.15,1274.15
106583,2025-10-06,CUST00164,Electric Kettle,Home & Kitchen,East,Online,1,899.0,899.0
107075,2025-11-09,CUST01858,Sunglasses,Fashion,South,Retail Store,1,719.1,719.1
102733,2024-10-10,CUST00262,Dumbbell Set,Sports & Fitness,South,Retail Store,1,2199.0,2199.0
106586,2025-10-07,CUST02420,Dumbbell Set,Sports & Fitness,West,Retail Store,1,2199.0,2199.0
106576,2025-10-06,CUST00423,Denim Jacket,Fashion,North,Online,1,1999.0,1999.0
104049,2025-01-19,CUST02422,Cotton T-Shirt,Fashion,Central,Online,1,509.15,509.15
106133,2025-08-27,CUST01106,Resistance Bands,Sports & Fitness,South,Online,2,319.2,638.4
105524,2025-06-27,CUST01212,Air Fryer,Home & Kitchen,East,Retail Store,1,3499.0,3499.0
103894,2025-01-02,CUST00050,Sunscreen SPF50,Beauty & Personal Care,South,Online,1,449.0,449.0
106463,2025-09-29,CUST00079,Face Serum,Beauty & Personal Care,South,Retail Store,1,594.15,594.15
102044,2024-08-10,CUST00664,Blender,Home & Kitchen,South,Marketplace,1,1599.0,1599.0
106367,2025-09-20,CUST02358,Backpack,Fashion,East,Retail Store,3,1399.0,4197.0
101911,2024-07-26,CUST00142,Running Shoes,Fashion,West,Retail Store,1,2499.0,2499.0
107595,2025-12-16,CUST01605,Sunglasses,Fashion,West,Online,1,799.0,799.0
104001,2025-01-14,CUST02001,Cotton T-Shirt,Fashion,Central,Online,1,599.0,599.0
101529,2024-06-13,CUST02373,Hair Dryer,Beauty & Personal Care,East,Marketplace,1,1079.1,1079.1
107069,2025-11-09,CUST00110,Blender,Home & Kitchen,West,Online,1,1439.1,1439.1
105080,2025-05-06,CUST01176,Laptop Stand,ELECTRONICS,Central,Online,1,799.0,799.0
105935,2025-08-08,CUST00453,Sunscreen SPF50,Beauty & Personal Care,South,Online,1,449.0,449.0
101998,2024-08-05,CUST00800,Laptop Stand,Electronics,North,Online,1,799.0,799.0
101484,2024-06-08,CUST00932,Cotton T-Shirt,FASHION,North,Online,1,599.0,599.0
100020,2024-01-03,CUST01284,USB-C Cable,Electronics,,Online,1,249.0,249.0
106884,2025-10-27,CUST02058,Smartwatch,Electronics,West,Marketplace,2,2999.0,5998.0
106171,2025-08-31,CUST01319,Water Bottle,Sports & Fitness,,Online,2,349.0,698.0
106374,2025-09-21,CUST00505,Storage Containers,Home & Kitchen,Central,Online,1,499.0,499.0
105476,2025-06-20,CUST01155,Non-stick Pan Set,Home & Kitchen,West,Online,1,1299.0,1299.0
106545,2025-10-04,CUST02147,Yoga Mat,Sports & Fitness,West,Online,1,599.0,599.0
101760,2024-07-12,CUST01406,Denim Jacket,Fashion,North,Retail Store,1,1999.0,1999.0
101430,2024-06-01,CUST00970,Storage Containers,Home & Kitchen,East,Marketplace,1,449.1,449.1
104195,2025-02-03,CUST01858,Wireless Earbuds,Electronics,South,Online,1,1199.2,1199.2
100343,2024-02-05,CUST02409,Cotton T-Shirt,Fashion,South,Retail Store,3,599.0,1797.0
102938,2024-10-25,CUST02370,Backpack,Fashion,South,Online,1,1189.15,1189.15
102254,2024-09-01,CUST01344,Backpack,Fashion,East,Retail Store,1,1399.0,1399.0
103654,2024-12-14,CUST02028,Water Bottle,Sports & Fitness,South,Online,1,349.0,349.0
101941,2024-07-30,CUST02045,Resistance Bands,Sports & Fitness,East,Online,1,399.0,399.0
107072,2025-11-09,CUST00980,Storage Containers,Home & Kitchen,East,Online,1,424.15,424.15
105145,2025-05-13,CUST01930,Sunscreen SPF50,Beauty & Personal Care,West,Marketplace,1,449.0,449.0
102191,2024-08-24,CUST01640,Air Fryer,Home & Kitchen,North,Online,1,3499.0,3499.0
100610,2024-03-04,CUST00428,Wireless Earbuds,Electronics,West,Retail Store,1,1499.0,1499.0
101454,2024-06-05,CUST01431,Water Bottle,Sports & Fitness,North,Retail Store,1,279.2,279.2
102807,2024-10-16,CUST02580,Laptop Stand,Electronics,North,Retail Store,1,799.0,799.0
106595,2025-10-08,CUST01570,Sunscreen SPF50,Beauty & Personal Care,North,Retail Store,1,404.1,404.1
105751,2025-07-19,CUST00688,Yoga Mat,Sports & Fitness,South,Online,1,599.0,599.0
102910,2024-10-23,CUST00547,Dumbbell Set,Sports & Fitness,West,Online,2,2199.0,4398.0
105066,2025-05-04,CUST01334,Bluetooth Speaker,Electronics,West,Online,1,1899.0,1899.0
101039,2024-04-18,CUST00407,Water Bottle,Sports & Fitness,West,Retail Store,2,279.2,558.4
106806,2025-10-22,CUST01621,USB-C Cable,Electronics,North,Online,1,249.0,249.0
106151,2025-08-29,CUST00242,Face Serum,Beauty & Personal Care,West,Online,1,699.0,699.0
105966,2025-08-10,CUST00179,Dumbbell Set,Sports & Fitness,South,Retail Store,2,2199.0,4398.0
107220,2025-11-19,CUST01397,Hair Dryer,Beauty & Personal Care,South,Marketplace,2,1019.15,2038.3
103985,2025-01-12,CUST00344,Yoga Mat,Sports & Fitness,North,Online,1,509.15,509.15
100890,2024-04-02,CUST00010,Electric Kettle,Home & Kitchen,South,Retail Store,1,899.0,899.0
106947,2025-10-31,CUST01609,Smartwatch,Electronics,West,Online,1,2699.1,2699.1
106724,2025-10-17,CUST02573,Laptop Stand,ELECTRONICS,East,Retail Store,1,719.1,719.1
101772,2024-07-13,CUST00687,Running Shoes,Fashion,East,Online,1,2249.1,2249.1
105107,2025-05-10,CUST01768,Bluetooth Speaker,Electronics,West,Online,1,1899.0,1899.0
101270,2024-05-14,CUST00310,Denim Jacket,Fashion,West,Online,1,1999.0,1999.0
103733,2024-12-21,CUST00422,Sunscreen SPF50,Beauty & Personal Care,North,Retail Store,2,449.0,898.0
106148,2025-08-29,CUST02243,Water Bottle,Sports & Fitness,East,Online,1,349.0,349.0
104115,2025-01-25,CUST01253,Yoga Mat,Sports & Fitness,South,Online,1,599.0,599.0
100405,2024-02-13,CUST02172,Face Serum,Beauty & Personal Care,North,Online,1,594.15,594.15
101758,2024-07-12,CUST01280,Electric Kettle,Home & Kitchen,East,Retail Store,1,899.0,899.0
107088,2025-11-10,CUST01983,Yoga Mat,Sports & Fitness,South,Online,1,539.1,539.1
104130,2025-01-27,CUST01957,Storage Containers,Home & Kitchen,North,Online,1,499.0,499.0
107473,2025-12-06,CUST00876,Bluetooth Speaker,Electronics,West,Marketplace,1,1899.0,1899.0
101062,2024-04-22,CUST00253,Laptop Stand,Electronics,South,Online,1,639.2,639.2
106118,2025-08-25,CUST01422,Cotton T-Shirt,Fashion,West,Online,1,599.0,599.0
101884,2024-07-23,CUST00305,Blender,Home & Kitchen,West,Online,2,1599.0,3198.0
103789,2024-12-24,CUST01614,Smartwatch,Electronics,North,Online,2,2999.0,5998.0
105246,2025-05-25,CUST00324,Electric Kettle,Home & Kitchen,South,Marketplace,2,899.0,1798.0
101797,2024-07-16,CUST01101,Backpack,Fashion,South,Marketplace,1,1259.1,1259.1
100806,2024-03-24,CUST01062,Bluetooth Speaker,Electronics,West,Online,2,1899.0,3798.0
100905,2024-04-04,CUST00268,Running Shoes,Fashion,West,Online,1,2499.0,2499.0
106402,2025-09-24,CUST02383,Bluetooth Speaker,Electronics,West,Marketplace,1,1709.1,1709.1
101724,2024-07-08,CUST00836,Face Serum,Beauty & Personal Care,North,Online,2,699.0,1398.0
100950,2024-04-09,CUST01628,Cotton T-Shirt,Fashion,West,Online,1,599.0,599.0
105898,2025-08-03,CUST01914,Air Fryer,Home & Kitchen,West,Retail Store,1,3499.0,3499.0
102036,2024-08-09,CUST00334,Bluetooth Speaker,Electronics,West,Online,1,1899.0,1899.0
106653,2025-10-12,CUST00022,Denim Jacket,Fashion,Central,Online,1,1999.0,1999.0
106286,2025-09-11,CUST00043,Backpack,Fashion,West,Online,1,1399.0,1399.0
106409,2025-09-24,CUST00712,Cotton T-Shirt,Fashion,Central,Online,1,599.0,599.0
102912,2024-10-23,CUST02199,Sunscreen SPF50,Beauty & Personal Care,East,Marketplace,1,381.65,381.65
104197,2025-02-03,CUST01718,Wireless Earbuds,Electronics,West,Retail Store,1,1499.0,1499.0
101773,2024-07-13,CUST01107,Storage Containers,Home & Kitchen,East,Online,1,499.0,499.0
100133,2024-01-16,CUST02208,Face Serum,Beauty & Personal Care,North,Marketplace,1,699.0,699.0
100372,2024-02-10,CUST01021,Water Bottle,Sports & Fitness,South,Marketplace,1,296.65,296.65
103087,2024-11-03,CUST01463,Smartwatch,Electronics,South,Online,1,2999.0,2999.0
102367,2024-09-11,CUST00933,USB-C Cable,Electronics,South,Marketplace,2,249.0,498.0
103114,2024-11-05,CUST01891,Power Bank,Electronics,East,Online,1,764.15,764.15
100329,2024-02-03,CUST01156,Laptop Stand,Electronics,South,Online,2,679.15,1358.3
105260,2025-05-26,CUST01632,Face Serum,Beauty & Personal Care,West,Online,1,699.0,699.0
102757,2024-10-12,CUST00592,USB-C Cable,Electronics,East,Online,1,249.0,249.0
102424,2024-09-15,CUST02394,Power Bank,Electronics,North,Online,1,899.0,899.0
104876,2025-04-15,CUST02326,Resistance Bands,Sports & Fitness,South,Marketplace,1,399.0,399.0
106701,2025-10-16,CUST00601,Running Shoes,Fashion,South,Retail Store,2,2499.0,4998.0
104968,2025-04-24,CUST00717,Electric Kettle,Home & Kitchen,South,Online,2,899.0,1798.0
102387,2024-09-13,CUST00636,Hair Dryer,Beauty & Personal Care,South,Online,1,1199.0,1199.0
103318,2024-11-19,CUST00210,Bluetooth Speaker,Electronics,South,Marketplace,1,1709.1,1709.1
107392,2025-11-30,CUST02163,Power Bank,Electronics,South,Online,1,809.1,809.1
104470,2025-03-06,CUST00875,Wireless Earbuds,Electronics,North,Online,1,1199.2,1199.2
107661,2025-12-22,CUST01927,Storage Containers,Home & Kitchen,North,Online,1,499.0,499.0
103376,2024-11-23,CUST02544,Bluetooth Speaker,Electronics,South,Online,2,1614.15,3228.3
100168,2024-01-20,CUST02570,Yoga Mat,Sports & Fitness,West,Retail Store,1,599.0,599.0
106035,2025-08-17,CUST01112,Bluetooth Speaker,Electronics,West,Online,2,1899.0,3798.0
105526,2025-06-27,CUST01920,Cotton T-Shirt,Fashion,North,Marketplace,1,599.0,599.0
102468,2024-09-19,CUST00210,Storage Containers,Home & Kitchen,East,Retail Store,1,499.0,499.0
100665,2024-03-10,CUST01222,Wireless Earbuds,Electronics,North,Retail Store,1,1199.2,1199.2
104921,2025-04-20,CUST00117,Denim Jacket,Fashion,East,Online,1,1999.0,1999.0
103578,2024-12-07,CUST00020,Sunglasses,Fashion,North,Retail Store,1,799.0,799.0
102559,2024-09-29,CUST00941,Yoga Mat,Sports & Fitness,East,Marketplace,1,599.0,599.0
107568,2025-12-13,CUST01396,Non-stick Pan Set,Home & Kitchen,West,Retail Store,1,1299.0,1299.0
100296,2024-02-01,CUST00144,Cotton T-Shirt,Fashion,South,Marketplace,1,599.0,599.0
105958,2025-08-09,CUST01503,Laptop Stand,Electronics,South,Retail Store,1,799.0,799.0
103370,2024-11-22,CUST01544,Sunglasses,Fashion,East,Online,1,679.15,679.15
106893,2025-10-28,CUST01257,Electric Kettle,Home & Kitchen,West,Marketplace,1,899.0,899.0
106930,2025-10-30,CUST01815,Wireless Earbuds,Electronics,Central,Marketplace,1,1274.15,1274.15
104742,2025-03-31,CUST00037,Sunglasses,Fashion,North,Marketplace,1,799.0,799.0
104234,2025-02-08,CUST00931,Resistance Bands,Sports & Fitness,West,Online,1,399.0,399.0
102511,2024-09-24,CUST01793,Sunglasses,Fashion,North,Retail Store,2,799.0,1598.0
101926,2024-07-27,CUST00592,USB-C Cable,Electronics,South,Retail Store,1,249.0,249.0
103009,2024-10-29,CUST02362,Dumbbell Set,Sports & Fitness,East,Marketplace,1,2199.0,2199.0
105104,2025-05-09,CUST00445,Face Serum,Beauty & Personal Care,North,Online,2,629.1,1258.2
102902,2024-10-23,CUST00831,Power Bank,Electronics,North,Marketplace,3,899.0,2697.0
100362,2024-02-08,CUST02436,Dumbbell Set,Sports & Fitness,East,Retail Store,1,1759.2,1759.2
103088,2024-11-03,CUST01821,Resistance Bands,Sports & Fitness,South,Online,1,399.0,399.0
103211,2024-11-12,CUST00311,Air Fryer,Home & Kitchen,East,Retail Store,1,3499.0,3499.0
105362,2025-06-08,CUST00525,Electric Kettle,Home & Kitchen,Central,Marketplace,3,899.0,2697.0
106868,2025-10-26,CUST02192,Air Fryer,Home & Kitchen,North,Online,0,3499.0,3499.0
103614,2024-12-11,CUST02200,Power Bank,Electronics,South,Marketplace,1,899.0,899.0
103400,2024-11-24,CUST02039,Air Fryer,Home & Kitchen,North,Retail Store,2,2974.15,5948.3
100723,2024-03-16,CUST02096,Smartwatch,Electronics,North,Retail Store,1,2699.1,2699.1
105869,2025-08-01,CUST02452,Storage Containers,Home & Kitchen,North,Marketplace,1,499.0,499.0
106891,2025-10-28,CUST01555,Denim Jacket,Fashion,Central,Online,1,1999.0,1999.0
102791,2024-10-14,CUST02075,Sunglasses,Fashion,Central,Online,1,799.0,799.0
101770,2024-07-13,CUST01347,Face Serum,Beauty & Personal Care,South,Marketplace,1,699.0,699.0
103531,2024-12-04,CUST01310,Hair Dryer,Beauty & Personal Care,North,Online,1,1199.0,1199.0
107407,2025-12-01,CUST00802,USB-C Cable,Electronics,North,Online,2,249.0,498.0
104122,2025-01-26,CUST02476,Water Bottle,Sports & Fitness,South,Retail Store,1,314.1,314.1
102934,2024-10-24,CUST01880,Denim Jacket,Fashion,Central,Marketplace,1,1999.0,1999.0
102554,2024-09-28,CUST01118,Bluetooth Speaker,Electronics,West,Retail Store,1,1899.0,1899.0
102792,2024-10-14,CUST02571,Resistance Bands,SPORTS & FITNESS,West,Online,1,399.0,399.0
107032,2025-11-07,CUST01015,Power Bank,Electronics,North,Online,1,899.0,899.0
107007,2025-11-05,CUST02347,Trimmer,Beauty & Personal Care,North,Online,1,999.0,999.0
106165,2025-08-30,CUST01754,Backpack,Fashion,South,Online,1,1399.0,1399.0
103399,2024-11-24,CUST02590,Smartwatch,Electronics,West,Retail Store,1,2999.0,2999.0
104140,2025-01-28,CUST01880,Non-stick Pan Set,Home & Kitchen,North,Marketplace,1,1039.2,1039.2
105375,2025-06-09,CUST00458,Hair Dryer,Beauty & Personal Care,Central,Retail Store,1,1199.0,1199.0
106582,2025-10-06,CUST00926,Blender,Home & Kitchen,South,Online,1,1599.0,1599.0
102359,2024-09-11,CUST00602,Water Bottle,Sports & Fitness,North,Online,2,349.0,698.0
101622,2024-06-25,CUST01839,Laptop Stand,Electronics,North,Marketplace,2,799.0,1598.0
104359,2025-02-22,CUST00420,Denim Jacket,Fashion,North,Retail Store,1,1999.0,1999.0
101193,2024-05-06,CUST00440,Laptop Stand,Electronics,South,Marketplace,1,639.2,639.2
102764,2024-10-12,CUST02341,Power Bank,Electronics,West,Retail Store,1,719.2,719.2
104095,2025-01-23,CUST00905,Trimmer,Beauty & Personal Care,North,Online,1,849.15,849.15
106614,2025-10-09,CUST02112,Trimmer,Beauty & Personal Care,West,Online,1,799.2,799.2
101674,2024-07-01,CUST01593,Laptop Stand,Electronics,East,Online,1,799.0,799.0
105862,2025-07-31,CUST00693,Air Fryer,Home & Kitchen,East,Online,1,3499.0,3499.0
104892,2025-04-17,CUST01012,Hair Dryer,Beauty & Personal Care,West,Marketplace,2,1199.0,2398.0
101170,2024-05-03,CUST01027,Sunscreen SPF50,Beauty & Personal Care,East,Online,1,449.0,449.0
102610,2024-10-03,CUST02253,Dumbbell Set,Sports & Fitness,South,Online,1,2199.0,2199.0
106363,2025-09-20,CUST02405,Sunscreen SPF50,Beauty & Personal Care,South,Online,1,449.0,449.0
104650,2025-03-23,CUST01176,Yoga Mat,Sports & Fitness,South,Marketplace,1,599.0,599.0
100416,2024-02-15,CUST00252,Yoga Mat,Sports & Fitness,Central,Retail Store,1,599.0,599.0
100979,2024-04-12,CUST01503,Water Bottle,Sports & Fitness,West,Online,2,349.0,698.0
102688,2024-10-08,CUST01768,Dumbbell Set,Sports & Fitness,West,Marketplace,1,1869.15,1869.15
100316,2024-02-02,CUST02000,Electric Kettle,Home & Kitchen,West,Online,1,899.0,899.0
101077,2024-04-23,CUST01471,Cotton T-Shirt,Fashion,East,Online,1,539.1,539.1
104756,2025-04-03,CUST00454,Backpack,Fashion,North,Retail Store,1,1399.0,1399.0
104735,2025-03-31,CUST00500,USB-C Cable,Electronics,South,Online,1,249.0,249.0
104641,2025-03-23,CUST02415,USB-C Cable,Electronics,East,Retail Store,1,249.0,249.0
100215,2024-01-24,CUST02309,Sunscreen SPF50,Beauty & Personal Care,Central,Online,1,449.0,449.0
106391,2025-09-22,CUST00894,Sunscreen SPF50,Beauty & Personal Care,East,Online,1,449.0,449.0
101885,2024-07-23,CUST00216,Yoga Mat,Sports & Fitness,,Online,1,599.0,599.0
104215,2025-02-05,CUST00029,Running Shoes,Fashion,North,Retail Store,1,2499.0,2499.0
106677,2025-10-14,CUST00601,Laptop Stand,Electronics,Central,Online,1,719.1,719.1
104371,2025-02-23,CUST02472,Hair Dryer,Beauty & Personal Care,South,Online,1,1199.0,1199.0
102095,2024-08-16,CUST01704,Resistance Bands,Sports & Fitness,South,Marketplace,1,399.0,399.0
103527,2024-12-03,CUST00133,Storage Containers,Home & Kitchen,East,Online,2,449.1,898.2
100659,2024-03-09,CUST02432,Sunscreen SPF50,Beauty & Personal Care,East,Online,1,449.0,449.0
104596,2025-03-18,CUST00539,Backpack,Fashion,Central,Online,2,1399.0,2798.0
103743,2024-12-21,CUST00801,Storage Containers,Home & Kitchen,South,Retail Store,1,499.0,499.0
102523,2024-09-25,CUST02386,Air Fryer,Home & Kitchen,North,Retail Store,1,3499.0,3499.0
106685,2025-10-15,CUST00715,Backpack,Fashion,West,Marketplace,1,1399.0,1399.0
101353,2024-05-24,CUST00997,Dumbbell Set,Sports & Fitness,East,Retail Store,1,1759.2,1759.2
106925,2025-10-30,CUST00551,Non-stick Pan Set,Home & Kitchen,North,Online,1,1299.0,1299.0
106339,2025-09-16,CUST00283,Blender,Home & Kitchen,West,Online,1,1279.2,1279.2
100969,2024-04-11,CUST02172,Bluetooth Speaker,Electronics,East,Online,1,1899.0,1899.0
105103,2025-05-09,CUST01042,Sunglasses,Fashion,North,Online,1,799.0,799.0
107163,2025-11-15,CUST01174,Electric Kettle,Home & Kitchen,West,Retail Store,1,899.0,899.0
104804,2025-04-07,CUST00198,Smartwatch,Electronics,Central,Online,1,2999.0,2999.0
100337,2024-02-05,CUST02523,Laptop Stand,Electronics,East,Online,2,799.0,1598.0
105184,2025-05-17,CUST01633,Running Shoes,Fashion,Central,Online,1,2499.0,2499.0
103679,2024-12-16,CUST00859,Cotton T-Shirt,Fashion,Central,Online,1,599.0,599.0
102758,2024-10-12,CUST01839,Face Serum,Beauty & Personal Care,Central,Online,1,559.2,559.2
106341,2025-09-17,CUST00986,Cotton T-Shirt,Fashion,South,Online,1,599.0,599.0
100747,2024-03-18,CUST02443,Sunglasses,Fashion,North,Online,2,799.0,1598.0
104551,2025-03-15,CUST02063,Smartwatch,Electronics,South,Online,1,2549.15,2549.15
103264,2024-11-16,CUST01849,Smartwatch,Electronics,North,Marketplace,1,2699.1,2699.1
103016,2024-10-29,CUST00379,Storage Containers,Home & Kitchen,North,Online,1,499.0,499.0
102992,2024-10-28,CUST00625,Blender,Home & Kitchen,South,Retail Store,1,1599.0,1599.0
107310,2025-11-25,CUST01925,Air Fryer,Home & Kitchen,North,Marketplace,2,2974.15,5948.3
102262,2024-09-01,CUST02333,Face Serum,Beauty & Personal Care,South,Online,1,699.0,699.0
105771,2025-07-21,CUST01694,Wireless Earbuds,Electronics,West,Retail Store,1,1499.0,1499.0
103481,2024-11-30,CUST02347,USB-C Cable,Electronics,South,Retail Store,1,249.0,249.0
105253,2025-05-25,CUST02130,Sunglasses,Fashion,West,Online,1,799.0,799.0
107498,2025-12-07,CUST00953,Wireless Earbuds,Electronics,North,Online,1,1499.0,1499.0
106121,2025-08-25,CUST02587,Storage Containers,Home & Kitchen,East,Retail Store,1,499.0,499.0
101982,2024-08-04,CUST02010,Power Bank,Electronics,West,Marketplace,3,899.0,2697.0
106742,2025-10-19,CUST02072,Resistance Bands,Sports & Fitness,South,Online,3,399.0,1197.0
105354,2025-06-07,CUST00570,Running Shoes,Fashion,West,Retail Store,1,2499.0,2499.0
103999,2025-01-14,CUST00158,Hair Dryer,Beauty & Personal Care,North,Retail Store,1,1079.1,1079.1
106505,2025-10-02,CUST00363,Non-stick Pan Set,Home & Kitchen,West,Online,1,1299.0,1299.0
106564,2025-10-05,CUST00809,Yoga Mat,Sports & Fitness,South,Online,1,539.1,539.1
104598,2025-03-18,CUST01343,Yoga Mat,Sports & Fitness,North,Retail Store,1,599.0,599.0
100290,2024-01-31,CUST01371,USB-C Cable,Electronics,West,Marketplace,1,249.0,249.0
106092,2025-08-22,CUST00329,Sunscreen SPF50,Beauty & Personal Care,North,Marketplace,1,449.0,449.0
101802,2024-07-16,CUST01229,Non-stick Pan Set,Home & Kitchen,North,Marketplace,1,1169.1,1169.1
104425,2025-03-01,CUST00046,Dumbbell Set,Sports & Fitness,North,Online,1,2199.0,2199.0
100921,2024-04-06,CUST02156,Air Fryer,Home & Kitchen,South,Online,1,2974.15,2974.15
103831,2024-12-28,CUST00674,Face Serum,Beauty & Personal Care,West,Online,1,699.0,699.0
102499,2024-09-23,CUST01450,Backpack,Fashion,South,Marketplace,1,1399.0,1399.0
104676,2025-03-26,CUST02508,Laptop Stand,Electronics,West,Online,2,799.0,1598.0
101716,2024-07-07,CUST00095,Trimmer,Beauty & Personal Care,Central,Online,1,799.2,799.2
100514,2024-02-24,CUST00417,Resistance Bands,Sports & Fitness,East,Retail Store,2,399.0,798.0
105095,2025-05-08,CUST00533,Electric Kettle,Home & Kitchen,West,Online,1,899.0,899.0
105769,2025-07-21,CUST00614,USB-C Cable,Electronics,South,Retail Store,1,199.2,199.2
103063,2024-11-01,CUST01448,Running Shoes,Fashion,Central,Online,1,1999.2,1999.2
101343,2024-05-22,CUST00878,Storage Containers,Home & Kitchen,South,Retail Store,1,499.0,499.0
107512,2025-12-08,CUST01038,Water Bottle,Sports & Fitness,South,Retail Store,1,279.2,279.2
102051,2024-08-10,CUST00181,Electric Kettle,Home & Kitchen,West,Marketplace,1,899.0,899.0
105754,2025-07-20,CUST00280,Smartwatch,Electronics,South,Marketplace,1,2549.15,2549.15
100074,2024-01-08,CUST00105,Storage Containers,Home & Kitchen,North,Online,1,499.0,499.0
101490,2024-06-09,CUST00872,Trimmer,Beauty & Personal Care,West,Retail Store,1,999.0,999.0
106136,2025-08-27,CUST01646,Sunglasses,Fashion,South,Online,1,799.0,799.0
100514,2024-02-24,CUST00417,Resistance Bands,Sports & Fitness,East,Retail Store,2,399.0,798.0
106619,2025-10-09,CUST00211,Sunglasses,Fashion,South,Retail Store,1,679.15,679.15
100826,2024-03-27,CUST01949,Hair Dryer,Beauty & Personal Care,North,Retail Store,1,1199.0,1199.0
107260,2025-11-22,CUST01552,Backpack,Fashion,North,Online,1,1399.0,1399.0
101813,2024-07-17,CUST00267,Sunglasses,Fashion,North,Retail Store,1,719.1,719.1
100493,2024-02-22,CUST00095,Laptop Stand,Electronics,East,Online,1,799.0,799.0
103431,2024-11-25,CUST02088,Non-stick Pan Set,Home & Kitchen,South,Online,3,1299.0,3897.0
106715,2025-10-17,CUST02285,USB-C Cable,Electronics,East,Retail Store,1,249.0,249.0
103022,2024-10-30,CUST02340,Water Bottle,Sports & Fitness,South,Marketplace,2,349.0,698.0
102846,2024-10-18,CUST00983,Sunscreen SPF50,Beauty & Personal Care,West,Online,2,449.0,898.0
102893,2024-10-22,CUST00400,Denim Jacket,Fashion,East,Online,1,1999.0,1999.0
100650,2024-03-08,CUST02174,Cotton T-Shirt,Fashion,,Online,1,509.15,509.15
102656,2024-10-06,CUST01839,Electric Kettle,Home & Kitchen,North,Marketplace,1,899.0,899.0
104139,2025-01-28,CUST01998,Cotton T-Shirt,Fashion,West,Retail Store,1,599.0,599.0
106147,2025-08-29,CUST01289,Air Fryer,Home & Kitchen,North,Retail Store,3,3499.0,10497.0
103791,2024-12-25,CUST02233,Electric Kettle,Home & Kitchen,South,Online,1,719.2,719.2
103846,2024-12-29,CUST02054,Backpack,Fashion,South,Online,2,1399.0,2798.0
100256,2024-01-28,CUST01097,Resistance Bands,Sports & Fitness,North,Retail Store,1,399.0,399.0
101685,2024-07-02,CUST01546,Running Shoes,Fashion,North,Online,3,2499.0,7497.0
102339,2024-09-08,CUST02263,Smartwatch,Electronics,South,Online,1,2999.0,2999.0
107438,2025-12-03,CUST00829,Running Shoes,Fashion,West,Online,1,2499.0,2499.0
105356,2025-06-08,CUST00945,Non-stick Pan Set,Home & Kitchen,East,Online,1,1299.0,1299.0
100869,2024-04-01,CUST02299,Running Shoes,Fashion,West,Online,1,2499.0,2499.0
107738,2025-12-27,CUST01203,Backpack,Fashion,Central,Retail Store,2,1399.0,2798.0
100433,2024-02-17,CUST00560,Water Bottle,Sports & Fitness,North,Retail Store,1,349.0,349.0
107634,2025-12-19,CUST00790,Face Serum,Beauty & Personal Care,West,Online,1,699.0,699.0
102828,2024-10-17,CUST00132,Electric Kettle,Home & Kitchen,South,Marketplace,1,764.15,764.15
100774,2024-03-22,CUST02003,Bluetooth Speaker,Electronics,North,Online,1,1899.0,1899.0
104821,2025-04-10,CUST00513,Yoga Mat,Sports & Fitness,South,Online,1,599.0,599.0
100954,2024-04-09,CUST01751,Storage Containers,Home & Kitchen,South,Marketplace,1,499.0,499.0
105959,2025-08-09,CUST01599,Running Shoes,Fashion,North,Online,2,2249.1,4498.2
102725,2024-10-10,CUST02450,Cotton T-Shirt,Fashion,South,Online,2,599.0,1198.0
103731,2024-12-21,CUST00722,Trimmer,Beauty & Personal Care,West,Online,2,999.0,1998.0
100743,2024-03-17,CUST00911,Non-stick Pan Set,Home & Kitchen,North,Online,1,1299.0,1299.0
102058,2024-08-11,CUST02574,Air Fryer,Home & Kitchen,North,Online,2,2974.15,5948.3
102442,2024-09-17,CUST01628,Electric Kettle,Home & Kitchen,South,Marketplace,1,899.0,899.0
100117,2024-01-13,CUST00175,Smartwatch,Electronics,North,Online,1,2999.0,2999.0
103623,2024-12-12,CUST02171,Power Bank,Electronics,Central,Retail Store,1,899.0,899.0
103875,2025-01-01,CUST01319,Cotton T-Shirt,Fashion,West,Online,2,599.0,1198.0
106899,2025-10-28,CUST01255,Blender,Home & Kitchen,North,Marketplace,1,1599.0,1599.0
107169,2025-11-15,CUST01750,Yoga Mat,Sports & Fitness,East,Online,1,539.1,539.1
104443,2025-03-02,CUST02048,Sunglasses,Fashion,North,Marketplace,1,799.0,799.0
103546,2024-12-05,CUST01963,Laptop Stand,Electronics,West,Online,1,799.0,799.0
106666,2025-10-14,CUST00596,USB-C Cable,Electronics,West,Marketplace,1,249.0,249.0
104520,2025-03-11,CUST01779,Backpack,Fashion,South,Retail Store,1,1399.0,1399.0
106725,2025-10-18,CUST00872,Blender,Home & Kitchen,East,Online,3,1599.0,4797.0
101786,2024-07-14,CUST02259,Trimmer,Beauty & Personal Care,South,Retail Store,1,899.1,899.1
106961,2025-11-01,CUST00049,Storage Containers,Home & Kitchen,South,Online,1,499.0,499.0
103336,2024-11-20,CUST02451,Sunglasses,Fashion,South,Retail Store,1,679.15,679.15
100738,2024-03-17,CUST00752,Dumbbell Set,Sports & Fitness,West,Online,1,2199.0,2199.0
106188,2025-09-02,CUST01453,Laptop Stand,Electronics,North,Online,2,719.1,1438.2
100081,2024-01-09,CUST01071,Water Bottle,Sports & Fitness,South,Online,1,349.0,349.0
106825,2025-10-24,CUST00295,Laptop Stand,Electronics,Central,Online,1,799.0,799.0
105468,2025-06-19,CUST01601,Power Bank,Electronics,,Online,1,809.1,809.1
105554,2025-06-30,CUST00608,Backpack,Fashion,North,Online,1,1399.0,1399.0
105566,2025-07-01,CUST01124,Sunglasses,Fashion,North,Online,1,799.0,799.0
102018,2024-08-07,CUST01390,Sunglasses,Fashion,South,Online,1,799.0,799.0
107499,2025-12-07,CUST01768,Bluetooth Speaker,Electronics,South,Online,1,1899.0,1899.0
105528,2025-06-27,CUST00926,Face Serum,Beauty & Personal Care,North,Online,1,699.0,699.0
104943,2025-04-23,CUST00767,Air Fryer,Home & Kitchen,South,Online,1,2974.15,2974.15
100174,2024-01-20,CUST01716,Non-stick Pan Set,Home & Kitchen,East,Online,2,1299.0,2598.0
103804,2024-12-26,CUST01019,Sunglasses,Fashion,West,Online,1,799.0,799.0
102686,2024-10-08,CUST01572,Non-stick Pan Set,Home & Kitchen,North,Retail Store,1,1104.15,1104.15
101167,2024-05-03,CUST01537,Air Fryer,Home & Kitchen,Central,Retail Store,1,3499.0,3499.0
100910,2024-04-05,CUST00787,Non-stick Pan Set,Home & Kitchen,Central,Online,1,1299.0,1299.0
101720,2024-07-07,CUST02451,Sunglasses,Fashion,East,Online,1,799.0,799.0
103241,2024-11-14,CUST00597,Denim Jacket,Fashion,South,Retail Store,1,1599.2,1599.2
102715,2024-10-10,CUST02376,Laptop Stand,Electronics,,Retail Store,1,639.2,639.2
101979,2024-08-03,CUST00622,Backpack,Fashion,West,Online,1,1399.0,1399.0
103505,2024-12-01,CUST01656,Non-stick Pan Set,Home & Kitchen,,Retail Store,1,1299.0,1299.0
103360,2024-11-21,CUST00360,Electric Kettle,Home & Kitchen,South,Online,1,899.0,899.0
101975,2024-08-03,CUST00233,Trimmer,Beauty & Personal Care,West,Online,1,799.2,799.2
101946,2024-07-31,CUST01875,Cotton T-Shirt,Fashion,West,Online,1,599.0,599.0
101421,2024-05-31,CUST02522,Bluetooth Speaker,Electronics,,Online,1,1899.0,1899.0
101537,2024-06-14,CUST02122,Yoga Mat,Sports & Fitness,South,Marketplace,2,599.0,1198.0
103461,2024-11-28,CUST00010,Water Bottle,Sports & Fitness,South,Online,1,296.65,296.65
105381,2025-06-10,CUST00008,Resistance Bands,Sports & Fitness,Central,Marketplace,1,359.1,359.1
103943,2025-01-08,CUST02411,Face Serum,Beauty & Personal Care,North,Online,1,629.1,629.1
100185,2024-01-21,CUST01782,Storage Containers,Home & Kitchen,North,Online,2,499.0,998.0
103728,2024-12-20,CUST01410,Denim Jacket,Fashion,South,Marketplace,1,1799.1,1799.1
102482,2024-09-21,CUST02560,Backpack,Fashion,Central,Retail Store,1,1119.2,1119.2
106432,2025-09-26,CUST01075,Water Bottle,Sports & Fitness,West,Online,1,349.0,349.0
106282,2025-09-11,CUST02277,Running Shoes,Fashion,East,Marketplace,1,2499.0,2499.0
106328,2025-09-15,CUST01990,Air Fryer,Home & Kitchen,Central,Online,1,3499.0,3499.0
101072,2024-04-22,CUST01761,Yoga Mat,Sports & Fitness,South,Online,1,539.1,539.1
102426,2024-09-16,CUST01352,Backpack,Fashion,North,Online,1,1399.0,1399.0
106412,2025-09-25,CUST02584,Yoga Mat,Sports & Fitness,West,Online,1,599.0,599.0
104504,2025-03-09,CUST01022,Water Bottle,Sports & Fitness,South,Online,1,349.0,349.0
103921,2025-01-05,CUST01068,Sunglasses,Fashion,North,Retail Store,1,799.0,799.0
100933,2024-04-07,CUST01773,Denim Jacket,Fashion,North,Online,1,1999.0,1999.0
101650,2024-06-29,CUST00225,Sunglasses,Fashion,West,Online,1,639.2,639.2
100356,2024-02-07,CUST01306,Hair Dryer,Beauty & Personal Care,Central,Online,1,1019.15,1019.15
100068,2024-01-08,CUST02592,Blender,Home & Kitchen,West,Online,2,1599.0,3198.0
107781,2025-12-30,CUST01495,Cotton T-Shirt,Fashion,South,Retail Store,1,599.0,599.0
104172,2025-02-01,CUST01253,Face Serum,Beauty & Personal Care,West,Marketplace,1,629.1,629.1
107711,2025-12-26,CUST01603,Trimmer,Beauty & Personal Care,South,Online,1,799.2,799.2
107234,2025-11-20,CUST01743,Backpack,Fashion,West,Online,2,1119.2,2238.4
103645,2024-12-14,CUST02271,Blender,Home & Kitchen,South,Online,1,1599.0,1599.0
101818,2024-07-17,CUST02018,Smartwatch,Electronics,North,Online,1,2549.15,2549.15
103921,2025-01-05,CUST01068,Sunglasses,Fashion,North,Retail Store,1,799.0,799.0
103642,2024-12-14,CUST02390,Cotton T-Shirt,Fashion,South,Retail Store,1,599.0,599.0
101253,2024-05-12,CUST02424,Power Bank,Electronics,Central,Retail Store,1,899.0,899.0
104039,2025-01-19,CUST00932,Laptop Stand,Electronics,West,Online,1,799.0,799.0
107229,2025-11-19,CUST02514,Electric Kettle,Home & Kitchen,South,Marketplace,1,719.2,719.2
104131,2025-01-27,CUST00625,Sunglasses,Fashion,North,Online,1,719.1,719.1
101671,2024-07-01,CUST00480,Dumbbell Set,Sports & Fitness,,Online,1,1979.1,1979.1
101126,2024-04-28,CUST01693,Dumbbell Set,Sports & Fitness,North,Online,3,2199.0,6597.0
106290,2025-09-12,CUST01276,Sunglasses,Fashion,South,Online,1,799.0,799.0
100244,2024-01-27,CUST01419,Non-stick Pan Set,Home & Kitchen,East,Marketplace,3,1299.0,3897.0
104474,2025-03-06,CUST01937,Electric Kettle,Home & Kitchen,East,Marketplace,1,899.0,899.0
102793,2024-10-14,CUST00662,Power Bank,Electronics,North,Online,1,899.0,899.0
104290,2025-02-14,CUST01432,Cotton T-Shirt,Fashion,North,Online,1,599.0,599.0
101217,2024-05-07,CUST01057,Non-stick Pan Set,Home & Kitchen,North,Online,1,1299.0,1299.0
106065,2025-08-20,CUST01639,Yoga Mat,Sports & Fitness,North,Retail Store,2,599.0,1198.0
102568,2024-09-30,CUST02199,Yoga Mat,Sports & Fitness,North,Marketplace,1,599.0,599.0
102843,2024-10-18,CUST01861,Yoga Mat,Sports & Fitness,West,Marketplace,2,599.0,1198.0
103059,2024-11-01,CUST02068,Hair Dryer,Beauty & Personal Care,East,Online,2,1199.0,2398.0
104279,2025-02-13,CUST02516,Face Serum,Beauty & Personal Care,West,Online,1,699.0,699.0
104955,2025-04-23,CUST01466,Face Serum,Beauty & Personal Care,West,Online,1,699.0,699.0
103816,2024-12-28,CUST01900,Trimmer,Beauty & Personal Care,East,Online,1,999.0,999.0
107589,2025-12-15,CUST01672,Face Serum,Beauty & Personal Care,,Online,1,699.0,699.0
102909,2024-10-23,CUST01134,Air Fryer,Home & Kitchen,South,Online,1,3499.0,3499.0
105154,2025-05-14,CUST00887,Bluetooth Speaker,Electronics,South,Retail Store,2,1899.0,3798.0
104734,2025-03-31,CUST00664,Sunscreen SPF50,Beauty & Personal Care,South,Online,1,449.0,449.0
106416,2025-09-25,CUST01846,Smartwatch,Electronics,Central,Marketplace,1,2999.0,2999.0
105147,2025-05-14,CUST02106,USB-C Cable,Electronics,West,Online,2,211.65,423.3
105494,2025-06-23,CUST01699,Smartwatch,Electronics,East,Retail Store,1,2999.0,2999.0
105564,2025-07-01,CUST02301,Smartwatch,Electronics,West,Online,1,2699.1,2699.1
107003,2025-11-05,CUST01600,Sunscreen SPF50,Beauty & Personal Care,Central,Online,2,449.0,898.0
100061,2024-01-07,CUST01359,Face Serum,Beauty & Personal Care,West,Retail Store,1,699.0,699.0
105402,2025-06-13,CUST02369,Non-stick Pan Set,HOME & KITCHEN,North,Retail Store,1,1299.0,1299.0
106506,2025-10-02,CUST02431,Wireless Earbuds,Electronics,Central,Retail Store,1,1499.0,1499.0
102163,2024-08-22,CUST01742,Storage Containers,Home & Kitchen,South,Marketplace,1,499.0,499.0
105948,2025-08-09,CUST01570,Backpack,Fashion,West,Online,1,1399.0,1399.0
107556,2025-12-12,CUST02276,Backpack,Fashion,East,Marketplace,1,1399.0,1399.0
107189,2025-11-17,CUST01741,Non-stick Pan Set,Home & Kitchen,East,Online,1,1299.0,1299.0
104338,2025-02-20,CUST00619,Wireless Earbuds,Electronics,North,Online,1,1499.0,1499.0
100877,2024-04-01,CUST00910,Bluetooth Speaker,Electronics,West,Online,1,1899.0,1899.0
102832,2024-10-17,CUST01419,Yoga Mat,Sports & Fitness,East,Marketplace,1,539.1,539.1
102704,2024-10-09,CUST01442,Sunglasses,Fashion,East,Retail Store,1,799.0,799.0
102153,2024-08-21,CUST01480,Sunglasses,Fashion,East,Online,1,799.0,799.0
104933,2025-04-21,CUST02298,Yoga Mat,Sports & Fitness,South,Online,1,599.0,599.0
106541,2025-10-04,CUST01650,Denim Jacket,Fashion,East,Retail Store,1,1999.0,1999.0
100543,2024-02-27,CUST00322,Sunscreen SPF50,Beauty & Personal Care,North,Online,1,449.0,449.0
106153,2025-08-29,CUST01569,Bluetooth Speaker,Electronics,North,Online,1,1899.0,1899.0
105380,2025-06-10,CUST02568,Cotton T-Shirt,Fashion,Central,Online,3,539.1,1617.3
105412,2025-06-14,CUST02556,Wireless Earbuds,Electronics,West,Online,1,1499.0,1499.0
102806,2024-10-16,CUST01728,Blender,Home & Kitchen,North,Marketplace,2,1279.2,2558.4
106496,2025-10-01,CUST00443,Non-stick Pan Set,Home & Kitchen,Central,Online,1,1299.0,1299.0
103407,2024-11-24,CUST01632,Sunscreen SPF50,Beauty & Personal Care,East,Marketplace,1,449.0,449.0
107071,2025-11-09,CUST02304,Wireless Earbuds,Electronics,West,Marketplace,1,1499.0,1499.0
106255,2025-09-09,CUST02375,Electric Kettle,HOME & KITCHEN,Central,Retail Store,2,899.0,1798.0
103760,2024-12-22,CUST02422,Storage Containers,Home & Kitchen,East,Online,1,499.0,499.0
103270,2024-11-16,CUST01400,Air Fryer,Home & Kitchen,East,Online,1,3499.0,3499.0
103146,2024-11-08,CUST02203,Non-stick Pan Set,Home & Kitchen,Central,Retail Store,1,1299.0,1299.0
104552,2025-03-15,CUST01414,Air Fryer,Home & Kitchen,South,Retail Store,1,3499.0,3499.0
101491,2024-06-09,CUST00443,Face Serum,Beauty & Personal Care,West,Retail Store,1,699.0,699.0
100946,2024-04-08,CUST02455,Backpack,Fashion,North,Retail Store,1,1399.0,1399.0
101078,2024-04-23,CUST00435,Power Bank,Electronics,North,Marketplace,3,899.0,2697.0
100369,2024-02-10,CUST02585,Resistance Bands,Sports & Fitness,West,Online,1,399.0,399.0
100563,2024-03-01,CUST01661,Yoga Mat,Sports & Fitness,East,Online,1,599.0,599.0
101450,2024-06-04,CUST00165,Trimmer,BEAUTY & PERSONAL CARE,West,Retail Store,1,799.2,799.2
103124,2024-11-06,CUST01960,Electric Kettle,Home & Kitchen,West,Online,3,899.0,2697.0
107161,2025-11-15,CUST01507,Yoga Mat,Sports & Fitness,East,Marketplace,1,479.2,479.2
100700,2024-03-13,CUST02366,Sunscreen SPF50,Beauty & Personal Care,North,Online,1,449.0,449.0
101299,2024-05-18,CUST02298,Water Bottle,Sports & Fitness,North,Retail Store,2,279.2,558.4
101364,2024-05-25,CUST01797,Air Fryer,Home & Kitchen,West,Online,2,3499.0,6998.0
103413,2024-11-24,CUST01105,Non-stick Pan Set,Home & Kitchen,East,Marketplace,1,1299.0,1299.0
101380,2024-05-27,CUST00327,Yoga Mat,Sports & Fitness,Central,Online,1,599.0,599.0
106726,2025-10-18,CUST00873,Air Fryer,Home & Kitchen,East,Retail Store,2,3499.0,6998.0
106551,2025-10-05,CUST01363,Storage Containers,Home & Kitchen,North,Online,1,449.1,449.1
100153,2024-01-19,CUST00675,Storage Containers,Home & Kitchen,North,Online,2,499.0,998.0
105902,2025-08-04,CUST02325,Laptop Stand,Electronics,Central,Online,1,799.0,799.0
107662,2025-12-22,CUST01644,Smartwatch,Electronics,South,Retail Store,1,2999.0,2999.0
104446,2025-03-03,CUST01405,Dumbbell Set,Sports & Fitness,East,Online,1,2199.0,2199.0
100229,2024-01-25,CUST02510,Laptop Stand,Electronics,Central,Marketplace,1,799.0,799.0
107159,2025-11-15,CUST01969,Hair Dryer,Beauty & Personal Care,South,Online,1,1079.1,1079.1
101954,2024-08-01,CUST01817,Resistance Bands,Sports & Fitness,South,Online,2,339.15,678.3
107494,2025-12-07,CUST00438,Wireless Earbuds,Electronics,South,Marketplace,1,1499.0,1499.0
101900,2024-07-25,CUST01530,Yoga Mat,Sports & Fitness,North,Marketplace,1,539.1,539.1
104555,2025-03-15,CUST00624,Cotton T-Shirt,Fashion,East,Online,1,539.1,539.1
103402,2024-11-24,CUST01683,Sunglasses,Fashion,South,Retail Store,1,719.1,719.1
104233,2025-02-08,CUST00345,Non-stick Pan Set,Home & Kitchen,South,Marketplace,1,1299.0,1299.0
101131,2024-04-28,CUST02399,Power Bank,Electronics,East,Online,2,899.0,1798.0
100131,2024-01-16,CUST00360,Non-stick Pan Set,Home & Kitchen,Central,Online,1,1299.0,1299.0
105646,2025-07-09,CUST01350,Running Shoes,Fashion,East,Retail Store,2,2499.0,4998.0
101405,2024-05-29,CUST02530,Power Bank,Electronics,East,Retail Store,1,899.0,899.0
100494,2024-02-22,CUST00308,Resistance Bands,Sports & Fitness,North,Online,1,399.0,399.0
102556,2024-09-29,CUST00347,Storage Containers,Home & Kitchen,North,Marketplace,1,499.0,499.0
102647,2024-10-06,CUST00895,Resistance Bands,Sports & Fitness,East,Online,2,399.0,798.0
103227,2024-11-13,CUST00555,Bluetooth Speaker,Electronics,North,Retail Store,2,1899.0,3798.0
105725,2025-07-17,CUST00393,Face Serum,Beauty & Personal Care,East,Retail Store,1,629.1,629.1
101599,2024-06-23,CUST01365,Storage Containers,Home & Kitchen,South,Retail Store,1,499.0,499.0
102351,2024-09-10,CUST01545,Non-stick Pan Set,Home & Kitchen,South,Marketplace,1,1299.0,1299.0
106516,2025-10-03,CUST00401,Non-stick Pan Set,Home & Kitchen,North,Online,1,1299.0,1299.0
105180,2025-05-17,CUST02177,Wireless Earbuds,Electronics,South,Marketplace,1,1499.0,1499.0
105376,2025-06-09,CUST00749,Laptop Stand,Electronics,North,Online,1,679.15,679.15
105189,2025-05-17,CUST02028,Storage Containers,Home & Kitchen,North,Retail Store,1,499.0,499.0
105932,2025-08-07,CUST01836,Backpack,Fashion,North,Marketplace,1,1119.2,1119.2
102248,2024-08-31,CUST00247,Trimmer,Beauty & Personal Care,North,Retail Store,1,799.2,799.2
102700,2024-10-09,CUST02237,Smartwatch,Electronics,North,Marketplace,1,2399.2,2399.2
101377,2024-05-26,CUST01279,Smartwatch,ELECTRONICS,North,Marketplace,1,2999.0,2999.0
101103,2024-04-26,CUST01448,Wireless Earbuds,Electronics,West,Online,1,1499.0,1499.0
102265,2024-09-02,CUST02514,USB-C Cable,Electronics,East,Marketplace,1,249.0,249.0
107695,2025-12-25,CUST00640,Blender,Home & Kitchen,South,Online,1,1439.1,1439.1
105939,2025-08-08,CUST02538,Hair Dryer,Beauty & Personal Care,West,Online,1,1019.15,1019.15
100058,2024-01-07,CUST00358,Hair Dryer,Beauty & Personal Care,Central,Marketplace,1,1079.1,1079.1
105219,2025-05-22,CUST01323,Blender,Home & Kitchen,West,Marketplace,1,1359.15,1359.15
105572,2025-07-02,CUST02000,Running Shoes,Fashion,West,Retail Store,1,2499.0,2499.0
107580,2025-12-14,CUST01449,Electric Kettle,Home & Kitchen,Central,Online,1,899.0,899.0
102458,2024-09-18,CUST01158,Face Serum,Beauty & Personal Care,Central,Retail Store,1,699.0,699.0
106468,2025-09-29,CUST01918,Running Shoes,Fashion,East,Online,1,2499.0,2499.0
102064,2024-08-11,CUST00269,Wireless Earbuds,Electronics,South,Online,1,1499.0,1499.0
102826,2024-10-16,CUST01089,Water Bottle,Sports & Fitness,East,Online,1,349.0,349.0
107440,2025-12-03,CUST00166,Sunglasses,Fashion,West,Online,1,799.0,799.0
101403,2024-05-29,CUST02550,Power Bank,Electronics,South,Retail Store,1,899.0,899.0
103450,2024-11-27,CUST00781,Resistance Bands,Sports & Fitness,South,Retail Store,2,399.0,798.0
105831,2025-07-28,CUST01617,Water Bottle,Sports & Fitness,Central,Marketplace,1,314.1,314.1
105028,2025-04-30,CUST00797,Non-stick Pan Set,Home & Kitchen,,Retail Store,1,1299.0,1299.0
107478,2025-12-06,CUST01904,USB-C Cable,Electronics,Central,Online,1,224.1,224.1
102277,2024-09-03,CUST01915,Trimmer,Beauty & Personal Care,West,Retail Store,1,999.0,999.0
102785,2024-10-14,CUST02306,Bluetooth Speaker,Electronics,Central,Marketplace,1,1899.0,1899.0
103886,2025-01-02,CUST00541,Resistance Bands,Sports & Fitness,Central,Retail Store,1,339.15,339.15
106577,2025-10-06,CUST01692,Trimmer,Beauty & Personal Care,South,Marketplace,2,999.0,1998.0
103832,2024-12-29,CUST01161,Resistance Bands,Sports & Fitness,,Marketplace,1,399.0,399.0
103533,2024-12-04,CUST00046,Electric Kettle,Home & Kitchen,West,Online,1,899.0,899.0
106308,2025-09-13,CUST01652,Power Bank,Electronics,North,Online,1,899.0,899.0
107531,2025-12-10,CUST00543,Cotton T-Shirt,Fashion,South,Online,1,599.0,599.0
106056,2025-08-19,CUST02554,Backpack,Fashion,North,Online,1,1399.0,1399.0
102920,2024-10-23,CUST00139,USB-C Cable,Electronics,East,Retail Store,1,249.0,249.0
106902,2025-10-28,CUST02154,Denim Jacket,Fashion,Central,Online,1,1799.1,1799.1
100042,2024-01-05,CUST01180,Air Fryer,Home & Kitchen,South,Online,1,3149.1,3149.1
104081,2025-01-22,CUST00682,Air Fryer,Home & Kitchen,North,Online,2,3149.1,6298.2
106491,2025-10-01,CUST01668,Electric Kettle,Home & Kitchen,North,Online,1,719.2,719.2
100839,2024-03-29,CUST01127,Electric Kettle,Home & Kitchen,South,Retail Store,1,899.0,899.0
104228,2025-02-07,CUST01045,Blender,Home & Kitchen,South,Online,1,1279.2,1279.2
106616,2025-10-09,CUST00795,Blender,Home & Kitchen,North,Marketplace,1,1599.0,1599.0
104815,2025-04-09,CUST00451,Backpack,Fashion,South,Online,1,1399.0,1399.0
103683,2024-12-17,CUST00451,Trimmer,Beauty & Personal Care,East,Marketplace,1,999.0,999.0
101730,2024-07-09,CUST01585,Non-stick Pan Set,Home & Kitchen,North,Online,1,1299.0,1299.0
100588,2024-03-02,CUST01329,Denim Jacket,Fashion,North,Online,1,1999.0,1999.0
104403,2025-02-26,CUST00405,Wireless Earbuds,Electronics,South,Online,1,1499.0,1499.0
105578,2025-07-02,CUST01663,Electric Kettle,Home & Kitchen,West,Online,1,899.0,899.0
102795,2024-10-14,CUST00838,Blender,Home & Kitchen,East,Online,1,1599.0,1599.0
107120,2025-11-12,CUST00402,Cotton T-Shirt,Fashion,Central,Online,1,599.0,599.0
107307,2025-11-25,CUST02392,Trimmer,Beauty & Personal Care,Central,Retail Store,1,999.0,999.0
102812,2024-10-16,CUST00414,Sunscreen SPF50,Beauty & Personal Care,Central,Online,1,449.0,449.0
102352,2024-09-10,CUST02182,Air Fryer,Home & Kitchen,West,Retail Store,1,3499.0,3499.0
107697,2025-12-25,CUST02135,Dumbbell Set,Sports & Fitness,North,Retail Store,2,2199.0,4398.0
107049,2025-11-08,CUST00920,USB-C Cable,Electronics,North,Marketplace,1,249.0,249.0
103474,2024-11-29,CUST02152,Sunglasses,Fashion,Central,Marketplace,1,799.0,799.0
101765,2024-07-13,CUST00373,Hair Dryer,Beauty & Personal Care,North,Retail Store,2,1199.0,2398.0
100714,2024-03-14,CUST01081,Smartwatch,Electronics,South,Online,1,2999.0,2999.0
106596,2025-10-08,CUST00668,Denim Jacket,Fashion,West,Retail Store,1,1999.0,1999.0
100196,2024-01-22,CUST00248,Bluetooth Speaker,Electronics,West,Marketplace,1,1899.0,1899.0
101874,2024-07-22,CUST02535,Hair Dryer,Beauty & Personal Care,East,Online,1,1199.0,1199.0
102017,2024-08-07,CUST01651,Bluetooth Speaker,Electronics,North,Marketplace,2,1899.0,3798.0
102726,2024-10-10,CUST02516,Backpack,Fashion,Central,Retail Store,1,1399.0,1399.0
101091,2024-04-25,CUST02201,Yoga Mat,Sports & Fitness,East,Online,1,599.0,599.0
101448,2024-06-03,CUST02085,Laptop Stand,Electronics,South,Online,1,799.0,799.0
104527,2025-03-12,CUST01165,Trimmer,Beauty & Personal Care,South,Online,1,999.0,999.0
107231,2025-11-20,CUST00926,Denim Jacket,Fashion,North,Marketplace,1,1999.0,1999.0
104543,2025-03-14,CUST02547,Hair Dryer,Beauty & Personal Care,South,Online,1,1019.15,1019.15
101645,2024-06-29,CUST01913,Storage Containers,Home & Kitchen,North,Online,1,499.0,499.0
107770,2025-12-29,CUST01173,Sunscreen SPF50,Beauty & Personal Care,South,Retail Store,1,449.0,449.0
104917,2025-04-20,CUST01857,Wireless Earbuds,Electronics,South,Online,2,1499.0,2998.0
102465,2024-09-19,CUST01815,Trimmer,Beauty & Personal Care,South,Retail Store,1,999.0,999.0
103688,2024-12-17,CUST00208,Backpack,Fashion,West,Retail Store,1,1189.15,1189.15
106220,2025-09-05,CUST02357,Blender,Home & Kitchen,South,Retail Store,1,1279.2,1279.2
103922,2025-01-05,CUST01223,Resistance Bands,Sports & Fitness,West,Retail Store,3,359.1,1077.3
100475,2024-02-20,CUST02293,Running Shoes,Fashion,West,Marketplace,1,2499.0,2499.0
100398,2024-02-12,CUST01356,Trimmer,Beauty & Personal Care,South,Retail Store,2,799.2,1598.4
105712,2025-07-15,CUST02448,Sunglasses,Fashion,South,Online,1,799.0,799.0
102601,2024-10-02,CUST01737,Water Bottle,Sports & Fitness,East,Marketplace,1,314.1,314.1
100370,2024-02-10,CUST02002,Face Serum,Beauty & Personal Care,West,Retail Store,2,699.0,1398.0
102471,2024-09-20,CUST00124,Yoga Mat,Sports & Fitness,South,Retail Store,1,509.15,509.15
102959,2024-10-26,CUST00749,Power Bank,Electronics,South,Online,2,764.15,1528.3
102237,2024-08-31,CUST00898,Power Bank,Electronics,East,Online,2,899.0,1798.0
107257,2025-11-22,CUST01236,Running Shoes,Fashion,West,Online,1,2499.0,2499.0
103778,2024-12-23,CUST01045,Non-stick Pan Set,Home & Kitchen,South,Retail Store,1,1299.0,1299.0
107293,2025-11-24,CUST00109,Yoga Mat,Sports & Fitness,Central,Marketplace,1,539.1,539.1
105320,2025-06-03,CUST01863,Power Bank,Electronics,East,Online,2,899.0,1798.0
105303,2025-06-02,CUST00542,Water Bottle,Sports & Fitness,Central,Retail Store,1,349.0,349.0
102533,2024-09-26,CUST02326,Storage Containers,Home & Kitchen,South,Retail Store,1,499.0,499.0
101766,2024-07-13,CUST01476,Storage Containers,Home & Kitchen,East,Online,1,499.0,499.0
100717,2024-03-15,CUST01195,Sunglasses,Fashion,Central,Retail Store,3,799.0,2397.0
102538,2024-09-27,CUST00331,Face Serum,Beauty & Personal Care,South,Online,1,699.0,699.0
102221,2024-08-28,CUST02421,Yoga Mat,Sports & Fitness,East,Online,3,479.2,1437.6
105032,2025-05-01,CUST01289,Dumbbell Set,Sports & Fitness,Central,Online,1,2199.0,2199.0
102607,2024-10-03,CUST01619,Laptop Stand,Electronics,West,Online,1,719.1,719.1
106099,2025-08-23,CUST00525,Power Bank,Electronics,Central,Retail Store,1,899.0,899.0
105551,2025-06-30,CUST00546,Denim Jacket,Fashion,South,Online,3,1699.15,5097.45
103633,2024-12-13,CUST01251,Power Bank,Electronics,West,Marketplace,1,899.0,899.0
103222,2024-11-12,CUST00041,Running Shoes,Fashion,East,Online,1,2249.1,2249.1
106980,2025-11-03,CUST02246,Smartwatch,Electronics,South,Marketplace,2,2999.0,5998.0
101239,2024-05-11,CUST02553,Denim Jacket,Fashion,East,Online,1,1999.0,1999.0
106043,2025-08-17,CUST00796,Wireless Earbuds,Electronics,North,Marketplace,3,1499.0,4497.0
103845,2024-12-29,CUST01267,Denim Jacket,Fashion,West,Online,1,1699.15,1699.15
106038,2025-08-17,CUST01111,Trimmer,Beauty & Personal Care,South,Online,1,799.2,799.2
104071,2025-01-21,CUST00890,Trimmer,Beauty & Personal Care,North,Retail Store,1,999.0,999.0
104942,2025-04-22,CUST01800,Backpack,Fashion,East,Marketplace,1,1399.0,1399.0
106163,2025-08-30,CUST00787,Non-stick Pan Set,Home & Kitchen,North,Online,1,1299.0,1299.0
101837,2024-07-19,CUST00784,Hair Dryer,Beauty & Personal Care,West,Online,1,1199.0,1199.0
101612,2024-06-24,CUST01870,Water Bottle,Sports & Fitness,Central,Online,3,349.0,1047.0
105993,2025-08-12,CUST02110,USB-C Cable,Electronics,West,Online,1,249.0,249.0
106648,2025-10-12,CUST02596,Bluetooth Speaker,Electronics,East,Online,1,1899.0,1899.0
100161,2024-01-19,CUST02200,USB-C Cable,Electronics,North,Online,1,249.0,249.0
105178,2025-05-17,CUST01349,Blender,Home & Kitchen,South,Retail Store,1,1439.1,1439.1
101972,2024-08-03,CUST02250,Resistance Bands,Sports & Fitness,Central,Retail Store,1,399.0,399.0
102917,2024-10-23,CUST01045,Power Bank,Electronics,South,Marketplace,1,899.0,899.0
102519,2024-09-24,CUST02327,Dumbbell Set,Sports & Fitness,North,Online,1,1869.15,1869.15
103917,2025-01-05,CUST02123,Non-stick Pan Set,Home & Kitchen,South,Online,1,1104.15,1104.15
100450,2024-02-18,CUST01597,Cotton T-Shirt,Fashion,South,Retail Store,1,509.15,509.15
101381,2024-05-27,CUST01168,Electric Kettle,Home & Kitchen,Central,Online,1,899.0,899.0
104097,2025-01-24,CUST01688,Air Fryer,Home & Kitchen,West,Retail Store,1,3499.0,3499.0
107706,2025-12-26,CUST00471,Dumbbell Set,Sports & Fitness,South,Marketplace,1,2199.0,2199.0
106482,2025-10-01,CUST00089,Blender,Home & Kitchen,West,Online,1,1599.0,1599.0
106538,2025-10-04,CUST02496,Bluetooth Speaker,Electronics,South,Online,1,1614.15,1614.15
103595,2024-12-09,CUST00180,Power Bank,Electronics,West,Online,1,899.0,899.0
101110,2024-04-27,CUST01010,Sunglasses,Fashion,East,Online,2,799.0,1598.0
106157,2025-08-30,CUST01361,Face Serum,Beauty & Personal Care,North,Online,1,594.15,594.15
103992,2025-01-13,CUST02338,Water Bottle,Sports & Fitness,South,Retail Store,2,349.0,698.0
103539,2024-12-04,CUST00200,Hair Dryer,Beauty & Personal Care,West,Online,2,959.2,1918.4
103565,2024-12-07,CUST01259,Smartwatch,Electronics,South,Retail Store,1,2999.0,2999.0
100164,2024-01-20,CUST01395,Blender,Home & Kitchen,South,Online,1,1279.2,1279.2
100445,2024-02-18,CUST02174,Air Fryer,Home & Kitchen,North,Online,1,3499.0,3499.0
100641,2024-03-07,CUST01339,Running Shoes,FASHION,West,Online,2,2249.1,4498.2
107727,2025-12-27,CUST02519,Face Serum,Beauty & Personal Care,South,Marketplace,1,699.0,699.0
101154,2024-04-30,CUST01131,Cotton T-Shirt,Fashion,West,Online,1,509.15,509.15
107611,2025-12-17,CUST01584,Denim Jacket,Fashion,South,Online,1,1999.0,1999.0
104345,2025-02-20,CUST01019,Smartwatch,Electronics,South,Marketplace,1,2999.0,2999.0
101182,2024-05-04,CUST02479,Blender,Home & Kitchen,Central,Online,1,1599.0,1599.0
100736,2024-03-17,CUST02062,Running Shoes,Fashion,West,Marketplace,1,2249.1,2249.1
101138,2024-04-28,CUST01970,Resistance Bands,Sports & Fitness,Central,Marketplace,2,399.0,798.0
104169,2025-02-01,CUST00311,Dumbbell Set,Sports & Fitness,North,Online,1,2199.0,2199.0
105297,2025-06-01,CUST00514,Wireless Earbuds,Electronics,South,Marketplace,1,1499.0,1499.0
102732,2024-10-10,CUST01762,Denim Jacket,Fashion,East,Marketplace,1,1599.2,1599.2
105359,2025-06-08,CUST01567,Trimmer,Beauty & Personal Care,East,Retail Store,1,999.0,999.0
104740,2025-03-31,CUST00011,Yoga Mat,SPORTS & FITNESS,West,Online,1,599.0,599.0
104000,2025-01-14,CUST00040,Trimmer,Beauty & Personal Care,West,Online,1,999.0,999.0
102951,2024-10-25,CUST00429,Yoga Mat,Sports & Fitness,Central,Retail Store,2,599.0,1198.0
100040,2024-01-05,CUST00605,Cotton T-Shirt,Fashion,East,Retail Store,2,599.0,1198.0
100637,2024-03-07,CUST00635,Bluetooth Speaker,Electronics,East,Retail Store,1,1899.0,1899.0
106244,2025-09-07,CUST00363,Dumbbell Set,Sports & Fitness,North,Online,2,2199.0,4398.0
100109,2024-01-13,CUST01922,Hair Dryer,Beauty & Personal Care,West,Online,1,1199.0,1199.0
107569,2025-12-13,CUST01656,Dumbbell Set,Sports & Fitness,South,Retail Store,1,2199.0,2199.0
102662,2024-10-06,CUST00229,Backpack,Fashion,East,Online,1,1399.0,1399.0
104225,2025-02-07,CUST01981,Dumbbell Set,Sports & Fitness,South,Online,2,2199.0,4398.0
100280,2024-01-30,CUST00541,Laptop Stand,Electronics,East,Marketplace,1,799.0,799.0
106890,2025-10-28,CUST01855,Bluetooth Speaker,Electronics,North,Online,1,1899.0,1899.0
105796,2025-07-24,CUST00566,Sunglasses,Fashion,West,Online,1,799.0,799.0
102396,2024-09-14,CUST01880,Hair Dryer,Beauty & Personal Care,West,Marketplace,1,959.2,959.2
105311,2025-06-02,CUST01501,Denim Jacket,Fashion,,Retail Store,1,1799.1,1799.1
101821,2024-07-17,CUST01762,Storage Containers,Home & Kitchen,West,Online,1,499.0,499.0
104728,2025-03-30,CUST00722,Denim Jacket,Fashion,South,Retail Store,1,1999.0,1999.0
104665,2025-03-25,CUST02398,Trimmer,Beauty & Personal Care,East,Marketplace,1,799.2,799.2
100139,2024-01-17,CUST00450,Smartwatch,Electronics,East,Marketplace,1,2999.0,2999.0
104121,2025-01-26,CUST00773,Dumbbell Set,Sports & Fitness,,Online,1,2199.0,2199.0
101855,2024-07-20,CUST00638,Water Bottle,Sports & Fitness,North,Retail Store,1,314.1,314.1
104353,2025-02-22,CUST02062,Power Bank,Electronics,East,Online,1,899.0,899.0
101295,2024-05-18,CUST00794,Dumbbell Set,Sports & Fitness,East,Online,1,2199.0,2199.0
103156,2024-11-09,CUST01142,Cotton T-Shirt,Fashion,South,Online,3,509.15,1527.45
104841,2025-04-11,CUST02560,Hair Dryer,Beauty & Personal Care,South,Online,1,1199.0,1199.0
102790,2024-10-14,CUST01219,Cotton T-Shirt,Fashion,North,Online,1,599.0,599.0
103398,2024-11-24,CUST02505,USB-C Cable,Electronics,North,Marketplace,1,249.0,249.0
100914,2024-04-06,CUST00872,Denim Jacket,Fashion,North,Retail Store,3,1999.0,5997.0
102154,2024-08-21,CUST02326,Hair Dryer,Beauty & Personal Care,North,Online,1,1199.0,1199.0
107590,2025-12-15,CUST00713,Sunscreen SPF50,Beauty & Personal Care,South,Online,1,449.0,449.0
105308,2025-06-02,CUST02429,Trimmer,Beauty & Personal Care,West,Retail Store,1,999.0,999.0
100121,2024-01-14,CUST00404,USB-C Cable,Electronics,West,Online,1,224.1,224.1
105856,2025-07-31,CUST00172,Electric Kettle,Home & Kitchen,South,Online,1,899.0,899.0
101587,2024-06-21,CUST01378,Hair Dryer,Beauty & Personal Care,East,Online,1,1199.0,1199.0
104048,2025-01-19,CUST01780,Sunscreen SPF50,Beauty & Personal Care,South,Marketplace,1,449.0,449.0
102496,2024-09-22,CUST02537,Hair Dryer,Beauty & Personal Care,North,Online,1,1199.0,1199.0
103067,2024-11-02,CUST01733,Air Fryer,Home & Kitchen,Central,Online,2,3499.0,6998.0
100038,2024-01-05,CUST02512,Wireless Earbuds,Electronics,East,Marketplace,2,1499.0,2998.0
105327,2025-06-04,CUST01701,Trimmer,Beauty & Personal Care,North,Marketplace,1,999.0,999.0
102713,2024-10-09,CUST00034,Hair Dryer,Beauty & Personal Care,Central,Online,1,1079.1,1079.1
106178,2025-09-01,CUST00458,Storage Containers,Home & Kitchen,West,Online,3,499.0,1497.0
101247,2024-05-11,CUST02132,Face Serum,Beauty & Personal Care,South,Marketplace,2,699.0,1398.0
104547,2025-03-14,CUST02195,Trimmer,Beauty & Personal Care,Central,Online,1,999.0,999.0
106046,2025-08-18,CUST01184,Resistance Bands,Sports & Fitness,North,Marketplace,1,399.0,399.0
101245,2024-05-11,CUST00972,Sunglasses,Fashion,East,Retail Store,1,799.0,799.0
100246,2024-01-27,CUST00234,Bluetooth Speaker,Electronics,North,Retail Store,1,1519.2,1519.2
103216,2024-11-12,CUST01564,Blender,Home & Kitchen,South,Marketplace,1,1439.1,1439.1
106027,2025-08-16,CUST00720,Bluetooth Speaker,Electronics,South,Online,1,1899.0,1899.0
102821,2024-10-16,CUST01756,Sunglasses,Fashion,South,Online,1,799.0,799.0
101848,2024-07-20,CUST02530,Trimmer,Beauty & Personal Care,South,Online,2,999.0,1998.0
107363,2025-11-29,CUST02262,Electric Kettle,Home & Kitchen,East,Online,1,899.0,899.0
106866,2025-10-26,CUST01801,Trimmer,Beauty & Personal Care,North,Online,1,999.0,999.0
100241,2024-01-27,CUST00165,Water Bottle,Sports & Fitness,Central,Online,1,349.0,349.0
107376,2025-11-29,CUST00701,Face Serum,Beauty & Personal Care,East,Online,3,699.0,2097.0
102196,2024-08-25,CUST02389,Backpack,Fashion,West,Online,1,1189.15,1189.15
107061,2025-11-09,CUST01480,Bluetooth Speaker,Electronics,North,Online,1,1899.0,1899.0
102030,2024-08-08,CUST02556,Yoga Mat,Sports & Fitness,South,Retail Store,1,599.0,599.0
106786,2025-10-21,CUST02557,Non-stick Pan Set,Home & Kitchen,North,Marketplace,1,1299.0,1299.0
106483,2025-10-01,CUST00113,Water Bottle,Sports & Fitness,North,Online,1,349.0,349.0
100194,2024-01-22,CUST02164,Hair Dryer,Beauty & Personal Care,North,Online,1,1199.0,1199.0
105099,2025-05-08,CUST00331,Trimmer,Beauty & Personal Care,North,Online,1,999.0,999.0
101727,2024-07-09,CUST02356,Yoga Mat,Sports & Fitness,West,Marketplace,1,599.0,599.0
105891,2025-08-03,CUST00095,USB-C Cable,Electronics,North,Online,1,249.0,249.0
107108,2025-11-12,CUST02057,Power Bank,Electronics,South,Retail Store,1,899.0,899.0
102080,2024-08-14,CUST01754,Smartwatch,Electronics,West,Online,1,2999.0,2999.0
106713,2025-10-17,CUST00655,Blender,Home & Kitchen,West,Online,1,1599.0,1599.0
100036,2024-01-04,CUST00341,Sunscreen SPF50,Beauty & Personal Care,North,Marketplace,1,449.0,449.0
100632,2024-03-06,CUST00988,Water Bottle,Sports & Fitness,East,Online,1,349.0,349.0
101722,2024-07-08,CUST01257,Cotton T-Shirt,Fashion,West,Retail Store,1,599.0,599.0
105529,2025-06-27,CUST01684,Power Bank,Electronics,,Online,1,899.0,899.0
105474,2025-06-20,CUST02496,Sunglasses,Fashion,East,Marketplace,1,799.0,799.0
107592,2025-12-15,CUST00463,Laptop Stand,Electronics,South,Marketplace,1,799.0,799.0
102130,2024-08-18,CUST02135,Dumbbell Set,Sports & Fitness,East,Marketplace,1,2199.0,2199.0
106501,2025-10-02,CUST01794,Smartwatch,Electronics,South,Retail Store,1,2999.0,2999.0
107403,2025-12-01,CUST01885,Power Bank,Electronics,North,Marketplace,1,764.15,764.15
101395,2024-05-28,CUST01333,Backpack,Fashion,East,Retail Store,2,1399.0,2798.0
105812,2025-07-26,CUST01576,Hair Dryer,Beauty & Personal Care,East,Marketplace,1,1199.0,1199.0
101548,2024-06-16,CUST01104,Hair Dryer,Beauty & Personal Care,East,Online,1,1199.0,1199.0
106703,2025-10-16,CUST01280,Backpack,Fashion,West,Online,1,1399.0,1399.0
101057,2024-04-21,CUST00343,Face Serum,Beauty & Personal Care,West,Online,1,699.0,699.0
102890,2024-10-22,CUST00984,Sunscreen SPF50,Beauty & Personal Care,North,Online,1,449.0,449.0
102428,2024-09-16,CUST00827,Denim Jacket,Fashion,West,Marketplace,1,1599.2,1599.2
105040,2025-05-02,CUST01781,Water Bottle,Sports & Fitness,South,Marketplace,2,349.0,698.0
101543,2024-06-15,CUST02413,Electric Kettle,Home & Kitchen,East,Marketplace,1,809.1,809.1
101153,2024-04-30,CUST00500,Smartwatch,Electronics,West,Online,1,2999.0,2999.0
103641,2024-12-13,CUST01540,Dumbbell Set,Sports & Fitness,North,Online,1,2199.0,2199.0
103612,2024-12-11,CUST00982,Smartwatch,Electronics,North,Marketplace,1,2999.0,2999.0
101059,2024-04-21,CUST00015,Water Bottle,Sports & Fitness,East,Online,1,349.0,349.0
104277,2025-02-12,CUST02288,Air Fryer,Home & Kitchen,North,Marketplace,1,3499.0,3499.0
102907,2024-10-23,CUST00073,Wireless Earbuds,Electronics,West,Online,1,1499.0,1499.0
106429,2025-09-26,CUST01794,Yoga Mat,Sports & Fitness,Central,Online,3,509.15,1527.45
105365,2025-06-08,CUST01190,Sunglasses,Fashion,East,Online,1,719.1,719.1
101285,2024-05-16,CUST01248,Wireless Earbuds,Electronics,South,Online,2,1499.0,2998.0
104886,2025-04-17,CUST02427,USB-C Cable,Electronics,East,Online,1,211.65,211.65
104351,2025-02-21,CUST01718,Hair Dryer,Beauty & Personal Care,North,Retail Store,1,1199.0,1199.0
105258,2025-05-26,CUST01914,USB-C Cable,Electronics,Central,Retail Store,1,249.0,249.0
105283,2025-05-30,CUST00195,Non-stick Pan Set,Home & Kitchen,South,Online,3,1299.0,3897.0
103027,2024-10-30,CUST01592,Smartwatch,Electronics,South,Online,2,2999.0,5998.0
106863,2025-10-26,CUST01938,Yoga Mat,Sports & Fitness,West,Retail Store,1,599.0,599.0
100449,2024-02-18,CUST01735,Yoga Mat,Sports & Fitness,South,Retail Store,1,599.0,599.0
100208,2024-01-23,CUST01847,Electric Kettle,Home & Kitchen,North,Online,1,899.0,899.0
106372,2025-09-20,CUST01317,Face Serum,Beauty & Personal Care,West,Online,2,594.15,1188.3
104813,2025-04-09,CUST00700,Denim Jacket,Fashion,Central,Online,1,1999.0,1999.0
100982,2024-04-12,CUST01389,Laptop Stand,Electronics,West,Retail Store,1,799.0,799.0
101577,2024-06-19,CUST01834,Hair Dryer,Beauty & Personal Care,West,Online,1,1199.0,1199.0
105296,2025-06-01,CUST02509,Laptop Stand,Electronics,Central,Marketplace,2,639.2,1278.4
105544,2025-06-29,CUST01332,Resistance Bands,Sports & Fitness,West,Online,1,339.15,339.15
105415,2025-06-14,CUST00349,Denim Jacket,Fashion,West,Online,1,1999.0,1999.0
106302,2025-09-13,CUST01602,USB-C Cable,Electronics,South,Online,1,249.0,249.0
104310,2025-02-16,CUST01853,Water Bottle,Sports & Fitness,South,Online,1,349.0,349.0
106817,2025-10-23,CUST00310,Sunglasses,Fashion,Central,Online,1,799.0,799.0
105035,2025-05-01,CUST00089,Storage Containers,Home & Kitchen,South,Online,1,499.0,499.0
105603,2025-07-05,CUST02297,Dumbbell Set,Sports & Fitness,South,Retail Store,1,2199.0,2199.0
102972,2024-10-26,CUST02506,Face Serum,Beauty & Personal Care,West,Online,1,699.0,699.0
106417,2025-09-25,CUST02241,Water Bottle,Sports & Fitness,North,Retail Store,1,314.1,314.1
103250,2024-11-14,CUST00822,Laptop Stand,Electronics,West,Online,1,799.0,799.0
100596,2024-03-03,CUST02576,Power Bank,Electronics,West,Marketplace,2,899.0,1798.0
106154,2025-08-29,CUST01528,Cotton T-Shirt,Fashion,South,Online,1,539.1,539.1
102655,2024-10-06,CUST02147,Running Shoes,Fashion,North,Retail Store,1,2124.15,2124.15
104663,2025-03-25,CUST02354,Storage Containers,Home & Kitchen,West,Online,1,499.0,499.0
105984,2025-08-12,CUST01569,Smartwatch,Electronics,North,Online,1,2999.0,2999.0
103364,2024-11-22,CUST00945,Hair Dryer,Beauty & Personal Care,West,Online,1,959.2,959.2
101771,2024-07-13,CUST00047,Resistance Bands,Sports & Fitness,West,Online,1,399.0,399.0
102336,2024-09-08,CUST00439,Water Bottle,Sports & Fitness,East,Online,1,349.0,349.0
105113,2025-05-10,CUST02300,Power Bank,Electronics,Central,Marketplace,1,899.0,899.0
101605,2024-06-24,CUST01848,Cotton T-Shirt,Fashion,South,Online,1,599.0,599.0
106351,2025-09-18,CUST00605,Running Shoes,Fashion,East,Online,1,2499.0,2499.0
105945,2025-08-08,CUST02103,Sunglasses,Fashion,West,Retail Store,1,719.1,719.1
102555,2024-09-28,CUST01889,Resistance Bands,Sports & Fitness,South,Online,1,339.15,339.15
102687,2024-10-08,CUST00829,Sunscreen SPF50,Beauty & Personal Care,North,Retail Store,1,404.1,404.1
101179,2024-05-04,CUST01042,Air Fryer,HOME & KITCHEN,North,Online,1,2799.2,2799.2
106256,2025-09-09,CUST00506,Running Shoes,Fashion,East,Retail Store,1,2499.0,2499.0
107491,2025-12-07,CUST01259,Cotton T-Shirt,Fashion,South,Marketplace,1,599.0,599.0
107784,2025-12-31,CUST01447,Denim Jacket,Fashion,West,Online,1,1799.1,1799.1
101586,2024-06-21,CUST01925,Power Bank,Electronics,South,Online,1,899.0,899.0
107172,2025-11-16,CUST01324,Dumbbell Set,Sports & Fitness,North,Online,3,2199.0,6597.0
100724,2024-03-16,CUST00494,Laptop Stand,Electronics,North,Online,1,799.0,799.0
104906,2025-04-19,CUST02463,Denim Jacket,Fashion,North,Online,2,1999.0,3998.0
102587,2024-10-01,CUST00153,Face Serum,Beauty & Personal Care,West,Online,1,699.0,699.0
104985,2025-04-26,CUST02009,Blender,Home & Kitchen,Central,Marketplace,1,1599.0,1599.0
104104,2025-01-24,CUST01873,Bluetooth Speaker,Electronics,North,Online,1,1899.0,1899.0
105630,2025-07-07,CUST01455,Power Bank,Electronics,West,Online,1,899.0,899.0
105613,2025-07-05,CUST00213,Power Bank,Electronics,West,Marketplace,3,809.1,2427.3
103827,2024-12-28,CUST00340,Non-stick Pan Set,Home & Kitchen,North,Retail Store,1,1299.0,1299.0
104108,2025-01-25,CUST00675,Sunglasses,Fashion,South,Online,1,799.0,799.0
104573,2025-03-16,CUST00787,USB-C Cable,Electronics,South,Marketplace,3,199.2,597.6
103466,2024-11-28,CUST01889,Yoga Mat,Sports & Fitness,North,Retail Store,1,599.0,599.0
101936,2024-07-29,CUST02082,USB-C Cable,Electronics,East,Marketplace,1,249.0,249.0
107330,2025-11-27,CUST00549,Hair Dryer,Beauty & Personal Care,South,Online,1,1199.0,1199.0
105620,2025-07-06,CUST00090,Electric Kettle,Home & Kitchen,East,Marketplace,1,809.1,809.1
107056,2025-11-08,CUST01177,Resistance Bands,Sports & Fitness,South,Retail Store,1,399.0,399.0
101336,2024-05-21,CUST00460,Yoga Mat,Sports & Fitness,South,Retail Store,1,599.0,599.0
104368,2025-02-23,CUST00814,Air Fryer,Home & Kitchen,North,Online,1,3499.0,3499.0
105561,2025-07-01,CUST01769,Smartwatch,Electronics,West,Online,1,2999.0,2999.0
105968,2025-08-10,CUST01470,Sunglasses,Fashion,North,Online,2,799.0,1598.0
103867,2024-12-31,CUST02107,Face Serum,Beauty & Personal Care,South,Marketplace,1,699.0,699.0
102722,2024-10-10,CUST00072,Smartwatch,Electronics,West,Online,2,2399.2,4798.4
100767,2024-03-21,CUST01717,Dumbbell Set,Sports & Fitness,East,Online,1,2199.0,2199.0
101747,2024-07-11,CUST02318,USB-C Cable,Electronics,South,Online,1,224.1,224.1
104505,2025-03-09,CUST01176,Blender,Home & Kitchen,North,Online,1,1439.1,1439.1
101009,2024-04-14,CUST00776,Dumbbell Set,Sports & Fitness,South,Retail Store,1,2199.0,2199.0
105848,2025-07-30,CUST02386,Hair Dryer,Beauty & Personal Care,East,Online,1,1199.0,1199.0
100623,2024-03-06,CUST02172,Power Bank,Electronics,East,Retail Store,2,899.0,1798.0
105820,2025-07-27,CUST01365,Blender,HOME & KITCHEN,South,Online,1,1439.1,1439.1
102162,2024-08-22,CUST02008,Dumbbell Set,Sports & Fitness,East,Online,1,2199.0,2199.0
103802,2024-12-25,CUST02568,Non-stick Pan Set,Home & Kitchen,East,Online,1,1299.0,1299.0
103127,2024-11-07,CUST02384,Blender,Home & Kitchen,East,Retail Store,1,1599.0,1599.0
105218,2025-05-22,CUST02589,Storage Containers,Home & Kitchen,East,Retail Store,1,449.1,449.1
104349,2025-02-21,CUST00267,Backpack,Fashion,Central,Online,1,1399.0,1399.0
102653,2024-10-06,CUST01384,Blender,Home & Kitchen,South,Marketplace,1,1599.0,1599.0
103266,2024-11-16,CUST01831,Trimmer,Beauty & Personal Care,South,Retail Store,1,999.0,999.0
102594,2024-10-02,CUST01042,Air Fryer,Home & Kitchen,East,Online,2,3499.0,6998.0
103726,2024-12-20,CUST02561,Face Serum,Beauty & Personal Care,West,Online,1,699.0,699.0
102663,2024-10-06,CUST01750,Hair Dryer,BEAUTY & PERSONAL CARE,South,Retail Store,1,1199.0,1199.0
105781,2025-07-22,CUST02265,Sunscreen SPF50,Beauty & Personal Care,South,Online,1,449.0,449.0
106489,2025-10-01,CUST01882,Backpack,Fashion,West,Marketplace,1,1189.15,1189.15
101719,2024-07-07,CUST00774,Storage Containers,Home & Kitchen,South,Marketplace,1,499.0,499.0
106499,2025-10-01,CUST02055,Backpack,Fashion,Central,Online,1,1399.0,1399.0
103964,2025-01-11,CUST01761,Bluetooth Speaker,Electronics,South,Retail Store,1,1899.0,1899.0
102171,2024-08-22,CUST01510,Sunglasses,Fashion,West,Online,2,799.0,1598.0
105392,2025-06-11,CUST02394,Bluetooth Speaker,Electronics,South,Online,1,1899.0,1899.0
104252,2025-02-09,CUST02242,Electric Kettle,Home & Kitchen,South,Retail Store,1,719.2,719.2
105083,2025-05-07,CUST01606,Bluetooth Speaker,Electronics,Central,Online,1,1519.2,1519.2
107150,2025-11-14,CUST00747,Sunglasses,Fashion,West,Online,1,799.0,799.0
106197,2025-09-03,CUST01302,Hair Dryer,Beauty & Personal Care,North,Online,2,1199.0,2398.0
100542,2024-02-27,CUST02232,Power Bank,Electronics,North,Online,1,899.0,899.0
107679,2025-12-23,CUST02304,Resistance Bands,Sports & Fitness,,Retail Store,2,399.0,798.0
106450,2025-09-28,CUST01137,Blender,Home & Kitchen,West,Online,1,1599.0,1599.0
102432,2024-09-16,CUST00174,USB-C Cable,Electronics,West,Online,1,249.0,249.0
100513,2024-02-24,CUST01576,Hair Dryer,Beauty & Personal Care,North,Online,1,1199.0,1199.0
104340,2025-02-20,CUST02020,Resistance Bands,Sports & Fitness,North,Marketplace,1,399.0,399.0
107743,2025-12-28,CUST02434,Denim Jacket,Fashion,West,Online,1,1999.0,1999.0
101086,2024-04-24,CUST01871,Denim Jacket,Fashion,Central,Marketplace,3,1999.0,5997.0
107141,2025-11-14,CUST01699,Water Bottle,Sports & Fitness,South,Online,1,349.0,349.0
103713,2024-12-19,CUST00293,Sunglasses,Fashion,West,Retail Store,1,799.0,799.0
100692,2024-03-12,CUST00229,Water Bottle,Sports & Fitness,West,Online,1,349.0,349.0
102712,2024-10-09,CUST00051,Running Shoes,Fashion,East,Online,1,2499.0,2499.0
106162,2025-08-30,CUST02160,Sunscreen SPF50,Beauty & Personal Care,Central,Retail Store,2,449.0,898.0
105539,2025-06-28,CUST01546,Trimmer,Beauty & Personal Care,North,Online,1,999.0,999.0
101456,2024-06-05,CUST01947,Resistance Bands,Sports & Fitness,South,Retail Store,1,399.0,399.0
102894,2024-10-22,CUST00574,Non-stick Pan Set,Home & Kitchen,East,Online,1,1169.1,1169.1
102737,2024-10-11,CUST01648,Face Serum,Beauty & Personal Care,South,Retail Store,2,699.0,1398.0
100917,2024-04-06,CUST01058,Wireless Earbuds,Electronics,South,Online,1,1274.15,1274.15
102027,2024-08-08,CUST00729,Non-stick Pan Set,Home & Kitchen,South,Retail Store,1,1169.1,1169.1
105221,2025-05-22,CUST00058,Cotton T-Shirt,Fashion,East,Online,1,599.0,599.0
103136,2024-11-07,CUST00684,Trimmer,Beauty & Personal Care,West,Marketplace,2,999.0,1998.0
105435,2025-06-16,CUST01746,Sunscreen SPF50,Beauty & Personal Care,West,Online,1,449.0,449.0
104687,2025-03-27,CUST01277,Wireless Earbuds,Electronics,South,Online,2,1499.0,2998.0
103923,2025-01-05,CUST01878,Wireless Earbuds,Electronics,North,Marketplace,1,1499.0,1499.0
104265,2025-02-10,CUST01204,Denim Jacket,Fashion,Central,Online,1,1999.0,1999.0
103701,2024-12-18,CUST01305,Denim Jacket,Fashion,North,Retail Store,1,1999.0,1999.0
103891,2025-01-02,CUST01671,Wireless Earbuds,Electronics,East,Online,2,1499.0,2998.0
104839,2025-04-11,CUST00487,Electric Kettle,Home & Kitchen,West,Online,1,719.2,719.2
101115,2024-04-27,CUST00585,Resistance Bands,Sports & Fitness,West,Retail Store,1,399.0,399.0
104381,2025-02-24,CUST01406,Electric Kettle,Home & Kitchen,West,Online,1,899.0,899.0
100799,2024-03-24,CUST00710,Electric Kettle,Home & Kitchen,South,Online,1,899.0,899.0
104680,2025-03-26,CUST01975,Power Bank,Electronics,East,Online,1,899.0,899.0
107701,2025-12-25,CUST01333,Smartwatch,Electronics,Central,Online,2,2399.2,4798.4
105808,2025-07-25,CUST00019,Sunscreen SPF50,Beauty & Personal Care,South,Marketplace,1,449.0,449.0
105540,2025-06-28,CUST01450,Non-stick Pan Set,Home & Kitchen,West,Online,1,1299.0,1299.0
103749,2024-12-22,CUST00025,Wireless Earbuds,Electronics,East,Marketplace,2,1499.0,2998.0
103041,2024-10-31,CUST00185,Water Bottle,Sports & Fitness,North,Retail Store,2,349.0,698.0
101756,2024-07-12,CUST02536,Cotton T-Shirt,Fashion,North,Marketplace,1,539.1,539.1
106344,2025-09-17,CUST01706,Resistance Bands,Sports & Fitness,North,Retail Store,0,399.0,399.0
104952,2025-04-23,CUST01670,Dumbbell Set,Sports & Fitness,South,Online,1,1869.15,1869.15
106455,2025-09-28,CUST02306,Sunscreen SPF50,Beauty & Personal Care,South,Marketplace,2,359.2,718.4
101413,2024-05-30,CUST00217,Smartwatch,Electronics,West,Marketplace,1,2399.2,2399.2
106454,2025-09-28,CUST01237,Running Shoes,Fashion,North,Online,1,2124.15,2124.15
102384,2024-09-13,CUST01559,Resistance Bands,Sports & Fitness,South,Marketplace,1,319.2,319.2
103815,2024-12-27,CUST01470,Yoga Mat,Sports & Fitness,Central,Marketplace,1,599.0,599.0
106975,2025-11-02,CUST01449,Sunglasses,Fashion,West,Online,1,799.0,799.0
103111,2024-11-05,CUST01056,Smartwatch,Electronics,West,Online,1,2999.0,2999.0
106826,2025-10-24,CUST00817,Bluetooth Speaker,Electronics,South,Online,1,1899.0,1899.0
107566,2025-12-13,CUST00792,Dumbbell Set,Sports & Fitness,West,Retail Store,2,2199.0,4398.0
101311,2024-05-19,CUST01805,Hair Dryer,Beauty & Personal Care,South,Online,1,1199.0,1199.0
101675,2024-07-01,CUST00156,Non-stick Pan Set,Home & Kitchen,Central,Online,1,1299.0,1299.0
104808,2025-04-08,CUST01226,Hair Dryer,Beauty & Personal Care,East,Marketplace,1,1199.0,1199.0
106865,2025-10-26,CUST00223,Trimmer,Beauty & Personal Care,West,Online,1,899.1,899.1
105423,2025-06-14,CUST02047,Power Bank,Electronics,North,Online,1,764.15,764.15
100228,2024-01-25,CUST00703,Smartwatch,Electronics,,Retail Store,1,2999.0,2999.0
105844,2025-07-29,CUST00121,Bluetooth Speaker,Electronics,West,Online,1,1899.0,1899.0
103627,2024-12-12,CUST00737,Storage Containers,Home & Kitchen,North,Marketplace,3,499.0,1497.0
104077,2025-01-22,CUST02027,Non-stick Pan Set,Home & Kitchen,East,Marketplace,2,1299.0,2598.0
101298,2024-05-18,CUST02376,Dumbbell Set,Sports & Fitness,South,Online,1,2199.0,2199.0
107109,2025-11-12,CUST01944,Dumbbell Set,Sports & Fitness,North,Online,1,2199.0,2199.0
104298,2025-02-15,CUST00808,Running Shoes,Fashion,West,Online,1,2499.0,2499.0
107261,2025-11-22,CUST00620,Cotton T-Shirt,Fashion,South,Retail Store,1,599.0,599.0
102212,2024-08-27,CUST01801,Non-stick Pan Set,Home & Kitchen,Central,Online,1,1299.0,1299.0
107167,2025-11-15,CUST00780,Hair Dryer,Beauty & Personal Care,East,Online,1,1199.0,1199.0
103204,2024-11-11,CUST02125,Electric Kettle,Home & Kitchen,South,Online,1,899.0,899.0
103346,2024-11-20,CUST01587,Sunscreen SPF50,Beauty & Personal Care,West,Online,1,449.0,449.0
102076,2024-08-13,CUST01621,Running Shoes,Fashion,South,Online,1,2499.0,2499.0
107151,2025-11-14,CUST00049,Bluetooth Speaker,Electronics,West,Online,1,1899.0,1899.0
104882,2025-04-17,CUST01347,Air Fryer,Home & Kitchen,Central,Retail Store,1,2974.15,2974.15
102718,2024-10-10,CUST00242,Water Bottle,Sports & Fitness,West,Online,1,349.0,349.0
101398,2024-05-28,CUST01747,Blender,Home & Kitchen,West,Marketplace,1,1599.0,1599.0
103819,2024-12-28,CUST00682,Face Serum,Beauty & Personal Care,East,Online,1,629.1,629.1
104378,2025-02-23,CUST01357,Water Bottle,Sports & Fitness,North,Marketplace,2,349.0,698.0
104878,2025-04-16,CUST00346,Wireless Earbuds,Electronics,North,Marketplace,1,1499.0,1499.0
105129,2025-05-11,CUST02513,Non-stick Pan Set,Home & Kitchen,South,Retail Store,1,1299.0,1299.0
103338,2024-11-20,CUST01527,Cotton T-Shirt,Fashion,East,Online,1,599.0,599.0
103587,2024-12-08,CUST01543,Backpack,Fashion,North,Online,2,1399.0,2798.0
107480,2025-12-06,CUST00498,Dumbbell Set,Sports & Fitness,North,Retail Store,1,2199.0,2199.0
101390,2024-05-27,CUST01033,Laptop Stand,Electronics,West,Online,1,799.0,799.0
107122,2025-11-12,CUST00292,Bluetooth Speaker,Electronics,South,Online,1,1899.0,1899.0
102498,2024-09-23,CUST02179,Yoga Mat,Sports & Fitness,West,Online,1,599.0,599.0
104360,2025-02-22,CUST02550,Water Bottle,Sports & Fitness,South,Retail Store,1,349.0,349.0
103275,2024-11-16,CUST01871,Bluetooth Speaker,Electronics,East,Online,1,1899.0,1899.0
102327,2024-09-08,CUST00340,Smartwatch,Electronics,West,Online,1,2999.0,2999.0
105609,2025-07-05,CUST02057,Storage Containers,Home & Kitchen,West,Marketplace,1,499.0,499.0
107722,2025-12-27,CUST01238,Wireless Earbuds,Electronics,Central,Online,1,1499.0,1499.0
100314,2024-02-02,CUST02396,Denim Jacket,Fashion,South,Online,3,1999.0,5997.0
105298,2025-06-01,CUST01461,Non-stick Pan Set,Home & Kitchen,South,Online,1,1299.0,1299.0
107602,2025-12-16,CUST01637,Hair Dryer,Beauty & Personal Care,East,Marketplace,1,1019.15,1019.15
102418,2024-09-15,CUST01050,Resistance Bands,Sports & Fitness,West,Retail Store,2,399.0,798.0
107207,2025-11-18,CUST00886,Non-stick Pan Set,Home & Kitchen,North,Retail Store,1,1104.15,1104.15
100756,2024-03-19,CUST02189,Bluetooth Speaker,Electronics,Central,Online,1,1899.0,1899.0
106758,2025-10-19,CUST00264,Power Bank,Electronics,Central,Marketplace,1,899.0,899.0
105830,2025-07-28,CUST01945,Cotton T-Shirt,Fashion,Central,Online,1,599.0,599.0
107621,2025-12-18,CUST02149,Smartwatch,Electronics,East,Online,1,2999.0,2999.0
107326,2025-11-27,CUST00661,Electric Kettle,Home & Kitchen,South,Marketplace,1,764.15,764.15
106189,2025-09-02,CUST02408,Blender,Home & Kitchen,South,Marketplace,1,1599.0,1599.0
105941,2025-08-08,CUST01925,Sunscreen SPF50,Beauty & Personal Care,South,Marketplace,1,449.0,449.0
103228,2024-11-13,CUST01274,USB-C Cable,Electronics,North,Online,1,249.0,249.0
107190,2025-11-17,CUST00157,Hair Dryer,Beauty & Personal Care,East,Online,2,1199.0,2398.0
100127,2024-01-14,CUST00291,Yoga Mat,Sports & Fitness,South,Online,1,599.0,599.0
107525,2025-12-09,CUST00038,Electric Kettle,Home & Kitchen,West,Online,2,899.0,1798.0
104101,2025-01-24,CUST00926,USB-C Cable,Electronics,North,Retail Store,1,249.0,249.0
105668,2025-07-12,CUST00451,Wireless Earbuds,Electronics,West,Online,2,1499.0,2998.0
104869,2025-04-14,CUST00815,Wireless Earbuds,Electronics,South,Online,1,1499.0,1499.0
103854,2024-12-30,CUST02119,USB-C Cable,Electronics,West,Online,1,249.0,249.0
102223,2024-08-28,CUST01623,Storage Containers,Home & Kitchen,East,Marketplace,1,499.0,499.0
103139,2024-11-07,CUST00720,Yoga Mat,Sports & Fitness,West,Marketplace,1,599.0,599.0
105344,2025-06-06,CUST00148,Resistance Bands,Sports & Fitness,South,Retail Store,1,399.0,399.0
105837,2025-07-28,CUST02375,Bluetooth Speaker,Electronics,South,Marketplace,2,1899.0,3798.0
101273,2024-05-15,CUST01917,Non-stick Pan Set,Home & Kitchen,North,Retail Store,1,1169.1,1169.1
100286,2024-01-31,CUST00092,Air Fryer,Home & Kitchen,North,Retail Store,1,3499.0,3499.0
102144,2024-08-20,CUST01219,Smartwatch,Electronics,North,Online,1,2699.1,2699.1
106915,2025-10-29,CUST00888,Smartwatch,Electronics,South,Online,1,2399.2,2399.2
107550,2025-12-12,CUST00074,Face Serum,Beauty & Personal Care,West,Online,1,699.0,699.0
101229,2024-05-09,CUST01849,Air Fryer,Home & Kitchen,North,Online,1,3149.1,3149.1
103493,2024-11-30,CUST00230,Hair Dryer,BEAUTY & PERSONAL CARE,West,Online,1,1199.0,1199.0
104134,2025-01-27,CUST00275,Running Shoes,Fashion,North,Retail Store,1,2499.0,2499.0
107369,2025-11-29,CUST01202,Face Serum,Beauty & Personal Care,East,Online,1,629.1,629.1
105077,2025-05-05,CUST01068,Smartwatch,Electronics,North,Retail Store,1,2999.0,2999.0
102013,2024-08-07,CUST00123,Dumbbell Set,Sports & Fitness,South,Retail Store,1,1979.1,1979.1
105586,2025-07-04,CUST01250,Dumbbell Set,Sports & Fitness,East,Online,1,1869.15,1869.15
104770,2025-04-04,CUST02322,Non-stick Pan Set,Home & Kitchen,North,Online,1,1104.15,1104.15
100172,2024-01-20,CUST00162,Dumbbell Set,Sports & Fitness,South,Online,1,2199.0,2199.0
104113,2025-01-25,CUST02230,Cotton T-Shirt,Fashion,West,Online,1,539.1,539.1
105942,2025-08-08,CUST00023,Blender,Home & Kitchen,South,Online,1,1599.0,1599.0
104240,2025-02-08,CUST01140,Face Serum,Beauty & Personal Care,South,Online,1,629.1,629.1
106152,2025-08-29,CUST02398,Hair Dryer,Beauty & Personal Care,West,Online,2,1079.1,2158.2
102054,2024-08-11,CUST02362,Trimmer,Beauty & Personal Care,South,Online,1,999.0,999.0
106954,2025-11-01,CUST01727,Sunglasses,Fashion,East,Retail Store,2,799.0,1598.0
105868,2025-08-01,CUST02060,Bluetooth Speaker,Electronics,South,Online,1,1899.0,1899.0
104512,2025-03-10,CUST00001,Laptop Stand,Electronics,North,Online,3,799.0,2397.0
102504,2024-09-23,CUST02055,Sunglasses,Fashion,East,Online,1,799.0,799.0
100251,2024-01-27,CUST01606,Yoga Mat,Sports & Fitness,West,Marketplace,1,599.0,599.0
101668,2024-06-30,CUST02299,Bluetooth Speaker,Electronics,West,Marketplace,1,1899.0,1899.0
107472,2025-12-06,CUST00984,Storage Containers,Home & Kitchen,Central,Marketplace,1,499.0,499.0
102090,2024-08-15,CUST00373,Smartwatch,Electronics,West,Online,1,2999.0,2999.0
100049,2024-01-06,CUST00265,Dumbbell Set,Sports & Fitness,West,Online,2,2199.0,4398.0
100112,2024-01-13,CUST00905,Denim Jacket,Fashion,West,Online,1,1999.0,1999.0
100459,2024-02-19,CUST02095,Running Shoes,Fashion,Central,Online,1,2499.0,2499.0
106128,2025-08-26,CUST01966,Resistance Bands,Sports & Fitness,Central,Online,1,359.1,359.1
104845,2025-04-12,CUST02081,Hair Dryer,Beauty & Personal Care,South,Online,1,1199.0,1199.0
101465,2024-06-06,CUST00005,Non-stick Pan Set,Home & Kitchen,West,Online,1,1299.0,1299.0
105273,2025-05-28,CUST00021,Resistance Bands,Sports & Fitness,South,Online,1,399.0,399.0
100613,2024-03-05,CUST01849,Denim Jacket,Fashion,East,Marketplace,1,1599.2,1599.2
103871,2024-12-31,CUST01136,USB-C Cable,Electronics,East,Online,1,224.1,224.1
102115,2024-08-18,CUST01658,Dumbbell Set,Sports & Fitness,North,Online,1,2199.0,2199.0
104638,2025-03-22,CUST01814,Wireless Earbuds,Electronics,North,Marketplace,1,1499.0,1499.0
104145,2025-01-28,CUST02358,Laptop Stand,Electronics,North,Online,1,799.0,799.0
100673,2024-03-10,CUST00373,Storage Containers,Home & Kitchen,West,Retail Store,1,499.0,499.0
100882,2024-04-02,CUST02408,Wireless Earbuds,Electronics,East,Retail Store,1,1499.0,1499.0
106655,2025-10-12,CUST00305,Non-stick Pan Set,Home & Kitchen,East,Online,1,1299.0,1299.0
103930,2025-01-06,CUST01211,Water Bottle,Sports & Fitness,North,Online,1,349.0,349.0
103463,2024-11-28,CUST00295,Electric Kettle,Home & Kitchen,South,Marketplace,1,899.0,899.0
101233,2024-05-09,CUST00502,Storage Containers,Home & Kitchen,North,Retail Store,1,499.0,499.0
101159,2024-05-01,CUST00434,Storage Containers,Home & Kitchen,East,Retail Store,1,499.0,499.0
104554,2025-03-15,CUST02181,Sunscreen SPF50,Beauty & Personal Care,Central,Online,1,449.0,449.0
105790,2025-07-23,CUST01477,Wireless Earbuds,Electronics,West,Online,1,1499.0,1499.0
102754,2024-10-12,CUST01947,Air Fryer,Home & Kitchen,South,Retail Store,1,3499.0,3499.0
104125,2025-01-26,CUST02252,Smartwatch,Electronics,South,Marketplace,1,2399.2,2399.2
102085,2024-08-14,CUST00640,Face Serum,Beauty & Personal Care,Central,Retail Store,1,699.0,699.0
101309,2024-05-19,CUST00303,Electric Kettle,Home & Kitchen,North,Online,2,899.0,1798.0
101603,2024-06-23,CUST01478,Electric Kettle,Home & Kitchen,North,Retail Store,1,899.0,899.0
105409,2025-06-14,CUST00244,Face Serum,Beauty & Personal Care,West,Online,2,699.0,1398.0
105656,2025-07-10,CUST00268,Dumbbell Set,Sports & Fitness,North,Online,1,2199.0,2199.0
105151,2025-05-14,CUST00472,Hair Dryer,Beauty & Personal Care,North,Marketplace,1,1199.0,1199.0
107119,2025-11-12,CUST01614,Storage Containers,Home & Kitchen,South,Online,1,499.0,499.0
104649,2025-03-23,CUST00075,Running Shoes,Fashion,West,Retail Store,1,2499.0,2499.0
103573,2024-12-07,CUST01057,Laptop Stand,Electronics,North,Marketplace,1,799.0,799.0
105115,2025-05-10,CUST01009,Resistance Bands,Sports & Fitness,East,Marketplace,1,399.0,399.0
102289,2024-09-05,CUST02155,Backpack,Fashion,South,Online,1,1399.0,1399.0
101441,2024-06-02,CUST01540,Running Shoes,Fashion,North,Online,2,2499.0,4998.0
101338,2024-05-21,CUST00921,Dumbbell Set,Sports & Fitness,South,Online,1,1979.1,1979.1
106716,2025-10-17,CUST00131,Non-stick Pan Set,Home & Kitchen,Central,Retail Store,2,1169.1,2338.2
100960,2024-04-10,CUST00264,Sunglasses,Fashion,North,Marketplace,1,799.0,799.0
103611,2024-12-11,CUST02314,Smartwatch,Electronics,South,Online,2,2699.1,5398.2
107101,2025-11-11,CUST01887,Non-stick Pan Set,Home & Kitchen,East,Retail Store,1,1299.0,1299.0
104936,2025-04-22,CUST01205,Power Bank,Electronics,East,Online,1,899.0,899.0
103482,2024-11-30,CUST01821,Smartwatch,Electronics,East,Retail Store,1,2999.0,2999.0
100883,2024-04-02,CUST01619,Face Serum,Beauty & Personal Care,South,Online,1,699.0,699.0
100568,2024-03-01,CUST02426,Bluetooth Speaker,Electronics,Central,Online,1,1899.0,1899.0
105927,2025-08-07,CUST00386,Electric Kettle,Home & Kitchen,East,Online,1,899.0,899.0
105633,2025-07-07,CUST01619,Dumbbell Set,Sports & Fitness,North,Retail Store,1,2199.0,2199.0
106791,2025-10-22,CUST00809,Laptop Stand,Electronics,South,Online,1,799.0,799.0
107638,2025-12-20,CUST01966,Smartwatch,Electronics,South,Online,1,2999.0,2999.0
104771,2025-04-04,CUST01382,Wireless Earbuds,Electronics,South,Online,1,1349.1,1349.1
102583,2024-10-01,CUST00955,Trimmer,Beauty & Personal Care,Central,Marketplace,1,999.0,999.0
100503,2024-02-23,CUST00540,Running Shoes,Fashion,East,Marketplace,1,2499.0,2499.0
100345,2024-02-06,CUST01692,Air Fryer,Home & Kitchen,North,Marketplace,1,3499.0,3499.0
103840,2024-12-29,CUST02019,Laptop Stand,Electronics,North,Online,2,679.15,1358.3
105329,2025-06-04,CUST00199,Blender,Home & Kitchen,North,Online,1,1599.0,1599.0
105749,2025-07-19,CUST01736,Smartwatch,Electronics,West,Online,1,2999.0,2999.0
100573,2024-03-01,CUST00914,USB-C Cable,Electronics,East,Marketplace,1,249.0,249.0
107540,2025-12-11,CUST01615,USB-C Cable,Electronics,East,Online,1,199.2,199.2
104034,2025-01-18,CUST01953,Bluetooth Speaker,ELECTRONICS,North,Marketplace,1,1899.0,1899.0
103775,2024-12-23,CUST01273,USB-C Cable,Electronics,Central,Online,1,249.0,249.0
106293,2025-09-12,CUST01349,Wireless Earbuds,Electronics,South,Retail Store,1,1499.0,1499.0
102467,2024-09-19,CUST01781,Backpack,Fashion,,Retail Store,1,1189.15,1189.15
104530,2025-03-12,CUST02565,Trimmer,Beauty & Personal Care,Central,Online,1,999.0,999.0
101988,2024-08-04,CUST01825,Sunscreen SPF50,Beauty & Personal Care,Central,Online,1,449.0,449.0
106651,2025-10-12,CUST00463,Air Fryer,Home & Kitchen,North,Online,1,3499.0,3499.0
106017,2025-08-15,CUST00081,Trimmer,BEAUTY & PERSONAL CARE,West,Retail Store,1,999.0,999.0
102992,2024-10-28,CUST00625,Blender,Home & Kitchen,South,Retail Store,1,1599.0,1599.0
107672,2025-12-23,CUST02211,Wireless Earbuds,Electronics,North,Online,1,1499.0,1499.0
104222,2025-02-06,CUST00678,Sunglasses,Fashion,East,Retail Store,1,799.0,799.0
104629,2025-03-22,CUST01762,Dumbbell Set,Sports & Fitness,East,Online,1,2199.0,2199.0
105604,2025-07-05,CUST01446,Water Bottle,Sports & Fitness,Central,Marketplace,1,349.0,349.0
103803,2024-12-25,CUST01500,Hair Dryer,Beauty & Personal Care,North,Marketplace,2,1199.0,2398.0
105866,2025-08-01,CUST02026,Denim Jacket,Fashion,North,Online,1,1999.0,1999.0
100930,2024-04-07,CUST02025,Smartwatch,Electronics,North,Online,1,2399.2,2399.2
107096,2025-11-11,CUST02036,Power Bank,Electronics,South,Retail Store,1,764.15,764.15
100749,2024-03-18,CUST00324,Wireless Earbuds,Electronics,East,Online,1,1199.2,1199.2
101789,2024-07-15,CUST02475,Storage Containers,Home & Kitchen,Central,Retail Store,1,499.0,499.0
102672,2024-10-07,CUST00716,Dumbbell Set,Sports & Fitness,West,Online,1,1759.2,1759.2
107416,2025-12-02,CUST00717,Running Shoes,Fashion,East,Marketplace,1,2124.15,2124.15
105577,2025-07-02,CUST02299,Sunscreen SPF50,Beauty & Personal Care,South,Online,2,449.0,898.0
107105,2025-11-12,CUST00291,Storage Containers,Home & Kitchen,,Retail Store,1,499.0,499.0
104784,2025-04-06,CUST02074,Storage Containers,Home & Kitchen,East,Retail Store,1,499.0,499.0
102703,2024-10-09,CUST02076,Resistance Bands,Sports & Fitness,South,Marketplace,1,399.0,399.0
102216,2024-08-27,CUST01501,Yoga Mat,Sports & Fitness,East,Online,1,599.0,599.0
101065,2024-04-22,CUST02550,Sunglasses,Fashion,South,Online,1,799.0,799.0
101382,2024-05-27,CUST02544,Denim Jacket,Fashion,Central,Online,1,1999.0,1999.0
107772,2025-12-29,CUST00425,USB-C Cable,Electronics,South,Marketplace,2,199.2,398.4
100518,2024-02-24,CUST00207,Non-stick Pan Set,Home & Kitchen,West,Online,2,1169.1,2338.2
103829,2024-12-28,CUST00865,Trimmer,Beauty & Personal Care,West,Retail Store,1,999.0,999.0
103774,2024-12-23,CUST00224,Cotton T-Shirt,Fashion,South,Online,2,599.0,1198.0
102973,2024-10-26,CUST02566,Sunglasses,Fashion,South,Marketplace,1,799.0,799.0
100230,2024-01-25,CUST02283,Water Bottle,Sports & Fitness,South,Online,2,349.0,698.0
102576,2024-09-30,CUST01484,Power Bank,Electronics,East,Retail Store,1,899.0,899.0
106071,2025-08-20,CUST00815,Running Shoes,Fashion,West,Online,1,2499.0,2499.0
102176,2024-08-23,CUST01220,Air Fryer,Home & Kitchen,West,Online,1,3499.0,3499.0
103158,2024-11-09,CUST00586,Air Fryer,Home & Kitchen,Central,Online,1,3149.1,3149.1
103675,2024-12-16,CUST00303,Wireless Earbuds,Electronics,North,Marketplace,1,1499.0,1499.0
104822,2025-04-10,CUST02112,Sunscreen SPF50,Beauty & Personal Care,North,Online,1,449.0,449.0
107404,2025-12-01,CUST01447,Backpack,Fashion,West,Online,1,1399.0,1399.0
105011,2025-04-28,CUST01598,Yoga Mat,Sports & Fitness,West,Retail Store,1,599.0,599.0
102078,2024-08-13,CUST00648,Blender,Home & Kitchen,North,Online,1,1599.0,1599.0
104529,2025-03-12,CUST02004,Resistance Bands,Sports & Fitness,West,Online,1,399.0,399.0
103382,2024-11-23,CUST01834,Smartwatch,Electronics,West,Retail Store,1,2999.0,2999.0
104024,2025-01-17,CUST01124,Face Serum,Beauty & Personal Care,East,Retail Store,1,699.0,699.0
107771,2025-12-29,CUST01784,USB-C Cable,Electronics,South,Marketplace,1,249.0,249.0
102643,2024-10-05,CUST00520,Storage Containers,Home & Kitchen,East,Online,1,499.0,499.0
105522,2025-06-26,CUST01362,Blender,Home & Kitchen,West,Online,1,1599.0,1599.0
103676,2024-12-16,CUST02083,Hair Dryer,Beauty & Personal Care,Central,Retail Store,2,1199.0,2398.0
105788,2025-07-23,CUST00011,Laptop Stand,Electronics,West,Online,2,799.0,1598.0
106597,2025-10-08,CUST00034,Cotton T-Shirt,Fashion,North,Marketplace,1,599.0,599.0
101363,2024-05-25,CUST00667,Storage Containers,Home & Kitchen,North,Marketplace,1,499.0,499.0
103754,2024-12-22,CUST00128,Denim Jacket,Fashion,Central,Online,2,1999.0,3998.0
101255,2024-05-12,CUST01680,Denim Jacket,Fashion,Central,Retail Store,1,1699.15,1699.15
105126,2025-05-11,CUST02313,Power Bank,Electronics,North,Marketplace,1,899.0,899.0
102851,2024-10-19,CUST00659,Cotton T-Shirt,Fashion,West,Online,1,599.0,599.0
107747,2025-12-28,CUST00450,Sunscreen SPF50,Beauty & Personal Care,South,Online,1,449.0,449.0
100007,2024-01-01,CUST02164,Trimmer,Beauty & Personal Care,West,Online,1,999.0,999.0
103643,2024-12-14,CUST02424,Storage Containers,Home & Kitchen,North,Marketplace,1,499.0,499.0
105167,2025-05-16,CUST01142,Bluetooth Speaker,Electronics,North,Online,1,1614.15,1614.15
106375,2025-09-21,CUST02416,Sunscreen SPF50,Beauty & Personal Care,West,Online,1,449.0,449.0
101581,2024-06-20,CUST01052,Water Bottle,Sports & Fitness,North,Online,2,349.0,698.0
105076,2025-05-05,CUST02340,Bluetooth Speaker,ELECTRONICS,East,Online,1,1899.0,1899.0
105457,2025-06-18,CUST02120,Laptop Stand,Electronics,North,Marketplace,1,679.15,679.15
103471,2024-11-29,CUST01791,Sunscreen SPF50,Beauty & Personal Care,East,Online,1,449.0,449.0
106487,2025-10-01,CUST00403,Air Fryer,Home & Kitchen,West,Online,1,3499.0,3499.0
100281,2024-01-30,CUST01942,Electric Kettle,Home & Kitchen,South,Online,1,899.0,899.0
104497,2025-03-08,CUST01134,Backpack,Fashion,Central,Marketplace,1,1259.1,1259.1
102780,2024-10-13,CUST00071,Storage Containers,Home & Kitchen,West,Online,1,499.0,499.0
105333,2025-06-04,CUST00510,Water Bottle,Sports & Fitness,West,Online,1,279.2,279.2
107643,2025-12-20,CUST00292,Bluetooth Speaker,Electronics,North,Online,2,1899.0,3798.0
104812,2025-04-09,CUST00493,Power Bank,Electronics,North,Online,1,899.0,899.0
101130,2024-04-28,CUST01526,Resistance Bands,Sports & Fitness,East,Retail Store,2,399.0,798.0
107351,2025-11-28,CUST00845,Backpack,Fashion,North,Online,2,1259.1,2518.2
107387,2025-11-30,CUST00655,Trimmer,Beauty & Personal Care,West,Online,2,999.0,1998.0
103824,2024-12-28,CUST00148,Air Fryer,Home & Kitchen,North,Retail Store,1,3499.0,3499.0
102218,2024-08-27,CUST00460,Trimmer,Beauty & Personal Care,West,Online,1,999.0,999.0
102514,2024-09-24,CUST00426,Smartwatch,Electronics,West,Online,1,2399.2,2399.2
101703,2024-07-06,CUST01691,Laptop Stand,Electronics,East,Retail Store,1,799.0,799.0
104857,2025-04-13,CUST02328,USB-C Cable,Electronics,West,Retail Store,1,211.65,211.65
107218,2025-11-19,CUST00511,Trimmer,Beauty & Personal Care,Central,Online,1,999.0,999.0
100181,2024-01-21,CUST02023,Power Bank,Electronics,West,Online,1,899.0,899.0
105342,2025-06-06,CUST01052,Resistance Bands,SPORTS & FITNESS,West,Retail Store,1,399.0,399.0
105780,2025-07-21,CUST00048,Bluetooth Speaker,Electronics,North,Marketplace,1,1899.0,1899.0
104975,2025-04-25,CUST00748,Water Bottle,Sports & Fitness,Central,Online,1,349.0,349.0
104986,2025-04-26,CUST00311,Resistance Bands,Sports & Fitness,,Retail Store,1,399.0,399.0
104341,2025-02-20,CUST01827,Electric Kettle,Home & Kitchen,Central,Retail Store,2,899.0,1798.0
101783,2024-07-14,CUST02532,USB-C Cable,Electronics,North,Retail Store,1,249.0,249.0
100432,2024-02-16,CUST00311,Yoga Mat,Sports & Fitness,North,Online,2,599.0,1198.0
103507,2024-12-01,CUST01684,Trimmer,Beauty & Personal Care,South,Online,1,899.1,899.1
100570,2024-03-01,CUST00033,Non-stick Pan Set,Home & Kitchen,South,Retail Store,2,1299.0,2598.0
107762,2025-12-29,CUST01011,Laptop Stand,Electronics,North,Online,2,799.0,1598.0
100088,2024-01-10,CUST02150,Storage Containers,Home & Kitchen,West,Online,1,499.0,499.0
107690,2025-12-25,CUST02059,Hair Dryer,Beauty & Personal Care,North,Marketplace,1,959.2,959.2
103339,2024-11-20,CUST00781,Hair Dryer,Beauty & Personal Care,North,Online,2,1199.0,2398.0
105951,2025-08-09,CUST00814,Face Serum,Beauty & Personal Care,South,Online,1,699.0,699.0
104380,2025-02-24,CUST02199,Storage Containers,Home & Kitchen,West,Online,1,499.0,499.0
107129,2025-11-13,CUST01284,Water Bottle,Sports & Fitness,North,Online,1,279.2,279.2
106522,2025-10-03,CUST01499,Blender,Home & Kitchen,East,Marketplace,1,1599.0,1599.0
104276,2025-02-12,CUST00408,Smartwatch,Electronics,South,Online,2,2999.0,5998.0
101950,2024-07-31,CUST00955,Trimmer,Beauty & Personal Care,North,Retail Store,1,999.0,999.0
101826,2024-07-18,CUST01343,Water Bottle,Sports & Fitness,South,Marketplace,1,349.0,349.0
105864,2025-07-31,CUST01262,USB-C Cable,Electronics,West,Retail Store,1,249.0,249.0
104339,2025-02-20,CUST01346,Resistance Bands,Sports & Fitness,West,Marketplace,1,339.15,339.15
103191,2024-11-10,CUST00791,Smartwatch,Electronics,South,Online,1,2999.0,2999.0
103682,2024-12-17,CUST00523,Smartwatch,Electronics,Central,Retail Store,3,2999.0,8997.0
105262,2025-05-26,CUST00504,Laptop Stand,Electronics,East,Online,1,799.0,799.0
103456,2024-11-28,CUST00006,Cotton T-Shirt,Fashion,North,Retail Store,2,599.0,1198.0
104165,2025-01-31,CUST00407,Backpack,Fashion,Central,Online,1,1399.0,1399.0
106532,2025-10-04,CUST00954,Smartwatch,Electronics,West,Online,1,2999.0,2999.0
101700,2024-07-06,CUST02431,Electric Kettle,Home & Kitchen,North,Retail Store,1,899.0,899.0
104151,2025-01-29,CUST02443,Face Serum,Beauty & Personal Care,South,Online,1,699.0,699.0
104016,2025-01-16,CUST01239,Power Bank,Electronics,South,Online,1,809.1,809.1
107093,2025-11-11,CUST01933,Non-stick Pan Set,Home & Kitchen,West,Marketplace,1,1299.0,1299.0
107419,2025-12-02,CUST01059,Smartwatch,Electronics,North,Retail Store,1,2999.0,2999.0
107098,2025-11-11,CUST00094,Denim Jacket,Fashion,East,Retail Store,0,1999.0,3998.0
105651,2025-07-10,CUST00130,Bluetooth Speaker,Electronics,Central,Retail Store,2,1519.2,3038.4
104189,2025-02-02,CUST01559,Dumbbell Set,Sports & Fitness,West,Online,1,2199.0,2199.0
107195,2025-11-17,CUST00089,Cotton T-Shirt,Fashion,South,Online,1,599.0,599.0
101784,2024-07-14,CUST01651,Dumbbell Set,Sports & Fitness,North,Online,3,2199.0,6597.0
103200,2024-11-11,CUST00535,Air Fryer,Home & Kitchen,East,Retail Store,1,3499.0,3499.0
100856,2024-03-31,CUST01858,Face Serum,Beauty & Personal Care,North,Online,1,699.0,699.0
100265,2024-01-28,CUST00456,Yoga Mat,Sports & Fitness,South,Online,1,599.0,599.0
106243,2025-09-07,CUST00977,Wireless Earbuds,Electronics,North,Marketplace,1,1349.1,1349.1
103112,2024-11-05,CUST02392,Power Bank,Electronics,North,Online,1,899.0,899.0
104489,2025-03-07,CUST01198,Trimmer,Beauty & Personal Care,East,Marketplace,1,999.0,999.0
107620,2025-12-18,CUST00075,Non-stick Pan Set,Home & Kitchen,South,Online,1,1299.0,1299.0
100487,2024-02-22,CUST00119,Backpack,Fashion,West,Online,1,1399.0,1399.0
104414,2025-02-27,CUST02569,Water Bottle,Sports & Fitness,South,Online,2,296.65,593.3
107486,2025-12-06,CUST01424,Cotton T-Shirt,Fashion,North,Retail Store,1,599.0,599.0
104833,2025-04-11,CUST00346,USB-C Cable,Electronics,West,Online,2,211.65,423.3
101585,2024-06-21,CUST02447,Laptop Stand,Electronics,Central,Online,1,799.0,799.0
101375,2024-05-26,CUST01897,Dumbbell Set,Sports & Fitness,Central,Retail Store,1,2199.0,2199.0
106676,2025-10-14,CUST02454,Electric Kettle,Home & Kitchen,West,Online,1,899.0,899.0
102475,2024-09-20,CUST01230,Denim Jacket,Fashion,Central,Online,2,1999.0,3998.0
102429,2024-09-16,CUST00038,Trimmer,Beauty & Personal Care,South,Retail Store,1,849.15,849.15
104694,2025-03-28,CUST01430,Non-stick Pan Set,Home & Kitchen,South,Retail Store,2,1299.0,2598.0
104524,2025-03-11,CUST01348,Bluetooth Speaker,Electronics,North,Online,1,1899.0,1899.0
105892,2025-08-03,CUST00391,Smartwatch,Electronics,West,Online,2,2999.0,5998.0
103839,2024-12-29,CUST00737,Smartwatch,Electronics,North,Online,1,2999.0,2999.0
105254,2025-05-25,CUST00047,Face Serum,Beauty & Personal Care,West,Retail Store,1,594.15,594.15
103836,2024-12-29,CUST00946,Dumbbell Set,Sports & Fitness,South,Marketplace,1,2199.0,2199.0
102355,2024-09-10,CUST01575,Non-stick Pan Set,Home & Kitchen,South,Retail Store,1,1299.0,1299.0
102865,2024-10-20,CUST01875,Backpack,Fashion,West,Online,2,1399.0,2798.0
106812,2025-10-23,CUST01762,Yoga Mat,Sports & Fitness,North,Retail Store,1,509.15,509.15
100842,2024-03-29,CUST02198,Power Bank,Electronics,North,Retail Store,1,719.2,719.2
107720,2025-12-27,CUST01450,Wireless Earbuds,Electronics,North,Online,1,1499.0,1499.0
101904,2024-07-26,CUST00454,Air Fryer,Home & Kitchen,North,Online,1,3499.0,3499.0
107723,2025-12-27,CUST00354,Resistance Bands,Sports & Fitness,South,Online,1,399.0,399.0
102841,2024-10-18,CUST01673,Electric Kettle,Home & Kitchen,South,Online,1,899.0,899.0
102180,2024-08-23,CUST01452,Cotton T-Shirt,Fashion,East,Marketplace,1,599.0,599.0
106946,2025-10-31,CUST02030,Denim Jacket,Fashion,West,Online,1,1999.0,1999.0
106918,2025-10-29,CUST00682,Hair Dryer,Beauty & Personal Care,North,Retail Store,1,1199.0,1199.0
103038,2024-10-31,CUST00372,Running Shoes,Fashion,South,Retail Store,1,1999.2,1999.2
101638,2024-06-28,CUST01882,Sunscreen SPF50,Beauty & Personal Care,North,Marketplace,1,381.65,381.65
102294,2024-09-05,CUST01253,Wireless Earbuds,Electronics,North,Online,1,1499.0,1499.0
102225,2024-08-29,CUST02031,Wireless Earbuds,Electronics,West,Online,1,1499.0,1499.0
104610,2025-03-20,CUST02135,Non-stick Pan Set,Home & Kitchen,West,Retail Store,1,1299.0,1299.0
102895,2024-10-22,CUST01123,Running Shoes,Fashion,Central,Online,2,2249.1,4498.2
106421,2025-09-25,CUST00218,Bluetooth Speaker,Electronics,East,Online,1,1899.0,1899.0
102361,2024-09-11,CUST00295,Yoga Mat,Sports & Fitness,East,Retail Store,1,599.0,599.0
105800,2025-07-24,CUST00840,Bluetooth Speaker,Electronics,East,Online,1,1899.0,1899.0
101768,2024-07-13,CUST01520,Water Bottle,Sports & Fitness,North,Online,1,349.0,349.0
101292,2024-05-18,CUST00289,Face Serum,Beauty & Personal Care,North,Online,1,699.0,699.0
103412,2024-11-24,CUST01071,Face Serum,Beauty & Personal Care,West,Online,1,594.15,594.15
105593,2025-07-04,CUST02511,Non-stick Pan Set,Home & Kitchen,West,Online,1,1299.0,1299.0
101991,2024-08-04,CUST01175,Resistance Bands,Sports & Fitness,West,Marketplace,2,359.1,718.2
100566,2024-03-01,CUST02450,Power Bank,Electronics,South,Online,3,899.0,2697.0
104045,2025-01-19,CUST00963,Electric Kettle,Home & Kitchen,South,Retail Store,1,899.0,899.0
105969,2025-08-10,CUST00784,Dumbbell Set,Sports & Fitness,South,Online,2,2199.0,4398.0
101678,2024-07-02,CUST02012,Running Shoes,Fashion,North,Marketplace,1,2499.0,2499.0
104668,2025-03-25,CUST01972,Backpack,Fashion,South,Retail Store,2,1399.0,2798.0
100119,2024-01-14,CUST00612,Blender,Home & Kitchen,South,Marketplace,1,1599.0,1599.0
103561,2024-12-06,CUST00461,Cotton T-Shirt,FASHION,East,Online,1,479.2,479.2
104457,2025-03-04,CUST01534,Cotton T-Shirt,Fashion,East,Online,1,599.0,599.0
104580,2025-03-16,CUST02045,Sunscreen SPF50,Beauty & Personal Care,South,Online,2,404.1,808.2
104579,2025-03-16,CUST00708,Electric Kettle,Home & Kitchen,Central,Online,1,809.1,809.1
105278,2025-05-29,CUST01946,Backpack,Fashion,South,Marketplace,1,1399.0,1399.0
103703,2024-12-18,CUST01875,Trimmer,Beauty & Personal Care,South,Retail Store,1,999.0,999.0
104716,2025-03-29,CUST02004,Smartwatch,Electronics,North,Online,1,2999.0,2999.0
105449,2025-06-17,CUST02344,Non-stick Pan Set,Home & Kitchen,South,Marketplace,1,1299.0,1299.0
105534,2025-06-28,CUST00001,Yoga Mat,Sports & Fitness,South,Online,1,599.0,599.0
101852,2024-07-20,CUST00157,Trimmer,Beauty & Personal Care,South,Online,2,999.0,1998.0
102932,2024-10-24,CUST01961,Dumbbell Set,Sports & Fitness,South,Online,1,2199.0,2199.0
100589,2024-03-03,CUST02210,Smartwatch,Electronics,West,Online,1,2999.0,2999.0
105022,2025-04-29,CUST02362,Non-stick Pan Set,Home & Kitchen,North,Retail Store,1,1299.0,1299.0
104753,2025-04-02,CUST00857,Denim Jacket,Fashion,South,Online,1,1999.0,1999.0
102531,2024-09-26,CUST01248,Laptop Stand,Electronics,West,Marketplace,1,799.0,799.0
101611,2024-06-24,CUST00949,Dumbbell Set,Sports & Fitness,Central,Online,1,2199.0,2199.0
101630,2024-06-27,CUST00357,Water Bottle,Sports & Fitness,West,Online,2,349.0,698.0
107660,2025-12-22,CUST00282,Cotton T-Shirt,Fashion,East,Online,2,599.0,1198.0
100682,2024-03-11,CUST00276,Face Serum,Beauty & Personal Care,South,Online,1,699.0,699.0
100709,2024-03-14,CUST02590,Storage Containers,Home & Kitchen,North,Online,1,449.1,449.1
107776,2025-12-30,CUST01595,Trimmer,Beauty & Personal Care,North,Online,1,999.0,999.0
104247,2025-02-09,CUST01419,Trimmer,Beauty & Personal Care,,Online,1,999.0,999.0
104550,2025-03-14,CUST01995,Face Serum,Beauty & Personal Care,North,Online,1,629.1,629.1
102461,2024-09-19,CUST01927,Air Fryer,Home & Kitchen,South,Online,2,3499.0,6998.0
102503,2024-09-23,CUST00864,Water Bottle,Sports & Fitness,South,Online,1,349.0,349.0
101707,2024-07-07,CUST00061,Sunglasses,Fashion,West,Online,2,799.0,1598.0
101400,2024-05-29,CUST00972,Water Bottle,Sports & Fitness,South,Retail Store,2,349.0,698.0
107754,2025-12-28,CUST00229,Air Fryer,Home & Kitchen,West,Retail Store,1,2799.2,2799.2
100978,2024-04-12,CUST00941,Face Serum,Beauty & Personal Care,East,Online,2,699.0,1398.0
103195,2024-11-10,CUST00756,Storage Containers,Home & Kitchen,South,Retail Store,1,499.0,499.0
101547,2024-06-16,CUST00064,Dumbbell Set,Sports & Fitness,North,Online,2,2199.0,4398.0
105289,2025-05-31,CUST00220,Dumbbell Set,Sports & Fitness,West,Retail Store,1,2199.0,2199.0
105515,2025-06-25,CUST02235,Blender,Home & Kitchen,North,Online,1,1599.0,1599.0
104438,2025-03-02,CUST02227,Sunglasses,Fashion,Central,Online,1,799.0,799.0
107752,2025-12-28,CUST01360,Water Bottle,Sports & Fitness,North,Online,1,349.0,349.0
105159,2025-05-15,CUST02038,Bluetooth Speaker,Electronics,East,Online,1,1899.0,1899.0
105582,2025-07-03,CUST01867,Laptop Stand,Electronics,East,Retail Store,1,799.0,799.0
104791,2025-04-06,CUST00595,Sunglasses,Fashion,South,Marketplace,1,799.0,799.0
104316,2025-02-17,CUST00307,Backpack,Fashion,East,Marketplace,1,1399.0,1399.0
107030,2025-11-07,CUST02180,Electric Kettle,Home & Kitchen,Central,Marketplace,1,899.0,899.0
104703,2025-03-29,CUST02589,USB-C Cable,Electronics,North,Online,1,249.0,249.0
107767,2025-12-29,CUST02315,Trimmer,Beauty & Personal Care,South,Online,1,999.0,999.0
101144,2024-04-29,CUST01071,Non-stick Pan Set,Home & Kitchen,West,Online,1,1169.1,1169.1
102537,2024-09-27,CUST00619,Backpack,Fashion,West,Online,1,1399.0,1399.0
105719,2025-07-16,CUST01664,Sunscreen SPF50,Beauty & Personal Care,South,Online,2,449.0,898.0
102666,2024-10-06,CUST00957,Running Shoes,Fashion,East,Online,1,2249.1,2249.1
103388,2024-11-23,CUST01921,Non-stick Pan Set,Home & Kitchen,South,Online,1,1299.0,1299.0
100357,2024-02-07,CUST01166,Power Bank,Electronics,South,Marketplace,1,899.0,899.0
104908,2025-04-19,CUST01350,Face Serum,Beauty & Personal Care,North,Online,1,559.2,559.2
101324,2024-05-20,CUST02160,Laptop Stand,Electronics,West,Online,1,679.15,679.15
106309,2025-09-14,CUST00036,Wireless Earbuds,Electronics,East,Marketplace,1,1499.0,1499.0
104739,2025-03-31,CUST00111,Resistance Bands,Sports & Fitness,North,Marketplace,2,399.0,798.0
101833,2024-07-18,CUST01209,Yoga Mat,Sports & Fitness,East,Online,1,479.2,479.2
107276,2025-11-22,CUST00080,Wireless Earbuds,Electronics,South,Online,1,1499.0,1499.0
101460,2024-06-05,CUST01933,Resistance Bands,Sports & Fitness,East,Retail Store,1,359.1,359.1
104214,2025-02-05,CUST00470,Sunscreen SPF50,Beauty & Personal Care,North,Online,1,449.0,449.0
101470,2024-06-06,CUST00677,Sunglasses,Fashion,North,Online,1,799.0,799.0
101816,2024-07-17,CUST01814,Resistance Bands,Sports & Fitness,East,Marketplace,2,399.0,798.0
105588,2025-07-04,CUST01784,Storage Containers,Home & Kitchen,West,Online,1,399.2,399.2
104539,2025-03-13,CUST00374,Dumbbell Set,Sports & Fitness,West,Retail Store,2,1759.2,3518.4
103740,2024-12-21,CUST00510,Blender,Home & Kitchen,North,Retail Store,1,1279.2,1279.2
104814,2025-04-09,CUST01221,Sunglasses,Fashion,North,Online,1,799.0,799.0
104269,2025-02-11,CUST01634,Storage Containers,Home & Kitchen,South,Retail Store,1,499.0,499.0
106813,2025-10-23,CUST02489,Sunglasses,Fashion,South,Online,1,799.0,799.0
106638,2025-10-11,CUST00260,USB-C Cable,Electronics,South,Online,1,249.0,249.0
100400,2024-02-12,CUST00454,Air Fryer,Home & Kitchen,West,Online,2,3499.0,6998.0
100639,2024-03-07,CUST01972,USB-C Cable,Electronics,Central,Retail Store,2,224.1,448.2
102119,2024-08-18,CUST01416,Sunscreen SPF50,Beauty & Personal Care,South,Marketplace,1,449.0,449.0
106319,2025-09-15,CUST01263,Smartwatch,Electronics,North,Online,2,2999.0,5998.0
105877,2025-08-02,CUST01574,Dumbbell Set,Sports & Fitness,South,Online,1,2199.0,2199.0
101262,2024-05-13,CUST01670,USB-C Cable,Electronics,South,Online,2,249.0,498.0
100581,2024-03-02,CUST02380,Sunglasses,Fashion,South,Marketplace,1,679.15,679.15
102633,2024-10-05,CUST00141,Cotton T-Shirt,Fashion,Central,Online,1,599.0,599.0
102646,2024-10-06,CUST00814,Yoga Mat,Sports & Fitness,Central,Retail Store,1,509.15,509.15
100918,2024-04-06,CUST00107,Electric Kettle,HOME & KITCHEN,North,Online,1,764.15,764.15
106236,2025-09-06,CUST01616,Wireless Earbuds,Electronics,South,Retail Store,1,1499.0,1499.0
106971,2025-11-02,CUST00616,Wireless Earbuds,Electronics,West,Online,1,1499.0,1499.0
107173,2025-11-16,CUST00179,Laptop Stand,Electronics,West,Online,1,799.0,799.0
100888,2024-04-02,CUST02171,Non-stick Pan Set,Home & Kitchen,Central,Online,2,1299.0,2598.0
102055,2024-08-11,CUST01821,Laptop Stand,Electronics,West,Online,1,799.0,799.0
105740,2025-07-18,CUST01342,Sunscreen SPF50,Beauty & Personal Care,Central,Marketplace,1,449.0,449.0
103113,2024-11-05,CUST01660,Wireless Earbuds,Electronics,South,Online,1,1499.0,1499.0
100268,2024-01-29,CUST00341,Electric Kettle,Home & Kitchen,South,Online,1,899.0,899.0
102882,2024-10-21,CUST01629,Dumbbell Set,Sports & Fitness,South,Online,3,2199.0,6597.0
101500,2024-06-10,CUST00462,Power Bank,Electronics,South,Online,1,809.1,809.1
101314,2024-05-19,CUST01433,Storage Containers,Home & Kitchen,South,Marketplace,1,399.2,399.2
102372,2024-09-12,CUST01754,Blender,Home & Kitchen,North,Marketplace,1,1279.2,1279.2
100301,2024-02-01,CUST01665,Smartwatch,Electronics,North,Marketplace,2,2999.0,5998.0
106502,2025-10-02,CUST02377,Laptop Stand,Electronics,Central,Online,1,719.1,719.1
104283,2025-02-13,CUST01456,Sunscreen SPF50,Beauty & Personal Care,North,Online,1,449.0,449.0
103718,2024-12-20,CUST00563,Storage Containers,Home & Kitchen,Central,Online,2,499.0,998.0
106039,2025-08-17,CUST01673,Yoga Mat,Sports & Fitness,South,Marketplace,1,599.0,599.0
103553,2024-12-05,CUST02464,Yoga Mat,Sports & Fitness,South,Retail Store,1,599.0,599.0
101748,2024-07-11,CUST02199,Running Shoes,Fashion,South,Online,1,2499.0,2499.0
102701,2024-10-09,CUST00608,Air Fryer,HOME & KITCHEN,South,Retail Store,2,2799.2,5598.4
102567,2024-09-30,CUST01528,Non-stick Pan Set,Home & Kitchen,Central,Online,1,1299.0,1299.0
106799,2025-10-22,CUST01953,Trimmer,Beauty & Personal Care,South,Online,1,999.0,999.0
107739,2025-12-27,CUST02088,Smartwatch,Electronics,North,Retail Store,1,2999.0,2999.0
100793,2024-03-23,CUST01130,Yoga Mat,Sports & Fitness,North,Online,1,599.0,599.0
102566,2024-09-30,CUST02120,Yoga Mat,Sports & Fitness,West,Online,1,599.0,599.0
106879,2025-10-27,CUST01845,Wireless Earbuds,Electronics,South,Online,3,1499.0,4497.0
104159,2025-01-30,CUST00565,Electric Kettle,Home & Kitchen,South,Online,1,899.0,899.0
101374,2024-05-26,CUST02463,Air Fryer,Home & Kitchen,South,Online,1,3499.0,3499.0
104608,2025-03-19,CUST00787,Backpack,Fashion,South,Retail Store,1,1399.0,1399.0
105815,2025-07-26,CUST00131,Face Serum,Beauty & Personal Care,East,Retail Store,1,699.0,699.0
102863,2024-10-19,CUST00038,Backpack,Fashion,West,Online,1,1399.0,1399.0
100645,2024-03-08,CUST00681,Cotton T-Shirt,Fashion,South,Marketplace,1,479.2,479.2
105791,2025-07-23,CUST01862,Yoga Mat,Sports & Fitness,North,Online,1,599.0,599.0
106848,2025-10-25,CUST01078,Bluetooth Speaker,Electronics,,Online,1,1899.0,1899.0
102282,2024-09-04,CUST02202,Water Bottle,Sports & Fitness,South,Marketplace,1,296.65,296.65
103621,2024-12-12,CUST02458,Wireless Earbuds,Electronics,Central,Online,1,1499.0,1499.0
100052,2024-01-07,CUST01243,Storage Containers,Home & Kitchen,South,Online,1,499.0,499.0
102411,2024-09-15,CUST00711,Non-stick Pan Set,Home & Kitchen,South,Online,1,1299.0,1299.0
104576,2025-03-16,CUST00350,Cotton T-Shirt,Fashion,West,Retail Store,1,599.0,599.0
101896,2024-07-25,CUST01775,Storage Containers,Home & Kitchen,North,Online,1,499.0,499.0
102560,2024-09-29,CUST01879,Storage Containers,Home & Kitchen,Central,Retail Store,2,449.1,898.2
103528,2024-12-03,CUST01373,Power Bank,Electronics,,Retail Store,1,899.0,899.0
106572,2025-10-06,CUST01044,Sunglasses,Fashion,South,Online,1,799.0,799.0
101779,2024-07-14,CUST02530,Resistance Bands,Sports & Fitness,East,Online,1,399.0,399.0
102056,2024-08-11,CUST02507,Face Serum,Beauty & Personal Care,North,Retail Store,1,699.0,699.0
100675,2024-03-11,CUST02399,Air Fryer,Home & Kitchen,North,Retail Store,1,3149.1,3149.1
106426,2025-09-26,CUST02134,Backpack,Fashion,North,Online,2,1399.0,2798.0
105937,2025-08-08,CUST00192,Dumbbell Set,Sports & Fitness,West,Retail Store,1,1759.2,1759.2
102699,2024-10-08,CUST01853,Sunglasses,Fashion,East,Online,1,719.1,719.1
104072,2025-01-21,CUST00081,Cotton T-Shirt,Fashion,North,Retail Store,1,599.0,599.0
100213,2024-01-24,CUST00458,Denim Jacket,Fashion,North,Marketplace,1,1999.0,1999.0
105142,2025-05-12,CUST00724,Bluetooth Speaker,Electronics,North,Online,2,1899.0,3798.0
103116,2024-11-05,CUST00755,Sunglasses,Fashion,North,Retail Store,1,679.15,679.15
101628,2024-06-26,CUST00136,Hair Dryer,Beauty & Personal Care,East,Online,1,1199.0,1199.0
103475,2024-11-29,CUST02086,Hair Dryer,Beauty & Personal Care,South,Online,1,1199.0,1199.0
102227,2024-08-29,CUST01278,Wireless Earbuds,Electronics,West,Retail Store,3,1499.0,4497.0
102109,2024-08-17,CUST01468,Non-stick Pan Set,Home & Kitchen,South,Online,1,1169.1,1169.1
104888,2025-04-17,CUST02446,Face Serum,Beauty & Personal Care,South,Online,1,699.0,699.0
107715,2025-12-27,CUST00818,Sunglasses,Fashion,North,Online,1,799.0,799.0
100397,2024-02-12,CUST01967,Non-stick Pan Set,Home & Kitchen,South,Online,1,1299.0,1299.0
100279,2024-01-30,CUST00554,Yoga Mat,Sports & Fitness,North,Retail Store,3,599.0,1797.0
104386,2025-02-24,CUST00158,Power Bank,Electronics,Central,Online,2,899.0,1798.0
105043,2025-05-02,CUST00043,Blender,Home & Kitchen,South,Marketplace,1,1599.0,1599.0
103793,2024-12-25,CUST01667,Cotton T-Shirt,Fashion,Central,Online,1,509.15,509.15
106307,2025-09-13,CUST01401,Backpack,Fashion,West,Online,1,1399.0,1399.0
104541,2025-03-13,CUST00280,Laptop Stand,Electronics,Central,Online,3,799.0,2397.0
103710,2024-12-18,CUST01345,Sunscreen SPF50,Beauty & Personal Care,West,Online,1,359.2,359.2
100423,2024-02-15,CUST00710,Bluetooth Speaker,Electronics,East,Marketplace,1,1899.0,1899.0
101061,2024-04-21,CUST00496,Sunglasses,Fashion,North,Online,1,799.0,799.0
107759,2025-12-28,CUST00888,Resistance Bands,Sports & Fitness,Central,Online,1,339.15,339.15
100662,2024-03-09,CUST01581,Smartwatch,Electronics,Central,Online,1,2999.0,2999.0
102967,2024-10-26,CUST00252,Water Bottle,Sports & Fitness,West,Retail Store,1,349.0,349.0
106288,2025-09-12,CUST02243,Denim Jacket,Fashion,East,Marketplace,1,1999.0,1999.0
105105,2025-05-09,CUST01779,Electric Kettle,Home & Kitchen,South,Online,1,899.0,899.0
105042,2025-05-02,CUST02333,Dumbbell Set,Sports & Fitness,Central,Online,2,2199.0,4398.0
100063,2024-01-07,CUST01088,Hair Dryer,Beauty & Personal Care,West,Retail Store,1,1019.15,1019.15
107383,2025-11-30,CUST01487,Yoga Mat,SPORTS & FITNESS,North,Retail Store,1,599.0,599.0
102658,2024-10-06,CUST01543,Dumbbell Set,Sports & Fitness,Central,Online,3,2199.0,6597.0
101272,2024-05-15,CUST02494,Wireless Earbuds,Electronics,East,Retail Store,1,1349.1,1349.1
106018,2025-08-15,CUST00439,Yoga Mat,Sports & Fitness,Central,Retail Store,1,539.1,539.1
100078,2024-01-09,CUST01503,Storage Containers,HOME & KITCHEN,West,Retail Store,2,499.0,998.0
104043,2025-01-19,CUST01763,Smartwatch,Electronics,East,Online,1,2999.0,2999.0
101257,2024-05-12,CUST01381,Electric Kettle,Home & Kitchen,South,Online,1,899.0,899.0
101047,2024-04-19,CUST01044,Resistance Bands,Sports & Fitness,South,Marketplace,1,399.0,399.0
100824,2024-03-27,CUST00213,Cotton T-Shirt,Fashion,South,Retail Store,1,479.2,479.2
103039,2024-10-31,CUST00768,Cotton T-Shirt,Fashion,East,Retail Store,1,599.0,599.0
102939,2024-10-25,CUST02149,Blender,Home & Kitchen,Central,Marketplace,1,1599.0,1599.0
102744,2024-10-11,CUST00031,Face Serum,Beauty & Personal Care,South,Online,1,699.0,699.0
100805,2024-03-24,CUST01784,Air Fryer,Home & Kitchen,Central,Online,1,3499.0,3499.0
106796,2025-10-22,CUST01264,Smartwatch,Electronics,Central,Online,2,2399.2,4798.4
102235,2024-08-30,CUST00480,Hair Dryer,Beauty & Personal Care,East,Online,2,959.2,1918.4
103572,2024-12-07,CUST02285,Sunscreen SPF50,Beauty & Personal Care,West,Retail Store,1,449.0,449.0
103508,2024-12-01,CUST02158,Water Bottle,Sports & Fitness,South,Retail Store,2,349.0,698.0
100547,2024-02-28,CUST00150,Wireless Earbuds,Electronics,North,Retail Store,2,1499.0,2998.0
105139,2025-05-12,CUST01114,Bluetooth Speaker,Electronics,West,Retail Store,1,1899.0,1899.0
106702,2025-10-16,CUST01318,Sunglasses,Fashion,East,Online,1,799.0,799.0
106399,2025-09-23,CUST02530,Bluetooth Speaker,Electronics,South,Online,1,1899.0,1899.0
102736,2024-10-11,CUST01477,Dumbbell Set,Sports & Fitness,North,Online,1,1759.2,1759.2
103214,2024-11-12,CUST00055,Sunscreen SPF50,Beauty & Personal Care,East,Retail Store,1,381.65,381.65
102929,2024-10-24,CUST01130,Dumbbell Set,Sports & Fitness,North,Online,1,1869.15,1869.15
104706,2025-03-29,CUST02579,Sunscreen SPF50,Beauty & Personal Care,West,Retail Store,1,359.2,359.2
100768,2024-03-21,CUST00117,Non-stick Pan Set,Home & Kitchen,West,Online,1,1299.0,1299.0
107185,2025-11-16,CUST01927,Denim Jacket,FASHION,East,Retail Store,1,1999.0,1999.0
106138,2025-08-28,CUST01503,Trimmer,Beauty & Personal Care,Central,Online,1,999.0,999.0
104761,2025-04-03,CUST02445,Electric Kettle,Home & Kitchen,Central,Online,1,809.1,809.1
103185,2024-11-10,CUST02067,USB-C Cable,Electronics,North,Online,1,249.0,249.0
106560,2025-10-05,CUST01857,Hair Dryer,Beauty & Personal Care,Central,Marketplace,1,1199.0,1199.0
104065,2025-01-21,CUST01516,Dumbbell Set,Sports & Fitness,South,Online,1,2199.0,2199.0
104966,2025-04-24,CUST01980,Blender,Home & Kitchen,South,Online,1,1599.0,1599.0
100952,2024-04-09,CUST00851,Hair Dryer,Beauty & Personal Care,North,Marketplace,1,1199.0,1199.0
102766,2024-10-12,CUST01994,Denim Jacket,Fashion,South,Online,1,1999.0,1999.0
105753,2025-07-19,CUST00845,Hair Dryer,Beauty & Personal Care,North,Online,1,1199.0,1199.0
101013,2024-04-15,CUST01336,Sunglasses,Fashion,East,Online,1,799.0,799.0
103535,2024-12-04,CUST00701,Storage Containers,Home & Kitchen,West,Online,1,499.0,499.0
104905,2025-04-19,CUST00006,Smartwatch,Electronics,South,Online,1,2549.15,2549.15
106765,2025-10-19,CUST01897,Blender,Home & Kitchen,South,Retail Store,1,1279.2,1279.2
106513,2025-10-03,CUST00043,Power Bank,Electronics,South,Online,1,899.0,899.0
104194,2025-02-03,CUST01508,Face Serum,Beauty & Personal Care,West,Retail Store,1,699.0,699.0
100361,2024-02-08,CUST00323,Running Shoes,Fashion,South,Retail Store,1,2249.1,2249.1
107051,2025-11-08,CUST01938,Sunscreen SPF50,Beauty & Personal Care,North,Online,1,381.65,381.65
101558,2024-06-17,CUST00910,Blender,Home & Kitchen,East,Marketplace,1,1359.15,1359.15
104007,2025-01-14,CUST02486,Water Bottle,Sports & Fitness,South,Online,1,349.0,349.0
103007,2024-10-29,CUST01190,Sunglasses,Fashion,West,Marketplace,1,639.2,639.2
100585,2024-03-02,CUST00287,Hair Dryer,Beauty & Personal Care,West,Retail Store,1,1079.1,1079.1
101906,2024-07-26,CUST01678,Water Bottle,Sports & Fitness,West,Online,1,314.1,314.1
104259,2025-02-10,CUST01106,Sunglasses,Fashion,South,Online,1,719.1,719.1
102911,2024-10-23,CUST00128,Backpack,Fashion,East,Online,2,1119.2,2238.4
104563,2025-03-15,CUST02022,Yoga Mat,SPORTS & FITNESS,South,Online,2,539.1,1078.2
105084,2025-05-07,CUST02189,Air Fryer,Home & Kitchen,North,Online,2,3499.0,6998.0
106650,2025-10-12,CUST02249,Cotton T-Shirt,Fashion,South,Marketplace,2,599.0,1198.0
103594,2024-12-09,CUST02234,Air Fryer,Home & Kitchen,Central,Retail Store,3,3499.0,10497.0
105931,2025-08-07,CUST00055,Bluetooth Speaker,Electronics,South,Retail Store,2,1899.0,3798.0
105997,2025-08-13,CUST00273,Resistance Bands,Sports & Fitness,Central,Online,1,319.2,319.2
100668,2024-03-10,CUST01072,Sunglasses,Fashion,North,Marketplace,1,799.0,799.0
102928,2024-10-24,CUST00196,Running Shoes,Fashion,West,Retail Store,3,1999.2,5997.6
106274,2025-09-10,CUST02329,Non-stick Pan Set,Home & Kitchen,West,Online,1,1104.15,1104.15
107725,2025-12-27,CUST00419,Storage Containers,Home & Kitchen,North,Marketplace,1,499.0,499.0
106479,2025-09-30,CUST01529,Non-stick Pan Set,Home & Kitchen,South,Online,1,1039.2,1039.2
106633,2025-10-11,CUST01150,Laptop Stand,Electronics,South,Retail Store,1,799.0,799.0
105110,2025-05-10,CUST01245,Bluetooth Speaker,Electronics,South,Online,1,1899.0,1899.0
107398,2025-12-01,CUST01957,Bluetooth Speaker,Electronics,Central,Online,1,1899.0,1899.0
106357,2025-09-19,CUST02262,Backpack,Fashion,South,Online,1,1399.0,1399.0
107579,2025-12-14,CUST01874,Cotton T-Shirt,Fashion,Central,Retail Store,1,479.2,479.2
105825,2025-07-27,CUST00234,Running Shoes,Fashion,South,Marketplace,1,1999.2,1999.2
100424,2024-02-15,CUST01540,Blender,Home & Kitchen,South,Retail Store,2,1599.0,3198.0
107444,2025-12-04,CUST02173,Bluetooth Speaker,Electronics,South,Retail Store,1,1899.0,1899.0
100140,2024-01-18,CUST01725,Electric Kettle,Home & Kitchen,West,Online,1,899.0,899.0
105061,2025-05-04,CUST00076,Power Bank,Electronics,West,Retail Store,1,899.0,899.0
100415,2024-02-15,CUST00176,Power Bank,Electronics,Central,Online,1,809.1,809.1
103327,2024-11-19,CUST02033,Smartwatch,Electronics,South,Online,1,2999.0,2999.0
101424,2024-05-31,CUST02254,Cotton T-Shirt,Fashion,North,Retail Store,1,539.1,539.1
107116,2025-11-12,CUST01408,USB-C Cable,Electronics,Central,Online,1,249.0,249.0
103707,2024-12-18,CUST02301,Storage Containers,HOME & KITCHEN,West,Marketplace,1,499.0,499.0
104175,2025-02-01,CUST02229,Cotton T-Shirt,Fashion,West,Online,1,599.0,599.0
107090,2025-11-10,CUST01365,Smartwatch,Electronics,West,Online,2,2549.15,5098.3
103893,2025-01-02,CUST00660,Sunscreen SPF50,Beauty & Personal Care,South,Marketplace,2,449.0,898.0
105071,2025-05-05,CUST01112,Air Fryer,Home & Kitchen,West,Online,1,3499.0,3499.0
102300,2024-09-06,CUST00799,Backpack,Fashion,East,Online,1,1399.0,1399.0
105612,2025-07-05,CUST00720,Sunglasses,Fashion,South,Online,1,679.15,679.15
104984,2025-04-26,CUST02535,Running Shoes,Fashion,South,Marketplace,2,2499.0,4998.0
107737,2025-12-27,CUST00262,Smartwatch,Electronics,South,Retail Store,1,2999.0,2999.0
103121,2024-11-06,CUST02455,Cotton T-Shirt,Fashion,Central,Online,1,599.0,599.0
103273,2024-11-16,CUST00408,Dumbbell Set,Sports & Fitness,West,Retail Store,2,2199.0,4398.0
102509,2024-09-23,CUST01518,Yoga Mat,Sports & Fitness,West,Marketplace,2,599.0,1198.0
100157,2024-01-19,CUST02199,Sunscreen SPF50,BEAUTY & PERSONAL CARE,East,Online,1,449.0,449.0
105187,2025-05-17,CUST01671,Cotton T-Shirt,Fashion,North,Online,1,599.0,599.0
107598,2025-12-16,CUST00898,Face Serum,Beauty & Personal Care,North,Online,2,559.2,1118.4
104237,2025-02-08,CUST00578,Power Bank,Electronics,Central,Marketplace,1,809.1,809.1
102541,2024-09-28,CUST02032,Trimmer,Beauty & Personal Care,West,Retail Store,2,849.15,1698.3
103857,2024-12-31,CUST02112,Running Shoes,Fashion,West,Marketplace,1,2499.0,2499.0
103753,2024-12-22,CUST01394,Laptop Stand,Electronics,South,Marketplace,1,679.15,679.15
103332,2024-11-19,CUST01084,Electric Kettle,Home & Kitchen,East,Online,1,809.1,809.1
102770,2024-10-13,CUST00542,Dumbbell Set,Sports & Fitness,West,Retail Store,2,1979.1,3958.2
103385,2024-11-23,CUST01342,Storage Containers,Home & Kitchen,Central,Online,1,499.0,499.0
101125,2024-04-28,CUST00467,Trimmer,Beauty & Personal Care,West,Online,1,999.0,999.0
106743,2025-10-19,CUST00927,Dumbbell Set,Sports & Fitness,West,Retail Store,1,1759.2,1759.2
102321,2024-09-07,CUST01028,Resistance Bands,Sports & Fitness,South,Marketplace,1,399.0,399.0
102117,2024-08-18,CUST02594,Non-stick Pan Set,Home & Kitchen,South,Online,2,1299.0,2598.0
100941,2024-04-07,CUST00336,Smartwatch,Electronics,West,Marketplace,1,2399.2,2399.2
107587,2025-12-15,CUST01278,Sunglasses,Fashion,North,Marketplace,1,639.2,639.2
100884,2024-04-02,CUST00109,Running Shoes,Fashion,South,Online,2,1999.2,3998.4
105542,2025-06-29,CUST00155,Smartwatch,Electronics,West,Retail Store,1,2999.0,2999.0
105732,2025-07-18,CUST00926,Laptop Stand,Electronics,Central,Marketplace,1,679.15,679.15
102562,2024-09-29,CUST00382,Wireless Earbuds,Electronics,North,Online,1,1274.15,1274.15
105288,2025-05-31,CUST00061,Denim Jacket,Fashion,North,Online,1,1699.15,1699.15
103420,2024-11-25,CUST01670,Running Shoes,Fashion,East,Online,1,2499.0,2499.0
100669,2024-03-10,CUST01865,Electric Kettle,Home & Kitchen,Central,Retail Store,1,719.2,719.2
106983,2025-11-03,CUST01362,Yoga Mat,Sports & Fitness,Central,Online,1,479.2,479.2
102609,2024-10-03,CUST00765,Dumbbell Set,Sports & Fitness,East,Online,1,2199.0,2199.0
104413,2025-02-27,CUST01974,Blender,HOME & KITCHEN,North,Retail Store,1,1599.0,1599.0
101910,2024-07-26,CUST01866,Yoga Mat,Sports & Fitness,East,Retail Store,1,479.2,479.2
101112,2024-04-27,CUST00398,Wireless Earbuds,Electronics,West,Online,1,1349.1,1349.1
107076,2025-11-09,CUST00896,Dumbbell Set,Sports & Fitness,North,Online,1,1759.2,1759.2
101877,2024-07-22,CUST02435,Bluetooth Speaker,Electronics,South,Online,3,1899.0,5697.0
105236,2025-05-24,CUST01535,Resistance Bands,Sports & Fitness,South,Online,2,319.2,638.4
103660,2024-12-15,CUST02435,Yoga Mat,Sports & Fitness,North,Online,2,599.0,1198.0
102452,2024-09-18,CUST02516,USB-C Cable,Electronics,East,Online,1,211.65,211.65
106064,2025-08-20,CUST00299,Trimmer,Beauty & Personal Care,East,Online,1,999.0,999.0
104282,2025-02-13,CUST01878,Yoga Mat,Sports & Fitness,North,Online,1,599.0,599.0
100076,2024-01-08,CUST00704,Wireless Earbuds,Electronics,West,Marketplace,1,1499.0,1499.0
102450,2024-09-17,CUST01125,Backpack,Fashion,South,Online,1,1399.0,1399.0
103055,2024-11-01,CUST01041,Sunscreen SPF50,Beauty & Personal Care,North,Online,2,381.65,763.3
103859,2024-12-31,CUST01314,Storage Containers,Home & Kitchen,Central,Online,1,399.2,399.2
104022,2025-01-17,CUST02102,Laptop Stand,Electronics,South,Retail Store,1,799.0,799.0
101494,2024-06-09,CUST00432,Cotton T-Shirt,Fashion,South,Online,1,599.0,599.0
105487,2025-06-21,CUST01919,Laptop Stand,Electronics,South,Online,1,679.15,679.15
103568,2024-12-07,CUST01608,Backpack,Fashion,West,Marketplace,1,1399.0,1399.0
105607,2025-07-05,CUST01450,Sunscreen SPF50,Beauty & Personal Care,South,Online,1,449.0,449.0
101646,2024-06-29,CUST01104,Laptop Stand,Electronics,North,Online,1,799.0,799.0
104005,2025-01-14,CUST01024,Yoga Mat,Sports & Fitness,Central,Retail Store,1,599.0,599.0
101880,2024-07-22,CUST01588,Dumbbell Set,Sports & Fitness,West,Marketplace,1,2199.0,2199.0
100599,2024-03-03,CUST02513,Sunscreen SPF50,Beauty & Personal Care,South,Online,1,449.0,449.0
104790,2025-04-06,CUST00044,Face Serum,Beauty & Personal Care,East,Retail Store,1,559.2,559.2
101259,2024-05-13,CUST00096,Hair Dryer,Beauty & Personal Care,South,Marketplace,1,1199.0,1199.0
103899,2025-01-02,CUST00502,Trimmer,Beauty & Personal Care,South,Marketplace,1,999.0,999.0
107204,2025-11-18,CUST01415,Laptop Stand,Electronics,North,Retail Store,1,799.0,799.0
106249,2025-09-08,CUST01311,Storage Containers,Home & Kitchen,East,Retail Store,1,499.0,499.0
107265,2025-11-22,CUST02425,Storage Containers,Home & Kitchen,North,Retail Store,1,449.1,449.1
104311,2025-02-16,CUST00414,Air Fryer,Home & Kitchen,South,Retail Store,1,3149.1,3149.1
106927,2025-10-30,CUST01281,Trimmer,Beauty & Personal Care,East,Online,1,849.15,849.15
102020,2024-08-08,CUST00447,Yoga Mat,Sports & Fitness,North,Online,1,599.0,599.0
104117,2025-01-25,CUST01381,Backpack,Fashion,West,Retail Store,1,1259.1,1259.1
104623,2025-03-21,CUST01049,Backpack,Fashion,North,Online,1,1119.2,1119.2
106195,2025-09-03,CUST01558,Electric Kettle,Home & Kitchen,East,Retail Store,1,719.2,719.2
100790,2024-03-23,CUST02055,Sunglasses,Fashion,West,Marketplace,1,719.1,719.1
104009,2025-01-15,CUST02155,Cotton T-Shirt,Fashion,East,Online,1,599.0,599.0
106739,2025-10-18,CUST01059,Dumbbell Set,Sports & Fitness,South,Retail Store,1,2199.0,2199.0
105413,2025-06-14,CUST02501,Non-stick Pan Set,Home & Kitchen,North,Online,1,1169.1,1169.1
100295,2024-02-01,CUST00064,Resistance Bands,SPORTS & FITNESS,South,Retail Store,1,399.0,399.0
102958,2024-10-25,CUST00247,Resistance Bands,Sports & Fitness,West,Online,1,399.0,399.0
106608,2025-10-09,CUST02588,Hair Dryer,Beauty & Personal Care,West,Retail Store,1,1079.1,1079.1
101633,2024-06-28,CUST01138,Power Bank,Electronics,North,Online,1,899.0,899.0
102676,2024-10-07,CUST01412,Hair Dryer,Beauty & Personal Care,South,Retail Store,1,1199.0,1199.0
105144,2025-05-13,CUST00738,Storage Containers,Home & Kitchen,East,Online,1,499.0,499.0
102474,2024-09-20,CUST02319,Laptop Stand,Electronics,South,Retail Store,3,799.0,2397.0
106857,2025-10-26,CUST02543,Sunscreen SPF50,Beauty & Personal Care,East,Retail Store,1,449.0,449.0
106130,2025-08-27,CUST00190,Trimmer,Beauty & Personal Care,South,Online,1,899.1,899.1
100937,2024-04-07,CUST01001,Water Bottle,Sports & Fitness,South,Retail Store,1,279.2,279.2
101352,2024-05-24,CUST01713,Cotton T-Shirt,Fashion,East,Marketplace,1,599.0,599.0
103174,2024-11-10,CUST01913,USB-C Cable,Electronics,West,Marketplace,2,249.0,498.0
105949,2025-08-09,CUST02410,Water Bottle,Sports & Fitness,Central,Online,1,314.1,314.1
106267,2025-09-10,CUST00416,Laptop Stand,Electronics,East,Retail Store,1,679.15,679.15
103783,2024-12-24,CUST00484,Non-stick Pan Set,Home & Kitchen,South,Retail Store,1,1169.1,1169.1
105581,2025-07-03,CUST00969,Laptop Stand,Electronics,South,Online,1,799.0,799.0
103085,2024-11-03,CUST00579,Power Bank,Electronics,West,Retail Store,2,899.0,1798.0
107342,2025-11-28,CUST00131,Sunscreen SPF50,Beauty & Personal Care,West,Retail Store,1,449.0,449.0
102121,2024-08-18,CUST02106,Denim Jacket,Fashion,South,Online,2,1999.0,3998.0
103862,2024-12-31,CUST02256,Backpack,Fashion,East,Online,1,1399.0,1399.0
104987,2025-04-26,CUST02048,Backpack,Fashion,North,Marketplace,1,1399.0,1399.0
103861,2024-12-31,CUST01060,Water Bottle,Sports & Fitness,East,Marketplace,2,349.0,698.0
101146,2024-04-29,CUST01669,Water Bottle,Sports & Fitness,East,Online,1,349.0,349.0
101961,2024-08-01,CUST00599,Blender,Home & Kitchen,East,Online,1,1359.15,1359.15
107389,2025-11-30,CUST00145,Storage Containers,Home & Kitchen,South,Marketplace,1,449.1,449.1
105744,2025-07-19,CUST01136,Blender,Home & Kitchen,South,Retail Store,1,1599.0,1599.0
100003,2024-01-01,CUST02024,Face Serum,Beauty & Personal Care,North,Online,1,699.0,699.0
106537,2025-10-04,CUST01523,Face Serum,Beauty & Personal Care,South,Retail Store,1,594.15,594.15
100965,2024-04-10,CUST00766,Smartwatch,Electronics,South,Retail Store,1,2699.1,2699.1
106829,2025-10-24,CUST00035,Smartwatch,Electronics,South,Marketplace,1,2999.0,2999.0
107106,2025-11-12,CUST02046,USB-C Cable,Electronics,West,Marketplace,1,249.0,249.0
103340,2024-11-20,CUST01719,Electric Kettle,Home & Kitchen,East,Marketplace,1,899.0,899.0
100654,2024-03-08,CUST00538,Air Fryer,Home & Kitchen,South,Online,1,3499.0,3499.0
104842,2025-04-11,CUST00505,Blender,Home & Kitchen,East,Online,1,1599.0,1599.0
107733,2025-12-27,CUST01107,Non-stick Pan Set,Home & Kitchen,East,Marketplace,1,1299.0,1299.0
102380,2024-09-12,CUST02353,Laptop Stand,Electronics,West,Marketplace,2,639.2,1278.4
106623,2025-10-10,CUST01732,USB-C Cable,Electronics,Central,Online,1,249.0,249.0
102888,2024-10-22,CUST00412,Face Serum,Beauty & Personal Care,West,Retail Store,1,594.15,594.15
106275,2025-09-10,CUST00508,Sunscreen SPF50,Beauty & Personal Care,North,Marketplace,2,449.0,898.0
104460,2025-03-04,CUST00335,Water Bottle,Sports & Fitness,North,Online,2,314.1,628.2
104092,2025-01-23,CUST00677,Bluetooth Speaker,Electronics,North,Retail Store,1,1519.2,1519.2
100745,2024-03-17,CUST02131,Trimmer,Beauty & Personal Care,North,Retail Store,2,899.1,1798.2
100260,2024-01-28,CUST01747,Trimmer,Beauty & Personal Care,Central,Online,1,899.1,899.1
106798,2025-10-22,CUST02500,Hair Dryer,Beauty & Personal Care,North,Online,2,1199.0,2398.0
102590,2024-10-02,CUST00092,Running Shoes,Fashion,Central,Marketplace,1,2499.0,2499.0
106381,2025-09-21,CUST01128,Denim Jacket,Fashion,South,Marketplace,1,1999.0,1999.0
102937,2024-10-24,CUST00220,Sunglasses,Fashion,West,Retail Store,1,639.2,639.2
100534,2024-02-26,CUST00508,Laptop Stand,Electronics,Central,Retail Store,1,799.0,799.0
102617,2024-10-03,CUST00405,Power Bank,Electronics,West,Online,1,899.0,899.0
100634,2024-03-06,CUST00723,Non-stick Pan Set,Home & Kitchen,North,Retail Store,1,1299.0,1299.0
100557,2024-02-29,CUST01464,Resistance Bands,SPORTS & FITNESS,Central,Online,1,399.0,399.0
102969,2024-10-26,CUST02569,Trimmer,Beauty & Personal Care,North,Online,2,999.0,1998.0
105918,2025-08-05,CUST02543,Denim Jacket,Fashion,North,Marketplace,1,1699.15,1699.15
100591,2024-03-03,CUST02136,Storage Containers,Home & Kitchen,East,Retail Store,3,499.0,1497.0
103610,2024-12-11,CUST01605,Smartwatch,Electronics,North,Online,2,2999.0,5998.0
100887,2024-04-02,CUST01616,Hair Dryer,Beauty & Personal Care,East,Online,2,1199.0,2398.0
105293,2025-06-01,CUST00800,Non-stick Pan Set,Home & Kitchen,North,Marketplace,1,1039.2,1039.2
103220,2024-11-12,CUST00542,Yoga Mat,Sports & Fitness,West,Online,1,599.0,599.0
105703,2025-07-14,CUST00913,Power Bank,Electronics,South,Online,2,899.0,1798.0
100496,2024-02-22,CUST01426,Cotton T-Shirt,Fashion,South,Online,2,599.0,1198.0
103436,2024-11-26,CUST00508,Sunscreen SPF50,Beauty & Personal Care,Central,Online,1,404.1,404.1
104755,2025-04-03,CUST01976,Yoga Mat,Sports & Fitness,West,Online,1,599.0,599.0
100363,2024-02-08,CUST00888,Cotton T-Shirt,Fashion,North,Online,1,599.0,599.0
102028,2024-08-08,CUST01053,Wireless Earbuds,Electronics,East,Marketplace,2,1274.15,2548.3
105481,2025-06-21,CUST00683,Wireless Earbuds,Electronics,East,Retail Store,1,1499.0,1499.0
101151,2024-04-30,CUST02049,Running Shoes,Fashion,South,Online,2,2499.0,4998.0
100829,2024-03-28,CUST01320,Yoga Mat,Sports & Fitness,Central,Online,1,599.0,599.0
107286,2025-11-23,CUST01217,Cotton T-Shirt,Fashion,West,Online,2,599.0,1198.0
103086,2024-11-03,CUST02539,Laptop Stand,Electronics,East,Retail Store,1,799.0,799.0
100644,2024-03-08,CUST01330,Hair Dryer,Beauty & Personal Care,South,Retail Store,1,1199.0,1199.0
106663,2025-10-13,CUST00709,Bluetooth Speaker,Electronics,East,Online,1,1899.0,1899.0
107043,2025-11-08,CUST01813,Sunglasses,Fashion,Central,Online,1,639.2,639.2
100318,2024-02-02,CUST01072,Non-stick Pan Set,Home & Kitchen,West,Online,2,1299.0,2598.0
101017,2024-04-15,CUST00459,Storage Containers,Home & Kitchen,West,Online,1,499.0,499.0
100663,2024-03-09,CUST00615,Denim Jacket,Fashion,South,Online,1,1999.0,1999.0
100994,2024-04-13,CUST00224,USB-C Cable,Electronics,East,Online,1,249.0,249.0
100649,2024-03-08,CUST01831,Cotton T-Shirt,Fashion,North,Retail Store,3,599.0,1797.0
102083,2024-08-14,CUST01325,Hair Dryer,Beauty & Personal Care,West,Retail Store,1,1019.15,1019.15
102168,2024-08-22,CUST01134,Blender,Home & Kitchen,East,Marketplace,1,1599.0,1599.0
101713,2024-07-07,CUST00586,Water Bottle,Sports & Fitness,North,Marketplace,1,314.1,314.1
100071,2024-01-08,CUST02367,Wireless Earbuds,Electronics,East,Online,1,1499.0,1499.0
106268,2025-09-10,CUST00872,Denim Jacket,Fashion,South,Online,2,1999.0,3998.0
107115,2025-11-12,CUST00465,Sunglasses,Fashion,Central,Online,1,799.0,799.0
106332,2025-09-16,CUST02322,Air Fryer,Home & Kitchen,Central,Marketplace,1,3499.0,3499.0
102627,2024-10-04,CUST01491,Running Shoes,FASHION,North,Marketplace,1,2499.0,2499.0
101597,2024-06-23,CUST01437,Air Fryer,Home & Kitchen,North,Retail Store,1,3499.0,3499.0
106942,2025-10-31,CUST00064,Trimmer,Beauty & Personal Care,Central,Online,3,999.0,2997.0
101687,2024-07-03,CUST01836,Blender,Home & Kitchen,Central,Online,1,1599.0,1599.0
104421,2025-02-28,CUST00801,Bluetooth Speaker,ELECTRONICS,Central,Online,1,1614.15,1614.15
103307,2024-11-18,CUST01827,Denim Jacket,Fashion,West,Online,1,1599.2,1599.2
103154,2024-11-08,CUST01902,USB-C Cable,Electronics,West,Online,1,211.65,211.65
103560,2024-12-06,CUST01077,Wireless Earbuds,Electronics,West,Online,1,1499.0,1499.0
103197,2024-11-11,CUST02142,Electric Kettle,Home & Kitchen,North,Marketplace,1,899.0,899.0
101313,2024-05-19,CUST00557,Cotton T-Shirt,Fashion,West,Retail Store,1,599.0,599.0
104402,2025-02-26,CUST02155,Wireless Earbuds,Electronics,West,Online,1,1499.0,1499.0
106756,2025-10-19,CUST00776,Sunscreen SPF50,Beauty & Personal Care,West,Online,3,449.0,1347.0
106646,2025-10-12,CUST01393,Laptop Stand,Electronics,East,Retail Store,1,719.1,719.1
102222,2024-08-28,CUST01217,Denim Jacket,Fashion,North,Retail Store,3,1799.1,5397.3
104161,2025-01-30,CUST00979,Cotton T-Shirt,Fashion,West,Online,2,539.1,1078.2
100907,2024-04-05,CUST00853,Hair Dryer,Beauty & Personal Care,West,Marketplace,1,959.2,959.2
104426,2025-03-01,CUST00418,Water Bottle,Sports & Fitness,East,Marketplace,3,314.1,942.3
102290,2024-09-05,CUST00307,Face Serum,Beauty & Personal Care,West,Online,1,629.1,629.1
103998,2025-01-14,CUST00452,Backpack,Fashion,West,Retail Store,1,1399.0,1399.0
107221,2025-11-19,CUST01040,Smartwatch,Electronics,South,Marketplace,1,2999.0,2999.0
106531,2025-10-04,CUST01062,Laptop Stand,Electronics,East,Marketplace,3,799.0,2397.0
105714,2025-07-16,CUST02108,Yoga Mat,Sports & Fitness,Central,Marketplace,1,599.0,599.0
104637,2025-03-22,CUST02440,Wireless Earbuds,Electronics,West,Online,1,1499.0,1499.0
104221,2025-02-06,CUST00037,Laptop Stand,Electronics,South,Online,1,799.0,799.0
107640,2025-12-20,CUST00868,Face Serum,BEAUTY & PERSONAL CARE,South,Online,2,699.0,1398.0
103699,2024-12-18,CUST00635,Running Shoes,Fashion,North,Marketplace,1,2499.0,2499.0
107655,2025-12-21,CUST00890,Backpack,Fashion,South,Online,1,1399.0,1399.0
105514,2025-06-25,CUST01576,Resistance Bands,Sports & Fitness,Central,Retail Store,2,319.2,638.4
107409,2025-12-01,CUST01762,Smartwatch,Electronics,South,Online,1,2999.0,2999.0
105747,2025-07-19,CUST00786,Running Shoes,Fashion,North,Online,1,2499.0,2499.0
105834,2025-07-28,CUST01296,Water Bottle,Sports & Fitness,South,Online,1,349.0,349.0
102444,2024-09-17,CUST02104,Laptop Stand,Electronics,South,Marketplace,1,799.0,799.0
105981,2025-08-11,CUST01543,Dumbbell Set,Sports & Fitness,South,Retail Store,1,2199.0,2199.0
100010,2024-01-01,CUST00298,Laptop Stand,Electronics,East,Online,1,719.1,719.1
106378,2025-09-21,CUST01765,Laptop Stand,Electronics,Central,Online,1,799.0,799.0
102454,2024-09-18,CUST02406,Yoga Mat,Sports & Fitness,North,Online,1,599.0,599.0
100874,2024-04-01,CUST00377,Storage Containers,Home & Kitchen,Central,Online,1,499.0,499.0
104850,2025-04-12,CUST00294,Blender,Home & Kitchen,West,Retail Store,1,1599.0,1599.0
105210,2025-05-21,CUST02199,Non-stick Pan Set,Home & Kitchen,Central,Online,1,1299.0,1299.0
103066,2024-11-02,CUST00092,Blender,Home & Kitchen,East,Online,1,1599.0,1599.0
104846,2025-04-12,CUST02036,Bluetooth Speaker,Electronics,West,Online,1,1899.0,1899.0
107696,2025-12-25,CUST00882,Resistance Bands,Sports & Fitness,West,Online,1,399.0,399.0
104885,2025-04-17,CUST02588,Bluetooth Speaker,Electronics,South,Online,3,1899.0,5697.0
106383,2025-09-21,CUST00772,Cotton T-Shirt,Fashion,East,Retail Store,1,599.0,599.0
104597,2025-03-18,CUST00873,Smartwatch,Electronics,West,Retail Store,1,2549.15,2549.15
107700,2025-12-25,CUST01107,Water Bottle,Sports & Fitness,North,Retail Store,1,349.0,349.0
107413,2025-12-01,CUST00276,Electric Kettle,Home & Kitchen,North,Marketplace,1,899.0,899.0
107102,2025-11-11,CUST01056,Wireless Earbuds,Electronics,East,Online,1,1499.0,1499.0
106146,2025-08-28,CUST02345,Cotton T-Shirt,Fashion,South,Online,1,599.0,599.0
107753,2025-12-28,CUST00073,Running Shoes,Fashion,South,Marketplace,1,2499.0,2499.0
105383,2025-06-10,CUST01688,Sunscreen SPF50,Beauty & Personal Care,West,Marketplace,1,449.0,449.0
102731,2024-10-10,CUST02034,Resistance Bands,Sports & Fitness,North,Online,1,359.1,359.1
105680,2025-07-12,CUST00369,Blender,Home & Kitchen,North,Online,1,1279.2,1279.2
106134,2025-08-27,CUST01574,Face Serum,Beauty & Personal Care,South,Retail Store,1,699.0,699.0
103951,2025-01-09,CUST01804,Cotton T-Shirt,Fashion,East,Marketplace,1,539.1,539.1
105193,2025-05-18,CUST01551,Laptop Stand,Electronics,North,Retail Store,3,799.0,2397.0
100285,2024-01-30,CUST01206,Blender,Home & Kitchen,South,Retail Store,2,1439.1,2878.2
102037,2024-08-09,CUST01960,Wireless Earbuds,Electronics,South,Online,1,1499.0,1499.0
100821,2024-03-26,CUST00170,Blender,Home & Kitchen,Central,Online,1,1359.15,1359.15
104895,2025-04-17,CUST02208,Cotton T-Shirt,Fashion,West,Online,1,479.2,479.2
105667,2025-07-11,CUST00510,Running Shoes,Fashion,South,Marketplace,1,2499.0,2499.0
105627,2025-07-07,CUST02132,Sunscreen SPF50,Beauty & Personal Care,Central,Marketplace,2,449.0,898.0
100525,2024-02-25,CUST02536,Laptop Stand,Electronics,South,Retail Store,2,799.0,1598.0
101898,2024-07-25,CUST00092,Wireless Earbuds,Electronics,Central,Marketplace,1,1499.0,1499.0
106356,2025-09-19,CUST01550,Denim Jacket,Fashion,East,Retail Store,2,1999.0,3998.0
100327,2024-02-03,CUST00461,Bluetooth Speaker,Electronics,East,Online,1,1899.0,1899.0
103869,2024-12-31,CUST01486,Yoga Mat,Sports & Fitness,Central,Online,1,599.0,599.0
104354,2025-02-22,CUST01337,Non-stick Pan Set,Home & Kitchen,Central,Online,1,1299.0,1299.0
106794,2025-10-22,CUST01300,Running Shoes,Fashion,West,Retail Store,0,2124.15,4248.3
105985,2025-08-12,CUST02080,Dumbbell Set,Sports & Fitness,North,Online,1,2199.0,2199.0
102197,2024-08-25,CUST01178,Running Shoes,Fashion,West,Marketplace,1,2499.0,2499.0
103193,2024-11-10,CUST01863,Backpack,Fashion,South,Online,1,1399.0,1399.0
102943,2024-10-25,CUST02518,Storage Containers,Home & Kitchen,Central,Online,3,499.0,1497.0
102957,2024-10-25,CUST02067,Water Bottle,Sports & Fitness,North,Online,1,279.2,279.2
102311,2024-09-07,CUST02216,Backpack,Fashion,West,Online,1,1259.1,1259.1
100499,2024-02-23,CUST00388,Yoga Mat,Sports & Fitness,East,Retail Store,1,599.0,599.0
107009,2025-11-05,CUST01758,Bluetooth Speaker,Electronics,West,Online,1,1899.0,1899.0
102547,2024-09-28,CUST00081,Backpack,Fashion,South,Retail Store,1,1259.1,1259.1
102783,2024-10-14,CUST00518,Wireless Earbuds,Electronics,South,Online,1,1499.0,1499.0
102406,2024-09-15,CUST00081,Running Shoes,Fashion,South,Retail Store,1,2124.15,2124.15
105404,2025-06-13,CUST01213,Smartwatch,Electronics,East,Marketplace,1,2549.15,2549.15
104757,2025-04-03,CUST02396,Water Bottle,Sports & Fitness,West,Retail Store,3,296.65,889.95
105710,2025-07-15,CUST01390,Sunglasses,Fashion,North,Marketplace,1,799.0,799.0
100380,2024-02-10,CUST02326,Air Fryer,Home & Kitchen,North,Online,1,3499.0,3499.0
103049,2024-11-01,CUST01129,Backpack,Fashion,West,Online,2,1189.15,2378.3
106938,2025-10-31,CUST01373,Electric Kettle,Home & Kitchen,East,Online,1,899.0,899.0
107268,2025-11-22,CUST02063,Laptop Stand,Electronics,West,Online,1,799.0,799.0
105410,2025-06-14,CUST02429,Yoga Mat,Sports & Fitness,South,Online,1,599.0,599.0
106776,2025-10-20,CUST02225,Sunscreen SPF50,Beauty & Personal Care,East,Marketplace,1,449.0,449.0
105224,2025-05-23,CUST01101,Electric Kettle,Home & Kitchen,North,Online,2,899.0,1798.0
101053,2024-04-20,CUST00974,Hair Dryer,Beauty & Personal Care,North,Online,1,1199.0,1199.0
100191,2024-01-21,CUST02121,Sunglasses,Fashion,West,Online,1,799.0,799.0
102789,2024-10-14,CUST01775,Power Bank,Electronics,South,Marketplace,2,899.0,1798.0
104646,2025-03-23,CUST02240,Sunscreen SPF50,Beauty & Personal Care,East,Marketplace,1,449.0,449.0
102388,2024-09-13,CUST01501,Air Fryer,Home & Kitchen,West,Retail Store,1,3499.0,3499.0
101721,2024-07-08,CUST02470,Bluetooth Speaker,Electronics,North,Online,2,1899.0,3798.0
104287,2025-02-13,CUST00893,Denim Jacket,Fashion,Central,Online,1,1699.15,1699.15
104611,2025-03-20,CUST02166,USB-C Cable,Electronics,South,Online,1,249.0,249.0
100021,2024-01-03,CUST00444,Sunscreen SPF50,Beauty & Personal Care,Central,Retail Store,1,449.0,449.0
103446,2024-11-27,CUST02228,Yoga Mat,Sports & Fitness,East,Marketplace,1,599.0,599.0
106689,2025-10-15,CUST00601,Blender,Home & Kitchen,East,Online,1,1599.0,1599.0
107564,2025-12-13,CUST02580,Laptop Stand,Electronics,East,Online,1,799.0,799.0
102535,2024-09-27,CUST01554,Yoga Mat,Sports & Fitness,West,Retail Store,1,509.15,509.15
102867,2024-10-20,CUST02251,Air Fryer,Home & Kitchen,North,Marketplace,3,3499.0,10497.0
106822,2025-10-24,CUST02479,Air Fryer,Home & Kitchen,West,Marketplace,1,3149.1,3149.1
107553,2025-12-12,CUST01431,Sunglasses,Fashion,South,Online,2,639.2,1278.4
106604,2025-10-08,CUST00434,Dumbbell Set,Sports & Fitness,North,Online,1,2199.0,2199.0
102021,2024-08-08,CUST00009,Blender,Home & Kitchen,East,Online,1,1599.0,1599.0
107563,2025-12-13,CUST00220,Sunglasses,Fashion,North,Retail Store,1,799.0,799.0
105134,2025-05-12,CUST00716,Hair Dryer,Beauty & Personal Care,South,Marketplace,1,1199.0,1199.0
107248,2025-11-21,CUST00750,Trimmer,Beauty & Personal Care,East,Retail Store,1,899.1,899.1
105811,2025-07-26,CUST01493,Electric Kettle,Home & Kitchen,North,Online,1,719.2,719.2
100209,2024-01-23,CUST00677,Backpack,Fashion,South,Retail Store,2,1399.0,2798.0
106231,2025-09-06,CUST02392,Power Bank,Electronics,Central,Marketplace,1,899.0,899.0
105829,2025-07-28,CUST00609,Blender,Home & Kitchen,East,Online,3,1599.0,4797.0
100190,2024-01-21,CUST00752,Sunglasses,Fashion,South,Retail Store,1,799.0,799.0
105451,2025-06-17,CUST02380,Face Serum,Beauty & Personal Care,South,Online,3,699.0,2097.0
107492,2025-12-07,CUST00558,Backpack,Fashion,South,Retail Store,2,1189.15,2378.3
100151,2024-01-19,CUST02482,Wireless Earbuds,ELECTRONICS,South,Online,1,1274.15,1274.15
100023,2024-01-03,CUST01265,Air Fryer,Home & Kitchen,South,Marketplace,1,3499.0,3499.0
106059,2025-08-19,CUST01885,Wireless Earbuds,Electronics,South,Marketplace,2,1499.0,2998.0
107624,2025-12-19,CUST01916,USB-C Cable,Electronics,East,Online,3,199.2,597.6
103655,2024-12-14,CUST00847,Sunglasses,Fashion,South,Online,2,719.1,1438.2
101332,2024-05-21,CUST00230,Trimmer,Beauty & Personal Care,Central,Retail Store,1,999.0,999.0
104492,2025-03-08,CUST01286,Running Shoes,FASHION,East,Marketplace,1,2124.15,2124.15
100443,2024-02-18,CUST01450,Sunglasses,Fashion,West,Marketplace,1,799.0,799.0
100658,2024-03-09,CUST00081,Running Shoes,Fashion,West,Online,1,2499.0,2499.0
103931,2025-01-06,CUST02065,Water Bottle,Sports & Fitness,Central,Online,1,349.0,349.0
104627,2025-03-22,CUST01915,Air Fryer,Home & Kitchen,South,Retail Store,2,3149.1,6298.2
101383,2024-05-27,CUST01501,Sunglasses,Fashion,North,Marketplace,2,799.0,1598.0
101808,2024-07-16,CUST00166,Hair Dryer,Beauty & Personal Care,West,Retail Store,1,1199.0,1199.0
104458,2025-03-04,CUST01285,Smartwatch,Electronics,South,Online,1,2699.1,2699.1
106022,2025-08-15,CUST01253,Trimmer,Beauty & Personal Care,West,Online,1,999.0,999.0
102799,2024-10-15,CUST02366,Blender,Home & Kitchen,North,Marketplace,1,1599.0,1599.0
101963,2024-08-02,CUST00427,Electric Kettle,Home & Kitchen,West,Marketplace,2,899.0,1798.0
107629,2025-12-19,CUST01877,Non-stick Pan Set,Home & Kitchen,North,Marketplace,1,1299.0,1299.0
104854,2025-04-12,CUST01215,Trimmer,Beauty & Personal Care,East,Online,1,999.0,999.0
100551,2024-02-28,CUST02413,Denim Jacket,Fashion,South,Online,1,1999.0,1999.0
103770,2024-12-23,CUST00146,Face Serum,Beauty & Personal Care,Central,Online,1,699.0,699.0
105720,2025-07-16,CUST01785,Sunglasses,Fashion,East,Retail Store,1,639.2,639.2
104229,2025-02-07,CUST00073,Cotton T-Shirt,Fashion,South,Marketplace,1,479.2,479.2
103622,2024-12-12,CUST00458,Blender,Home & Kitchen,East,Online,2,1599.0,3198.0
105693,2025-07-13,CUST01208,Electric Kettle,Home & Kitchen,East,Retail Store,1,809.1,809.1
105787,2025-07-22,CUST01026,Hair Dryer,Beauty & Personal Care,East,Online,1,1199.0,1199.0
107081,2025-11-10,CUST00946,Non-stick Pan Set,Home & Kitchen,North,Online,2,1299.0,2598.0
100940,2024-04-07,CUST00239,Air Fryer,Home & Kitchen,West,Online,2,3499.0,6998.0
102470,2024-09-20,CUST00084,Storage Containers,Home & Kitchen,South,Retail Store,1,449.1,449.1
103953,2025-01-10,CUST00578,Storage Containers,Home & Kitchen,South,Online,1,424.15,424.15
102818,2024-10-16,CUST01517,Bluetooth Speaker,Electronics,East,Online,1,1899.0,1899.0
105294,2025-06-01,CUST01292,Denim Jacket,Fashion,Central,Online,1,1999.0,1999.0
104835,2025-04-11,CUST02527,Hair Dryer,Beauty & Personal Care,East,Online,1,1079.1,1079.1
107103,2025-11-12,CUST00266,Sunglasses,Fashion,North,Online,1,719.1,719.1
105316,2025-06-03,CUST00989,Dumbbell Set,Sports & Fitness,East,Marketplace,1,2199.0,2199.0
104976,2025-04-25,CUST00535,Air Fryer,Home & Kitchen,West,Retail Store,2,3499.0,6998.0
102899,2024-10-22,CUST01515,Resistance Bands,Sports & Fitness,North,Marketplace,1,399.0,399.0
102104,2024-08-16,CUST01611,Trimmer,Beauty & Personal Care,North,Online,2,999.0,1998.0
101528,2024-06-13,CUST01449,Cotton T-Shirt,Fashion,South,Online,1,599.0,599.0
100341,2024-02-05,CUST00571,Blender,Home & Kitchen,South,Marketplace,1,1599.0,1599.0
102415,2024-09-15,CUST02060,Yoga Mat,Sports & Fitness,East,Online,1,539.1,539.1
105039,2025-05-02,CUST00361,Water Bottle,Sports & Fitness,West,Retail Store,1,349.0,349.0
106552,2025-10-05,CUST01270,Wireless Earbuds,Electronics,East,Marketplace,1,1499.0,1499.0
103746,2024-12-21,CUST00835,Denim Jacket,Fashion,East,Retail Store,1,1999.0,1999.0
100421,2024-02-15,CUST01516,Yoga Mat,Sports & Fitness,East,Retail Store,1,599.0,599.0
100762,2024-03-20,CUST00793,Air Fryer,Home & Kitchen,North,Retail Store,1,3499.0,3499.0
103516,2024-12-01,CUST00239,Smartwatch,Electronics,North,Retail Store,3,2999.0,8997.0
102390,2024-09-13,CUST02325,USB-C Cable,Electronics,South,Retail Store,2,224.1,448.2
105478,2025-06-20,CUST02294,Blender,Home & Kitchen,West,Retail Store,2,1599.0,3198.0
104669,2025-03-25,CUST01182,Smartwatch,Electronics,West,Retail Store,1,2999.0,2999.0
100865,2024-03-31,CUST00114,Resistance Bands,Sports & Fitness,South,Retail Store,1,399.0,399.0
101869,2024-07-21,CUST01173,Face Serum,Beauty & Personal Care,North,Online,1,699.0,699.0
102389,2024-09-13,CUST02165,Yoga Mat,Sports & Fitness,West,Marketplace,2,599.0,1198.0
100504,2024-02-23,CUST00836,Hair Dryer,Beauty & Personal Care,,Online,1,959.2,959.2
103442,2024-11-26,CUST01925,Yoga Mat,Sports & Fitness,North,Retail Store,1,599.0,599.0
107493,2025-12-07,CUST00209,Yoga Mat,Sports & Fitness,North,Online,2,509.15,1018.3
107523,2025-12-09,CUST02072,Trimmer,Beauty & Personal Care,West,Online,1,899.1,899.1
105899,2025-08-03,CUST02004,Cotton T-Shirt,Fashion,East,Online,1,599.0,599.0
100770,2024-03-21,CUST02578,Water Bottle,Sports & Fitness,South,Marketplace,1,349.0,349.0
100885,2024-04-02,CUST00779,USB-C Cable,Electronics,North,Online,1,211.65,211.65
105965,2025-08-10,CUST01473,Non-stick Pan Set,Home & Kitchen,North,Marketplace,1,1299.0,1299.0
106644,2025-10-12,CUST00356,Resistance Bands,Sports & Fitness,South,Online,1,399.0,399.0
105127,2025-05-11,CUST01410,Smartwatch,Electronics,Central,Marketplace,1,2999.0,2999.0
106533,2025-10-04,CUST00519,Blender,Home & Kitchen,South,Marketplace,1,1599.0,1599.0
104201,2025-02-04,CUST01507,Backpack,Fashion,East,Retail Store,1,1399.0,1399.0
102527,2024-09-25,CUST02136,USB-C Cable,Electronics,East,Online,1,249.0,249.0
104511,2025-03-10,CUST01468,Air Fryer,Home & Kitchen,West,Retail Store,3,3499.0,10497.0
105846,2025-07-30,CUST00048,Non-stick Pan Set,Home & Kitchen,North,Retail Store,1,1169.1,1169.1
101287,2024-05-17,CUST02462,USB-C Cable,Electronics,Central,Retail Store,1,211.65,211.65
107586,2025-12-15,CUST00324,Air Fryer,Home & Kitchen,South,Retail Store,1,3149.1,3149.1
104485,2025-03-07,CUST01258,Trimmer,Beauty & Personal Care,North,Online,2,999.0,1998.0
102980,2024-10-27,CUST02070,Face Serum,Beauty & Personal Care,East,Online,1,699.0,699.0
100711,2024-03-14,CUST01324,Power Bank,Electronics,North,Online,2,899.0,1798.0
107214,2025-11-18,CUST01169,Blender,Home & Kitchen,West,Online,2,1599.0,3198.0
107277,2025-11-23,CUST01870,Air Fryer,Home & Kitchen,West,Online,1,3499.0,3499.0
100099,2024-01-12,CUST00498,Non-stick Pan Set,Home & Kitchen,North,Marketplace,1,1299.0,1299.0
103530,2024-12-03,CUST01658,Cotton T-Shirt,Fashion,East,Retail Store,1,599.0,599.0
100891,2024-04-03,CUST02176,Face Serum,Beauty & Personal Care,North,Online,1,699.0,699.0
103416,2024-11-24,CUST00671,Blender,Home & Kitchen,East,Online,1,1599.0,1599.0
103219,2024-11-12,CUST01146,Sunglasses,Fashion,West,Online,1,799.0,799.0
105490,2025-06-22,CUST01802,Backpack,Fashion,North,Online,2,1399.0,2798.0
101983,2024-08-04,CUST00199,Denim Jacket,Fashion,South,Retail Store,1,1999.0,1999.0
103838,2024-12-29,CUST00112,Non-stick Pan Set,Home & Kitchen,North,Online,1,1299.0,1299.0
104546,2025-03-14,CUST00345,Backpack,FASHION,Central,Online,1,1399.0,1399.0
104147,2025-01-28,CUST00822,Electric Kettle,Home & Kitchen,West,Retail Store,2,899.0,1798.0
101040,2024-04-18,CUST02322,Denim Jacket,Fashion,North,Marketplace,2,1699.15,3398.3
107760,2025-12-29,CUST00387,Electric Kettle,Home & Kitchen,South,Retail Store,2,899.0,1798.0
107216,2025-11-18,CUST01792,Sunglasses,Fashion,North,Retail Store,1,799.0,799.0
102596,2024-10-02,CUST01194,Non-stick Pan Set,Home & Kitchen,West,Retail Store,1,1039.2,1039.2
105482,2025-06-21,CUST00933,Cotton T-Shirt,Fashion,South,Online,1,599.0,599.0
105558,2025-07-01,CUST00590,Dumbbell Set,Sports & Fitness,East,Marketplace,1,2199.0,2199.0
101063,2024-04-22,CUST01792,Power Bank,Electronics,East,Online,1,764.15,764.15
103334,2024-11-19,CUST01420,Yoga Mat,Sports & Fitness,East,Retail Store,2,599.0,1198.0
104152,2025-01-30,CUST01894,Electric Kettle,Home & Kitchen,North,Online,1,899.0,899.0
103962,2025-01-10,CUST02164,Sunscreen SPF50,Beauty & Personal Care,West,Online,1,404.1,404.1
101251,2024-05-12,CUST01845,Yoga Mat,Sports & Fitness,West,Online,1,599.0,599.0
104871,2025-04-15,CUST00825,Sunscreen SPF50,Beauty & Personal Care,East,Online,2,449.0,898.0
101466,2024-06-06,CUST01264,Backpack,Fashion,East,Online,1,1189.15,1189.15
105136,2025-05-12,CUST01669,Storage Containers,Home & Kitchen,South,Online,1,499.0,499.0
107368,2025-11-29,CUST01176,Dumbbell Set,Sports & Fitness,Central,Retail Store,1,1759.2,1759.2
101992,2024-08-04,CUST00518,Water Bottle,Sports & Fitness,South,Retail Store,1,349.0,349.0
106956,2025-11-01,CUST02254,Yoga Mat,Sports & Fitness,East,Retail Store,1,599.0,599.0
105211,2025-05-21,CUST00743,Power Bank,Electronics,North,Retail Store,1,899.0,899.0
101399,2024-05-29,CUST01964,Water Bottle,Sports & Fitness,East,Online,1,296.65,296.65
100671,2024-03-10,CUST00371,Denim Jacket,Fashion,East,Online,1,1699.15,1699.15
101263,2024-05-13,CUST00741,Cotton T-Shirt,Fashion,West,Online,1,599.0,599.0
105814,2025-07-26,CUST00414,Air Fryer,Home & Kitchen,South,Online,3,3499.0,10497.0
102762,2024-10-12,CUST01349,Hair Dryer,Beauty & Personal Care,North,Marketplace,1,1199.0,1199.0
105547,2025-06-29,CUST00181,Backpack,Fashion,West,Online,1,1259.1,1259.1
103842,2024-12-29,CUST00299,Sunglasses,Fashion,North,Retail Store,1,799.0,799.0
107546,2025-12-11,CUST01084,Sunscreen SPF50,Beauty & Personal Care,South,Retail Store,1,449.0,449.0
102023,2024-08-08,CUST02468,Running Shoes,Fashion,South,Online,3,2499.0,7497.0
101197,2024-05-06,CUST02012,Trimmer,Beauty & Personal Care,West,Retail Store,1,849.15,849.15
100417,2024-02-15,CUST01642,Yoga Mat,Sports & Fitness,West,Marketplace,1,599.0,599.0
105429,2025-06-16,CUST01015,Trimmer,Beauty & Personal Care,South,Online,1,999.0,999.0
107545,2025-12-11,CUST02066,Denim Jacket,Fashion,South,Online,1,1999.0,1999.0
104565,2025-03-15,CUST01737,Smartwatch,Electronics,West,Marketplace,1,2999.0,2999.0
106040,2025-08-17,CUST02509,USB-C Cable,Electronics,East,Retail Store,1,249.0,249.0
100849,2024-03-30,CUST00717,Hair Dryer,Beauty & Personal Care,West,Online,1,1199.0,1199.0
103979,2025-01-12,CUST01810,Laptop Stand,Electronics,South,Online,1,719.1,719.1
105094,2025-05-07,CUST01869,Electric Kettle,Home & Kitchen,South,Marketplace,1,899.0,899.0
106747,2025-10-19,CUST02445,Dumbbell Set,Sports & Fitness,North,Online,1,2199.0,2199.0
105030,2025-04-30,CUST01328,Smartwatch,Electronics,South,Online,1,2999.0,2999.0
103452,2024-11-27,CUST02589,Electric Kettle,Home & Kitchen,East,Online,1,719.2,719.2
104469,2025-03-06,CUST00815,Laptop Stand,Electronics,North,Online,1,799.0,799.0
101012,2024-04-14,CUST02447,Face Serum,Beauty & Personal Care,North,Online,1,559.2,559.2
105165,2025-05-15,CUST01871,Yoga Mat,Sports & Fitness,South,Marketplace,1,509.15,509.15
102644,2024-10-05,CUST02289,Bluetooth Speaker,Electronics,West,Online,1,1709.1,1709.1
104567,2025-03-16,CUST00495,Storage Containers,Home & Kitchen,South,Retail Store,1,499.0,499.0
107147,2025-11-14,CUST01433,Blender,Home & Kitchen,Central,Online,1,1599.0,1599.0
104635,2025-03-22,CUST02025,Face Serum,Beauty & Personal Care,West,Online,1,699.0,699.0
104599,2025-03-18,CUST00500,Denim Jacket,Fashion,South,Marketplace,1,1799.1,1799.1
101237,2024-05-10,CUST01794,Blender,Home & Kitchen,South,Online,1,1599.0,1599.0
102412,2024-09-15,CUST01666,Non-stick Pan Set,Home & Kitchen,Central,Online,1,1104.15,1104.15
101704,2024-07-06,CUST02598,Sunglasses,Fashion,Central,Marketplace,1,799.0,799.0
104231,2025-02-08,CUST02583,USB-C Cable,Electronics,North,Online,2,224.1,448.2
100899,2024-04-03,CUST02503,Power Bank,Electronics,Central,Online,1,899.0,899.0
107020,2025-11-06,CUST01244,Power Bank,Electronics,East,Online,1,899.0,899.0
104556,2025-03-15,CUST00155,Backpack,Fashion,Central,Online,3,1399.0,4197.0
105015,2025-04-28,CUST01759,Water Bottle,Sports & Fitness,South,Retail Store,1,314.1,314.1
103447,2024-11-27,CUST01635,Blender,Home & Kitchen,North,Online,1,1599.0,1599.0
100201,2024-01-22,CUST00002,Laptop Stand,Electronics,South,Retail Store,1,799.0,799.0
101728,2024-07-09,CUST00827,Resistance Bands,Sports & Fitness,Central,Online,1,399.0,399.0
106910,2025-10-29,CUST01417,Blender,Home & Kitchen,West,Retail Store,3,1279.2,3837.6
105876,2025-08-02,CUST02522,Backpack,Fashion,North,Online,1,1399.0,1399.0
101843,2024-07-19,CUST00635,Power Bank,Electronics,West,Online,2,899.0,1798.0
104868,2025-04-14,CUST01568,Bluetooth Speaker,Electronics,North,Online,1,1899.0,1899.0
100735,2024-03-16,CUST02308,Hair Dryer,Beauty & Personal Care,South,Marketplace,1,1199.0,1199.0
105575,2025-07-02,CUST00115,Laptop Stand,Electronics,Central,Retail Store,1,679.15,679.15
102740,2024-10-11,CUST02138,Smartwatch,Electronics,West,Online,1,2999.0,2999.0
101207,2024-05-07,CUST01374,Running Shoes,Fashion,North,Marketplace,1,2499.0,2499.0
101696,2024-07-05,CUST00961,Sunglasses,Fashion,North,Online,1,799.0,799.0
102320,2024-09-07,CUST00580,USB-C Cable,Electronics,North,Retail Store,1,199.2,199.2
103278,2024-11-16,CUST02457,Dumbbell Set,Sports & Fitness,South,Online,1,2199.0,2199.0
103065,2024-11-02,CUST01321,Denim Jacket,Fashion,West,Online,1,1999.0,1999.0
100600,2024-03-03,CUST01437,Blender,Home & Kitchen,South,Marketplace,2,1279.2,2558.4
105284,2025-05-30,CUST02514,Yoga Mat,Sports & Fitness,North,Marketplace,1,539.1,539.1
103352,2024-11-20,CUST01901,USB-C Cable,Electronics,South,Marketplace,1,249.0,249.0
106837,2025-10-25,CUST00322,Sunscreen SPF50,Beauty & Personal Care,Central,Retail Store,2,449.0,898.0
103545,2024-12-04,CUST00601,Wireless Earbuds,Electronics,Central,Retail Store,3,1499.0,4497.0
103512,2024-12-01,CUST00626,Face Serum,Beauty & Personal Care,West,Online,2,699.0,1398.0
100401,2024-02-13,CUST00515,Bluetooth Speaker,Electronics,East,Online,1,1899.0,1899.0
103805,2024-12-26,CUST01215,Blender,Home & Kitchen,North,Retail Store,1,1439.1,1439.1
103916,2025-01-05,CUST00206,Storage Containers,Home & Kitchen,South,Online,1,399.2,399.2
101777,2024-07-14,CUST01237,Denim Jacket,Fashion,Central,Retail Store,1,1999.0,1999.0
107504,2025-12-07,CUST02121,Blender,Home & Kitchen,East,Retail Store,1,1599.0,1599.0
100515,2024-02-24,CUST01427,Dumbbell Set,Sports & Fitness,East,Online,1,2199.0,2199.0
107597,2025-12-16,CUST00148,Sunglasses,Fashion,South,Online,1,799.0,799.0
105101,2025-05-09,CUST00144,Backpack,Fashion,Central,Retail Store,1,1189.15,1189.15
104377,2025-02-23,CUST02159,Bluetooth Speaker,Electronics,Central,Online,1,1899.0,1899.0
104208,2025-02-05,CUST02228,Resistance Bands,Sports & Fitness,West,Online,1,399.0,399.0
105650,2025-07-09,CUST01888,Yoga Mat,Sports & Fitness,South,Online,1,599.0,599.0
102545,2024-09-28,CUST00905,Dumbbell Set,Sports & Fitness,East,Retail Store,1,2199.0,2199.0
104826,2025-04-10,CUST00538,Resistance Bands,Sports & Fitness,North,Retail Store,1,359.1,359.1
104829,2025-04-11,CUST00151,Sunscreen SPF50,Beauty & Personal Care,West,Retail Store,1,381.65,381.65
106362,2025-09-20,CUST01919,Water Bottle,Sports & Fitness,North,Marketplace,1,349.0,349.0
100815,2024-03-26,CUST01573,Smartwatch,Electronics,South,Online,2,2999.0,5998.0
104887,2025-04-17,CUST01273,Hair Dryer,Beauty & Personal Care,West,Online,1,1079.1,1079.1
105960,2025-08-09,CUST00297,Resistance Bands,Sports & Fitness,Central,Online,2,399.0,798.0
102207,2024-08-26,CUST01341,Trimmer,Beauty & Personal Care,South,Marketplace,1,999.0,999.0
102753,2024-10-12,CUST01555,Blender,Home & Kitchen,South,Retail Store,2,1599.0,3198.0
100892,2024-04-03,CUST00012,Backpack,Fashion,East,Online,1,1399.0,1399.0
106442,2025-09-27,CUST00331,Blender,Home & Kitchen,Central,Retail Store,1,1599.0,1599.0
101506,2024-06-10,CUST00167,Wireless Earbuds,Electronics,East,Online,1,1499.0,1499.0
106630,2025-10-11,CUST02098,Blender,Home & Kitchen,East,Online,1,1599.0,1599.0
105839,2025-07-29,CUST02486,Sunscreen SPF50,Beauty & Personal Care,Central,Marketplace,1,449.0,449.0
107099,2025-11-11,CUST02364,Electric Kettle,Home & Kitchen,Central,Retail Store,1,899.0,899.0
107460,2025-12-05,CUST00052,Bluetooth Speaker,Electronics,East,Marketplace,2,1899.0,3798.0
101036,2024-04-18,CUST00309,Smartwatch,Electronics,East,Online,1,2999.0,2999.0
105070,2025-05-05,CUST00243,Resistance Bands,Sports & Fitness,South,Retail Store,1,319.2,319.2
100220,2024-01-24,CUST01520,Sunscreen SPF50,Beauty & Personal Care,North,Online,1,449.0,449.0
102266,2024-09-02,CUST01703,Electric Kettle,Home & Kitchen,North,Online,1,899.0,899.0
107775,2025-12-30,CUST01405,Resistance Bands,Sports & Fitness,South,Online,2,399.0,798.0
103549,2024-12-05,CUST01472,Wireless Earbuds,Electronics,South,Retail Store,1,1499.0,1499.0
105550,2025-06-30,CUST00779,Storage Containers,Home & Kitchen,South,Marketplace,1,499.0,499.0
105493,2025-06-22,CUST02057,Laptop Stand,Electronics,South,Marketplace,1,679.15,679.15
105179,2025-05-17,CUST01709,Running Shoes,Fashion,North,Retail Store,1,2249.1,2249.1
106953,2025-11-01,CUST01966,Water Bottle,Sports & Fitness,South,Online,1,349.0,349.0
104014,2025-01-15,CUST00235,USB-C Cable,Electronics,South,Marketplace,1,249.0,249.0
100134,2024-01-16,CUST02009,Dumbbell Set,Sports & Fitness,West,Online,2,2199.0,4398.0
106467,2025-09-29,CUST00295,Non-stick Pan Set,Home & Kitchen,North,Online,1,1299.0,1299.0
106873,2025-10-26,CUST02081,Resistance Bands,Sports & Fitness,Central,Online,1,399.0,399.0
103644,2024-12-14,CUST01170,Dumbbell Set,Sports & Fitness,South,Online,2,2199.0,4398.0
102322,2024-09-07,CUST01809,Non-stick Pan Set,Home & Kitchen,West,Online,1,1039.2,1039.2
102787,2024-10-14,CUST02092,Hair Dryer,Beauty & Personal Care,South,Marketplace,1,1199.0,1199.0
106190,2025-09-02,CUST01190,USB-C Cable,Electronics,East,Online,1,249.0,249.0
100822,2024-03-26,CUST01319,Sunscreen SPF50,Beauty & Personal Care,South,Online,1,449.0,449.0
107677,2025-12-23,CUST00690,Sunglasses,FASHION,East,Marketplace,2,799.0,1598.0
107593,2025-12-16,CUST01110,Sunscreen SPF50,Beauty & Personal Care,South,Online,2,404.1,808.2
101510,2024-06-10,CUST01017,Air Fryer,Home & Kitchen,North,Online,1,3499.0,3499.0
101415,2024-05-30,CUST00408,Blender,Home & Kitchen,Central,Retail Store,1,1599.0,1599.0
100517,2024-02-24,CUST01939,Air Fryer,Home & Kitchen,North,Retail Store,1,3499.0,3499.0
104263,2025-02-10,CUST00826,Laptop Stand,Electronics,South,Online,3,799.0,2397.0
106406,2025-09-24,CUST01878,Blender,Home & Kitchen,South,Online,1,1359.15,1359.15
107684,2025-12-24,CUST00447,Cotton T-Shirt,Fashion,North,Online,1,539.1,539.1
103672,2024-12-16,CUST00102,Denim Jacket,Fashion,East,Retail Store,1,1699.15,1699.15
102049,2024-08-10,CUST00507,Backpack,Fashion,East,Retail Store,1,1399.0,1399.0
105146,2025-05-14,CUST00250,Hair Dryer,Beauty & Personal Care,West,Online,1,1199.0,1199.0
104436,2025-03-02,CUST00832,Face Serum,Beauty & Personal Care,Central,Online,1,699.0,699.0
105943,2025-08-08,CUST02216,Cotton T-Shirt,Fashion,North,Online,1,599.0,599.0
104937,2025-04-22,CUST02143,Water Bottle,Sports & Fitness,West,Online,1,349.0,349.0
106368,2025-09-20,CUST00832,Water Bottle,Sports & Fitness,North,Online,1,349.0,349.0
100601,2024-03-03,CUST01467,Non-stick Pan Set,Home & Kitchen,South,Retail Store,2,1299.0,2598.0
102750,2024-10-12,CUST00198,Electric Kettle,Home & Kitchen,Central,Online,1,899.0,899.0
103256,2024-11-15,CUST00851,Blender,Home & Kitchen,South,Online,1,1599.0,1599.0
100218,2024-01-24,CUST02466,Cotton T-Shirt,Fashion,East,Marketplace,1,479.2,479.2
104559,2025-03-15,CUST02080,Resistance Bands,Sports & Fitness,North,Online,1,399.0,399.0
102840,2024-10-18,CUST00766,Trimmer,Beauty & Personal Care,Central,Online,2,999.0,1998.0
104375,2025-02-23,CUST00190,Storage Containers,Home & Kitchen,East,Online,3,399.2,1197.6
103236,2024-11-13,CUST02270,Wireless Earbuds,Electronics,North,Retail Store,1,1499.0,1499.0
107244,2025-11-21,CUST02240,Resistance Bands,Sports & Fitness,South,Retail Store,1,399.0,399.0
106342,2025-09-17,CUST01855,Storage Containers,Home & Kitchen,North,Online,3,499.0,1497.0
106049,2025-08-18,CUST00614,Sunglasses,Fashion,East,Online,1,799.0,799.0
104834,2025-04-11,CUST01173,Bluetooth Speaker,Electronics,East,Marketplace,2,1899.0,3798.0
106011,2025-08-14,CUST01169,Non-stick Pan Set,Home & Kitchen,South,Marketplace,1,1299.0,1299.0
103037,2024-10-31,CUST00651,Electric Kettle,Home & Kitchen,Central,Online,1,899.0,899.0
100855,2024-03-31,CUST00593,Sunglasses,Fashion,South,Marketplace,1,799.0,799.0
100488,2024-02-22,CUST00545,Trimmer,Beauty & Personal Care,East,Online,1,899.1,899.1
106132,2025-08-27,CUST00352,Sunglasses,Fashion,Central,Retail Store,1,799.0,799.0
103509,2024-12-01,CUST01371,Resistance Bands,Sports & Fitness,North,Online,1,399.0,399.0
104087,2025-01-22,CUST00330,Face Serum,Beauty & Personal Care,North,Online,1,559.2,559.2
100593,2024-03-03,CUST01550,Backpack,Fashion,South,Online,1,1399.0,1399.0
107291,2025-11-24,CUST01520,Air Fryer,Home & Kitchen,West,Retail Store,1,3149.1,3149.1
101609,2024-06-24,CUST02536,Blender,Home & Kitchen,South,Online,1,1599.0,1599.0
106555,2025-10-05,CUST00703,Running Shoes,Fashion,South,Marketplace,1,2499.0,2499.0
103835,2024-12-29,CUST00899,Power Bank,Electronics,East,Online,1,764.15,764.15
101735,2024-07-10,CUST01803,Wireless Earbuds,Electronics,North,Online,1,1349.1,1349.1
100100,2024-01-12,CUST01556,Power Bank,Electronics,North,Online,1,899.0,899.0
105681,2025-07-12,CUST01759,Sunglasses,Fashion,North,Retail Store,1,719.1,719.1
107188,2025-11-17,CUST01460,Hair Dryer,Beauty & Personal Care,West,Retail Store,1,1199.0,1199.0
102133,2024-08-19,CUST01324,Cotton T-Shirt,Fashion,West,Online,1,599.0,599.0
102075,2024-08-13,CUST00990,Running Shoes,Fashion,South,Marketplace,2,2499.0,4998.0
104184,2025-02-02,CUST01391,Resistance Bands,Sports & Fitness,West,Online,1,399.0,399.0
100414,2024-02-14,CUST01958,Face Serum,Beauty & Personal Care,Central,Marketplace,1,699.0,699.0
100358,2024-02-08,CUST00472,Cotton T-Shirt,Fashion,East,Online,1,599.0,599.0
106920,2025-10-30,CUST01669,Dumbbell Set,Sports & Fitness,East,Retail Store,1,2199.0,2199.0
104956,2025-04-23,CUST00130,Bluetooth Speaker,Electronics,South,Marketplace,2,1899.0,3798.0
103366,2024-11-22,CUST01383,Non-stick Pan Set,Home & Kitchen,West,Online,1,1299.0,1299.0
107144,2025-11-14,CUST00618,Power Bank,Electronics,West,Retail Store,1,899.0,899.0
106830,2025-10-24,CUST02433,Face Serum,Beauty & Personal Care,West,Online,1,699.0,699.0
103315,2024-11-18,CUST00298,Electric Kettle,Home & Kitchen,Central,Online,1,764.15,764.15
103237,2024-11-13,CUST02328,Denim Jacket,Fashion,North,Marketplace,1,1999.0,1999.0
103131,2024-11-07,CUST01393,Smartwatch,Electronics,South,Marketplace,3,2699.1,8097.3
100254,2024-01-27,CUST01130,Power Bank,Electronics,South,Retail Store,1,719.2,719.2
100016,2024-01-02,CUST00941,Backpack,Fashion,North,Online,3,1189.15,3567.45
101962,2024-08-02,CUST00155,Laptop Stand,Electronics,West,Online,1,799.0,799.0
100204,2024-01-23,CUST00459,Electric Kettle,Home & Kitchen,North,Marketplace,1,719.2,719.2
100037,2024-01-04,CUST01270,Power Bank,Electronics,East,Marketplace,1,764.15,764.15
103405,2024-11-24,CUST01505,Laptop Stand,Electronics,West,Marketplace,1,799.0,799.0
100436,2024-02-17,CUST02491,Wireless Earbuds,Electronics,East,Retail Store,1,1499.0,1499.0
100590,2024-03-03,CUST00401,Electric Kettle,Home & Kitchen,East,Online,2,764.15,1528.3
101966,2024-08-02,CUST01499,Storage Containers,Home & Kitchen,North,Retail Store,1,499.0,499.0
103123,2024-11-06,CUST00015,Yoga Mat,Sports & Fitness,East,Retail Store,1,509.15,509.15
100271,2024-01-29,CUST01198,Electric Kettle,Home & Kitchen,North,Online,1,899.0,899.0
105499,2025-06-23,CUST01758,Air Fryer,Home & Kitchen,West,Marketplace,1,3499.0,3499.0
102707,2024-10-09,CUST00690,Trimmer,Beauty & Personal Care,South,Online,1,999.0,999.0
104472,2025-03-06,CUST01601,Backpack,Fashion,Central,Online,1,1399.0,1399.0
107468,2025-12-05,CUST01249,Storage Containers,Home & Kitchen,North,Retail Store,1,499.0,499.0
107021,2025-11-06,CUST00835,Power Bank,Electronics,North,Retail Store,1,899.0,899.0
100013,2024-01-01,CUST00152,Sunscreen SPF50,Beauty & Personal Care,South,Online,1,449.0,449.0
107623,2025-12-19,CUST01985,Non-stick Pan Set,Home & Kitchen,,Marketplace,1,1104.15,1104.15
101449,2024-06-04,CUST02150,Running Shoes,Fashion,East,Retail Store,2,1999.2,3998.4
105267,2025-05-27,CUST02379,Smartwatch,Electronics,North,Retail Store,1,2699.1,2699.1
101023,2024-04-16,CUST01546,Running Shoes,Fashion,West,Retail Store,2,2499.0,4998.0
106527,2025-10-03,CUST01311,Face Serum,Beauty & Personal Care,East,Marketplace,2,699.0,1398.0
101531,2024-06-14,CUST01005,Bluetooth Speaker,Electronics,Central,Online,1,1899.0,1899.0
100541,2024-02-27,CUST00166,Smartwatch,Electronics,West,Retail Store,1,2999.0,2999.0
103263,2024-11-15,CUST00862,Bluetooth Speaker,Electronics,South,Online,1,1709.1,1709.1
107255,2025-11-21,CUST02325,Laptop Stand,Electronics,,Online,1,799.0,799.0
104332,2025-02-19,CUST00454,Face Serum,Beauty & Personal Care,West,Marketplace,2,699.0,1398.0
107191,2025-11-17,CUST01897,Yoga Mat,Sports & Fitness,East,Retail Store,1,599.0,599.0
103580,2024-12-08,CUST01951,Storage Containers,Home & Kitchen,West,Online,1,449.1,449.1
100187,2024-01-21,CUST01274,Face Serum,Beauty & Personal Care,East,Online,1,594.15,594.15
106306,2025-09-13,CUST00535,Storage Containers,Home & Kitchen,West,Marketplace,1,499.0,499.0
105364,2025-06-08,CUST02508,Running Shoes,Fashion,East,Online,1,2499.0,2499.0
106423,2025-09-25,CUST01498,Water Bottle,Sports & Fitness,South,Online,1,349.0,349.0
106168,2025-08-31,CUST00513,Power Bank,Electronics,North,Marketplace,1,899.0,899.0
101496,2024-06-09,CUST02559,Resistance Bands,Sports & Fitness,East,Online,1,319.2,319.2
106661,2025-10-13,CUST00435,Non-stick Pan Set,Home & Kitchen,East,Online,2,1104.15,2208.3
107187,2025-11-17,CUST00606,Power Bank,Electronics,North,Marketplace,1,809.1,809.1
107481,2025-12-06,CUST01603,Water Bottle,Sports & Fitness,Central,Marketplace,1,296.65,296.65
106782,2025-10-20,CUST01411,Power Bank,Electronics,North,Retail Store,2,809.1,1618.2
104068,2025-01-21,CUST00576,Laptop Stand,Electronics,West,Retail Store,1,799.0,799.0
107521,2025-12-09,CUST02270,Electric Kettle,Home & Kitchen,Central,Marketplace,1,809.1,809.1
102528,2024-09-25,CUST00181,USB-C Cable,Electronics,East,Retail Store,1,249.0,249.0
100288,2024-01-31,CUST02255,Yoga Mat,Sports & Fitness,South,Retail Store,1,599.0,599.0
106458,2025-09-28,CUST01343,Wireless Earbuds,Electronics,East,Online,1,1499.0,1499.0
101388,2024-05-27,CUST01562,USB-C Cable,Electronics,East,Online,1,199.2,199.2
104948,2025-04-23,CUST00062,Electric Kettle,Home & Kitchen,North,Online,1,899.0,899.0
107303,2025-11-25,CUST00387,Trimmer,Beauty & Personal Care,South,Retail Store,1,999.0,999.0
102202,2024-08-26,CUST00466,Denim Jacket,Fashion,North,Marketplace,1,1999.0,1999.0
104085,2025-01-22,CUST01836,Air Fryer,Home & Kitchen,East,Online,1,3499.0,3499.0
106598,2025-10-08,CUST01367,Yoga Mat,Sports & Fitness,North,Online,1,599.0,599.0
103149,2024-11-08,CUST01405,Sunglasses,Fashion,North,Marketplace,1,799.0,799.0
104099,2025-01-24,CUST00930,Bluetooth Speaker,Electronics,West,Online,1,1519.2,1519.2
107290,2025-11-24,CUST02493,Non-stick Pan Set,Home & Kitchen,,Retail Store,1,1299.0,1299.0
100220,2024-01-24,CUST01520,Sunscreen SPF50,Beauty & Personal Care,North,Online,1,449.0,449.0
103170,2024-11-09,CUST02097,Air Fryer,Home & Kitchen,West,Marketplace,2,3499.0,6998.0
102308,2024-09-06,CUST02541,Yoga Mat,Sports & Fitness,North,Online,1,539.1,539.1
101969,2024-08-02,CUST01906,Hair Dryer,Beauty & Personal Care,South,Retail Store,2,959.2,1918.4
100706,2024-03-14,CUST01348,Cotton T-Shirt,Fashion,South,Marketplace,1,599.0,599.0
101845,2024-07-19,CUST01577,Power Bank,Electronics,West,Marketplace,1,899.0,899.0
105570,2025-07-02,CUST02254,Wireless Earbuds,Electronics,South,Online,1,1199.2,1199.2
106767,2025-10-20,CUST00729,Running Shoes,Fashion,Central,Marketplace,1,2499.0,2499.0
101981,2024-08-04,CUST01336,Wireless Earbuds,Electronics,South,Online,1,1499.0,1499.0
100440,2024-02-17,CUST00742,Non-stick Pan Set,Home & Kitchen,West,Online,1,1299.0,1299.0
104433,2025-03-01,CUST01237,Air Fryer,Home & Kitchen,North,Retail Store,1,2974.15,2974.15
106558,2025-10-05,CUST02471,Denim Jacket,Fashion,West,Online,1,1999.0,1999.0
102118,2024-08-18,CUST02533,Bluetooth Speaker,Electronics,West,Online,1,1899.0,1899.0
102640,2024-10-05,CUST00627,Running Shoes,Fashion,North,Online,1,1999.2,1999.2
104796,2025-04-07,CUST00405,Running Shoes,Fashion,West,Retail Store,1,1999.2,1999.2
100925,2024-04-06,CUST00946,Sunglasses,Fashion,West,Retail Store,1,799.0,799.0
105901,2025-08-04,CUST00941,Yoga Mat,Sports & Fitness,North,Retail Store,2,479.2,958.4
103715,2024-12-19,CUST00977,Trimmer,Beauty & Personal Care,Central,Retail Store,1,999.0,999.0
101689,2024-07-03,CUST01427,USB-C Cable,Electronics,North,Marketplace,2,249.0,498.0
103322,2024-11-19,CUST02270,USB-C Cable,Electronics,East,Retail Store,1,224.1,224.1
101690,2024-07-03,CUST01769,Non-stick Pan Set,Home & Kitchen,South,Retail Store,1,1299.0,1299.0
103649,2024-12-14,CUST01391,Face Serum,Beauty & Personal Care,South,Marketplace,1,699.0,699.0
107428,2025-12-03,CUST00382,Electric Kettle,HOME & KITCHEN,South,Online,3,899.0,2697.0
106298,2025-09-13,CUST01444,Wireless Earbuds,Electronics,East,Online,2,1499.0,2998.0
107689,2025-12-24,CUST00045,Air Fryer,Home & Kitchen,East,Online,1,3499.0,3499.0
100903,2024-04-04,CUST01138,Face Serum,Beauty & Personal Care,East,Online,1,699.0,699.0
101135,2024-04-28,CUST00308,Bluetooth Speaker,Electronics,Central,Online,1,1899.0,1899.0
104102,2025-01-24,CUST00836,Backpack,Fashion,,Online,1,1259.1,1259.1
101109,2024-04-27,CUST01069,Resistance Bands,Sports & Fitness,South,Online,2,399.0,798.0
105182,2025-05-17,CUST02281,Electric Kettle,Home & Kitchen,Central,Online,1,899.0,899.0
103060,2024-11-01,CUST01603,Storage Containers,Home & Kitchen,South,Online,3,499.0,1497.0
103048,2024-11-01,CUST00974,Non-stick Pan Set,Home & Kitchen,West,Online,1,1299.0,1299.0
106897,2025-10-28,CUST00906,Sunglasses,Fashion,South,Online,2,679.15,1358.3
105397,2025-06-12,CUST00897,Face Serum,Beauty & Personal Care,North,Online,1,699.0,699.0
106970,2025-11-02,CUST01000,Denim Jacket,Fashion,Central,Online,1,1599.2,1599.2
101146,2024-04-29,CUST01669,Water Bottle,Sports & Fitness,East,Online,1,349.0,349.0
104969,2025-04-24,CUST00822,Sunscreen SPF50,Beauty & Personal Care,East,Online,1,404.1,404.1
102636,2024-10-05,CUST00581,Wireless Earbuds,Electronics,North,Retail Store,1,1499.0,1499.0
104061,2025-01-21,CUST00519,Hair Dryer,Beauty & Personal Care,North,Marketplace,1,1199.0,1199.0
100769,2024-03-21,CUST02520,Laptop Stand,Electronics,North,Online,1,799.0,799.0
104427,2025-03-01,CUST01154,Non-stick Pan Set,Home & Kitchen,East,Online,1,1104.15,1104.15
105002,2025-04-27,CUST00651,Cotton T-Shirt,Fashion,Central,Marketplace,3,599.0,1797.0
107542,2025-12-11,CUST02345,Air Fryer,Home & Kitchen,East,Marketplace,1,3499.0,3499.0
106654,2025-10-12,CUST00963,Bluetooth Speaker,Electronics,Central,Online,1,1899.0,1899.0
100618,2024-03-05,CUST02082,Dumbbell Set,Sports & Fitness,South,Online,1,2199.0,2199.0
101920,2024-07-27,CUST00797,Yoga Mat,Sports & Fitness,North,Retail Store,1,599.0,599.0
102139,2024-08-20,CUST02435,Cotton T-Shirt,Fashion,South,Online,1,599.0,599.0
105617,2025-07-06,CUST01783,Face Serum,Beauty & Personal Care,North,Online,1,629.1,629.1
100796,2024-03-24,CUST00746,Running Shoes,Fashion,North,Online,1,2499.0,2499.0
104901,2025-04-18,CUST02464,Blender,Home & Kitchen,West,Online,1,1599.0,1599.0
106208,2025-09-04,CUST02337,Face Serum,Beauty & Personal Care,South,Retail Store,1,699.0,699.0
107256,2025-11-22,CUST02027,Sunglasses,Fashion,East,Online,1,799.0,799.0
105264,2025-05-26,CUST00134,Air Fryer,Home & Kitchen,West,Retail Store,2,3149.1,6298.2
100638,2024-03-07,CUST00861,Sunglasses,Fashion,East,Online,1,679.15,679.15
104898,2025-04-18,CUST02365,Trimmer,Beauty & Personal Care,West,Retail Store,1,849.15,849.15
105624,2025-07-06,CUST00378,Resistance Bands,Sports & Fitness,North,Retail Store,1,399.0,399.0
100385,2024-02-11,CUST01700,Bluetooth Speaker,Electronics,South,Retail Store,1,1519.2,1519.2
103841,2024-12-29,CUST01057,Face Serum,Beauty & Personal Care,South,Marketplace,1,699.0,699.0
103889,2025-01-02,CUST00331,Electric Kettle,Home & Kitchen,North,Retail Store,2,899.0,1798.0
101326,2024-05-20,CUST00692,Electric Kettle,Home & Kitchen,East,Online,1,899.0,899.0
107045,2025-11-08,CUST01699,Wireless Earbuds,Electronics,South,Online,1,1499.0,1499.0
102165,2024-08-22,CUST01334,Blender,Home & Kitchen,North,Online,1,1599.0,1599.0
105292,2025-06-01,CUST01611,Trimmer,Beauty & Personal Care,West,Retail Store,2,849.15,1698.3
103757,2024-12-22,CUST01970,Running Shoes,Fashion,Central,Retail Store,1,2499.0,2499.0
106493,2025-10-01,CUST01233,USB-C Cable,Electronics,West,Online,3,249.0,747.0
105998,2025-08-13,CUST02270,Running Shoes,Fashion,South,Online,1,2499.0,2499.0
101178,2024-05-04,CUST01936,Bluetooth Speaker,Electronics,South,Retail Store,1,1519.2,1519.2
100158,2024-01-19,CUST00417,Storage Containers,Home & Kitchen,West,Retail Store,1,499.0,499.0
100439,2024-02-17,CUST00765,Resistance Bands,Sports & Fitness,East,Online,1,319.2,319.2
105567,2025-07-01,CUST00637,Air Fryer,Home & Kitchen,Central,Online,1,3149.1,3149.1
105756,2025-07-20,CUST00707,Non-stick Pan Set,Home & Kitchen,East,Retail Store,1,1299.0,1299.0
100670,2024-03-10,CUST00103,Laptop Stand,Electronics,Central,Marketplace,2,799.0,1598.0
101570,2024-06-18,CUST00852,Dumbbell Set,Sports & Fitness,South,Retail Store,1,1979.1,1979.1
107709,2025-12-26,CUST01130,Hair Dryer,Beauty & Personal Care,South,Online,1,1199.0,1199.0
101238,2024-05-10,CUST00845,Sunglasses,Fashion,North,Retail Store,1,799.0,799.0
106490,2025-10-01,CUST02306,Wireless Earbuds,Electronics,South,Retail Store,1,1499.0,1499.0
102921,2024-10-24,CUST02120,Trimmer,Beauty & Personal Care,West,Marketplace,1,999.0,999.0
102305,2024-09-06,CUST01913,Backpack,Fashion,North,Retail Store,1,1259.1,1259.1
107471,2025-12-06,CUST01210,Dumbbell Set,Sports & Fitness,South,Marketplace,2,1979.1,3958.2
101604,2024-06-23,CUST01146,Laptop Stand,Electronics,West,Marketplace,1,799.0,799.0
105708,2025-07-15,CUST00867,Bluetooth Speaker,Electronics,North,Online,1,1899.0,1899.0
104836,2025-04-11,CUST02560,Sunscreen SPF50,Beauty & Personal Care,North,Online,1,381.65,381.65
106272,2025-09-10,CUST01452,USB-C Cable,Electronics,North,Online,3,249.0,747.0
105448,2025-06-17,CUST02126,Water Bottle,Sports & Fitness,South,Retail Store,1,349.0,349.0
106809,2025-10-22,CUST02437,Yoga Mat,Sports & Fitness,South,Marketplace,3,479.2,1437.6
103895,2025-01-02,CUST01020,Backpack,Fashion,East,Retail Store,1,1399.0,1399.0
104549,2025-03-14,CUST01971,Backpack,Fashion,South,Marketplace,1,1399.0,1399.0
106692,2025-10-15,CUST01852,Yoga Mat,Sports & Fitness,South,Online,2,599.0,1198.0
104278,2025-02-12,CUST02077,Laptop Stand,Electronics,South,Marketplace,1,639.2,639.2
101540,2024-06-14,CUST01202,Non-stick Pan Set,Home & Kitchen,South,Marketplace,1,1299.0,1299.0
106882,2025-10-27,CUST01643,Hair Dryer,Beauty & Personal Care,West,Online,2,1199.0,2398.0
107432,2025-12-03,CUST01822,Electric Kettle,Home & Kitchen,South,Online,1,899.0,899.0
100848,2024-03-30,CUST01736,Bluetooth Speaker,Electronics,Central,Online,1,1899.0,1899.0
103025,2024-10-30,CUST02346,Running Shoes,Fashion,North,Marketplace,2,2499.0,4998.0
100462,2024-02-19,CUST02081,Sunglasses,Fashion,West,Online,1,799.0,799.0
105640,2025-07-08,CUST01109,Face Serum,Beauty & Personal Care,South,Retail Store,2,699.0,1398.0
100814,2024-03-26,CUST01592,Water Bottle,Sports & Fitness,North,Online,2,349.0,698.0
102032,2024-08-08,CUST01862,Denim Jacket,Fashion,West,Retail Store,1,1999.0,1999.0
101523,2024-06-13,CUST01137,Backpack,Fashion,Central,Online,1,1399.0,1399.0
101290,2024-05-18,CUST00154,Dumbbell Set,Sports & Fitness,South,Online,1,2199.0,2199.0
101794,2024-07-15,CUST00632,Face Serum,Beauty & Personal Care,West,Retail Store,1,699.0,699.0
101055,2024-04-20,CUST02513,Dumbbell Set,Sports & Fitness,Central,Online,1,2199.0,2199.0
104352,2025-02-21,CUST02471,Face Serum,Beauty & Personal Care,South,Online,1,699.0,699.0
103909,2025-01-04,CUST01230,Bluetooth Speaker,Electronics,Central,Online,1,1899.0,1899.0
102219,2024-08-27,CUST02317,Power Bank,Electronics,South,Retail Store,1,899.0,899.0
101807,2024-07-16,CUST02360,Backpack,Fashion,East,Online,1,1399.0,1399.0
104797,2025-04-07,CUST00137,Wireless Earbuds,Electronics,North,Online,1,1349.1,1349.1
105538,2025-06-28,CUST00780,Smartwatch,Electronics,North,Retail Store,1,2999.0,2999.0
106352,2025-09-19,CUST00069,Yoga Mat,Sports & Fitness,South,Online,1,599.0,599.0
106554,2025-10-05,CUST02290,Smartwatch,Electronics,North,Online,1,2999.0,2999.0
101181,2024-05-04,CUST01563,Air Fryer,Home & Kitchen,North,Online,1,3499.0,3499.0
100178,2024-01-20,CUST01461,Dumbbell Set,Sports & Fitness,West,Online,2,2199.0,4398.0
102379,2024-09-12,CUST02057,Storage Containers,Home & Kitchen,West,Online,2,499.0,998.0
103261,2024-11-15,CUST00847,Trimmer,Beauty & Personal Care,North,Retail Store,1,899.1,899.1
102158,2024-08-21,CUST01156,Hair Dryer,Beauty & Personal Care,North,Retail Store,1,1019.15,1019.15
100737,2024-03-17,CUST02242,Face Serum,Beauty & Personal Care,North,Online,1,594.15,594.15
106933,2025-10-30,CUST00595,Wireless Earbuds,Electronics,North,Marketplace,2,1499.0,2998.0
105399,2025-06-12,CUST01098,Laptop Stand,Electronics,North,Online,1,799.0,799.0
104929,2025-04-21,CUST02243,Storage Containers,Home & Kitchen,South,Online,2,499.0,998.0
104293,2025-02-14,CUST01838,Water Bottle,Sports & Fitness,North,Online,1,349.0,349.0
104408,2025-02-26,CUST01805,Power Bank,Electronics,Central,Online,1,899.0,899.0
100690,2024-03-12,CUST00420,Blender,Home & Kitchen,East,Online,1,1359.15,1359.15
103599,2024-12-10,CUST00331,Air Fryer,Home & Kitchen,South,Online,1,3499.0,3499.0
104851,2025-04-12,CUST00449,Denim Jacket,Fashion,West,Marketplace,1,1799.1,1799.1
101534,2024-06-14,CUST00024,Sunglasses,Fashion,West,Online,1,799.0,799.0
100192,2024-01-21,CUST02073,Storage Containers,Home & Kitchen,West,Online,1,499.0,499.0
102949,2024-10-25,CUST00328,Bluetooth Speaker,Electronics,,Marketplace,1,1899.0,1899.0
102274,2024-09-02,CUST01186,Storage Containers,Home & Kitchen,South,Online,1,499.0,499.0
100653,2024-03-08,CUST01687,Running Shoes,Fashion,West,Online,1,2499.0,2499.0
106473,2025-09-30,CUST00684,Trimmer,Beauty & Personal Care,East,Online,1,999.0,999.0
105982,2025-08-12,CUST01772,Yoga Mat,Sports & Fitness,East,Online,2,599.0,1198.0
102088,2024-08-15,CUST01984,Face Serum,Beauty & Personal Care,South,Online,1,699.0,699.0
103344,2024-11-20,CUST01871,Running Shoes,Fashion,South,Online,2,2499.0,4998.0
102639,2024-10-05,CUST01004,USB-C Cable,Electronics,North,Retail Store,1,211.65,211.65
101459,2024-06-05,CUST02532,Water Bottle,Sports & Fitness,South,Online,1,349.0,349.0
103562,2024-12-06,CUST01715,Smartwatch,Electronics,South,Online,2,2999.0,5998.0
107528,2025-12-10,CUST00574,Bluetooth Speaker,Electronics,North,Online,1,1899.0,1899.0
105371,2025-06-09,CUST01612,Sunscreen SPF50,Beauty & Personal Care,Central,Online,1,449.0,449.0
101943,2024-07-30,CUST00404,Smartwatch,Electronics,North,Marketplace,1,2399.2,2399.2
100896,2024-04-03,CUST00896,Air Fryer,Home & Kitchen,West,Online,1,3499.0,3499.0
107509,2025-12-08,CUST01801,Air Fryer,Home & Kitchen,West,Retail Store,1,2799.2,2799.2
105072,2025-05-05,CUST00986,Air Fryer,Home & Kitchen,East,Marketplace,1,3149.1,3149.1
101733,2024-07-09,CUST00258,Blender,Home & Kitchen,West,Retail Store,2,1599.0,3198.0
106744,2025-10-19,CUST01446,Air Fryer,Home & Kitchen,North,Online,1,3499.0,3499.0
105803,2025-07-25,CUST01082,Sunglasses,Fashion,South,Online,1,799.0,799.0
102356,2024-09-10,CUST01543,Face Serum,Beauty & Personal Care,North,Online,1,699.0,699.0
105377,2025-06-09,CUST01118,USB-C Cable,Electronics,South,Online,2,249.0,498.0
100128,2024-01-15,CUST00292,Air Fryer,Home & Kitchen,West,Online,1,3499.0,3499.0
102166,2024-08-22,CUST01036,Non-stick Pan Set,Home & Kitchen,South,Online,1,1299.0,1299.0
106935,2025-10-31,CUST01268,Bluetooth Speaker,Electronics,East,Online,1,1899.0,1899.0
107735,2025-12-27,CUST00539,Bluetooth Speaker,Electronics,West,Online,1,1899.0,1899.0
103410,2024-11-24,CUST00105,USB-C Cable,Electronics,Central,Retail Store,1,249.0,249.0
100820,2024-03-26,CUST01255,USB-C Cable,Electronics,Central,Online,1,199.2,199.2
102563,2024-09-29,CUST01509,Power Bank,Electronics,North,Online,2,899.0,1798.0
104870,2025-04-14,CUST00877,Dumbbell Set,Sports & Fitness,South,Online,1,2199.0,2199.0
104475,2025-03-06,CUST01122,Power Bank,Electronics,East,Retail Store,2,899.0,1798.0
105195,2025-05-18,CUST02036,Wireless Earbuds,Electronics,East,Retail Store,1,1499.0,1499.0
103083,2024-11-03,CUST02067,Bluetooth Speaker,Electronics,West,Online,1,1519.2,1519.2
105804,2025-07-25,CUST01987,Bluetooth Speaker,Electronics,North,Retail Store,1,1899.0,1899.0
107077,2025-11-09,CUST02524,USB-C Cable,Electronics,South,Retail Store,1,249.0,249.0
104574,2025-03-16,CUST00289,Smartwatch,Electronics,South,Retail Store,2,2999.0,5998.0
103120,2024-11-06,CUST00367,Hair Dryer,Beauty & Personal Care,South,Marketplace,1,1199.0,1199.0
107311,2025-11-25,CUST02376,Sunglasses,Fashion,South,Marketplace,1,799.0,799.0
107386,2025-11-30,CUST01743,Blender,Home & Kitchen,East,Retail Store,1,1599.0,1599.0
105699,2025-07-14,CUST00821,Denim Jacket,Fashion,South,Online,1,1699.15,1699.15
100031,2024-01-04,CUST00627,Resistance Bands,Sports & Fitness,North,Marketplace,1,399.0,399.0
105137,2025-05-12,CUST02470,Resistance Bands,Sports & Fitness,West,Online,1,399.0,399.0
106191,2025-09-02,CUST02394,Sunglasses,Fashion,North,Retail Store,2,799.0,1598.0
107223,2025-11-19,CUST02532,Blender,Home & Kitchen,North,Online,1,1599.0,1599.0
107356,2025-11-28,CUST01416,Non-stick Pan Set,Home & Kitchen,South,Marketplace,1,1299.0,1299.0
102987,2024-10-28,CUST00637,Denim Jacket,Fashion,South,Marketplace,2,1999.0,3998.0
104865,2025-04-14,CUST01663,Cotton T-Shirt,Fashion,South,Online,1,599.0,599.0
107243,2025-11-21,CUST01437,Blender,Home & Kitchen,South,Retail Store,1,1599.0,1599.0
104300,2025-02-15,CUST01055,Blender,Home & Kitchen,East,Online,1,1279.2,1279.2
101850,2024-07-20,CUST02026,Bluetooth Speaker,Electronics,North,Marketplace,1,1614.15,1614.15
101227,2024-05-08,CUST01695,Non-stick Pan Set,HOME & KITCHEN,South,Online,2,1104.15,2208.3
103279,2024-11-17,CUST01170,Cotton T-Shirt,Fashion,North,Online,1,509.15,509.15
100846,2024-03-30,CUST00317,Denim Jacket,Fashion,West,Online,1,1999.0,1999.0
103563,2024-12-06,CUST02088,Face Serum,Beauty & Personal Care,South,Retail Store,1,699.0,699.0
103800,2024-12-25,CUST02553,Water Bottle,Sports & Fitness,West,Retail Store,1,296.65,296.65
106305,2025-09-13,CUST00851,Wireless Earbuds,Electronics,South,Online,2,1349.1,2698.2
104959,2025-04-24,CUST01606,Yoga Mat,Sports & Fitness,South,Online,1,599.0,599.0
104817,2025-04-09,CUST02116,Sunglasses,Fashion,East,Marketplace,1,799.0,799.0
104717,2025-03-30,CUST02051,Smartwatch,Electronics,South,Online,1,2999.0,2999.0
100928,2024-04-07,CUST01772,Denim Jacket,Fashion,South,Retail Store,1,1799.1,1799.1
100863,2024-03-31,CUST01548,Sunglasses,Fashion,South,Online,1,799.0,799.0
106711,2025-10-17,CUST01460,Wireless Earbuds,Electronics,East,Retail Store,1,1274.15,1274.15
107515,2025-12-08,CUST00111,Wireless Earbuds,Electronics,South,Online,1,1499.0,1499.0
100451,2024-02-18,CUST02130,Resistance Bands,Sports & Fitness,South,Retail Store,1,399.0,399.0
104114,2025-01-25,CUST01498,Running Shoes,Fashion,Central,Online,1,2499.0,2499.0
102883,2024-10-21,CUST01328,Face Serum,Beauty & Personal Care,East,Online,1,699.0,699.0
107146,2025-11-14,CUST02196,Denim Jacket,Fashion,South,Marketplace,1,1999.0,1999.0
104364,2025-02-23,CUST02250,Backpack,Fashion,South,Online,2,1399.0,2798.0
106125,2025-08-26,CUST02008,Smartwatch,Electronics,West,Retail Store,1,2999.0,2999.0
101120,2024-04-27,CUST02310,Hair Dryer,Beauty & Personal Care,South,Retail Store,1,959.2,959.2
101914,2024-07-27,CUST01375,Resistance Bands,Sports & Fitness,South,Retail Store,1,399.0,399.0
101782,2024-07-14,CUST00174,Dumbbell Set,Sports & Fitness,South,Online,1,1869.15,1869.15
101787,2024-07-14,CUST00952,USB-C Cable,Electronics,North,Online,1,224.1,224.1
100325,2024-02-03,CUST00860,Storage Containers,Home & Kitchen,North,Online,2,499.0,998.0
107429,2025-12-03,CUST00878,Laptop Stand,Electronics,South,Online,1,799.0,799.0
106617,2025-10-09,CUST00350,Running Shoes,Fashion,West,Online,1,2499.0,2499.0
106901,2025-10-28,CUST01196,Wireless Earbuds,Electronics,Central,Retail Store,1,1349.1,1349.1
106687,2025-10-15,CUST02123,Wireless Earbuds,Electronics,West,Retail Store,1,1499.0,1499.0
100457,2024-02-19,CUST02410,Dumbbell Set,Sports & Fitness,South,Retail Store,1,2199.0,2199.0
107160,2025-11-15,CUST02402,Air Fryer,Home & Kitchen,West,Retail Store,2,3499.0,6998.0
101354,2024-05-24,CUST00793,Yoga Mat,Sports & Fitness,South,Retail Store,2,599.0,1198.0
104950,2025-04-23,CUST01503,Denim Jacket,Fashion,Central,Online,1,1999.0,1999.0
105821,2025-07-27,CUST01406,Hair Dryer,Beauty & Personal Care,Central,Online,2,1199.0,2398.0
106834,2025-10-24,CUST01575,USB-C Cable,Electronics,South,Online,1,249.0,249.0
100431,2024-02-16,CUST02436,Sunglasses,Fashion,East,Retail Store,1,799.0,799.0
106850,2025-10-25,CUST02433,Smartwatch,Electronics,Central,Online,1,2999.0,2999.0
103155,2024-11-08,CUST00684,Cotton T-Shirt,Fashion,West,Marketplace,1,599.0,599.0
107206,2025-11-18,CUST01410,Non-stick Pan Set,Home & Kitchen,West,Marketplace,1,1299.0,1299.0
107516,2025-12-08,CUST02328,Backpack,Fashion,East,Online,1,1399.0,1399.0
105118,2025-05-10,CUST00943,Power Bank,Electronics,South,Retail Store,1,899.0,899.0
101959,2024-08-01,CUST02235,Dumbbell Set,Sports & Fitness,South,Online,3,2199.0,6597.0
107137,2025-11-13,CUST01605,Blender,Home & Kitchen,South,Online,1,1599.0,1599.0
102063,2024-08-11,CUST01084,Dumbbell Set,Sports & Fitness,East,Retail Store,1,2199.0,2199.0
101882,2024-07-22,CUST00825,Blender,Home & Kitchen,West,Online,1,1279.2,1279.2
101737,2024-07-10,CUST01919,Yoga Mat,Sports & Fitness,North,Online,1,599.0,599.0
100410,2024-02-14,CUST00392,Storage Containers,Home & Kitchen,North,Online,1,399.2,399.2
105121,2025-05-11,CUST00110,Water Bottle,Sports & Fitness,North,Marketplace,1,349.0,349.0
102521,2024-09-25,CUST00499,Hair Dryer,Beauty & Personal Care,South,Online,1,1199.0,1199.0
102881,2024-10-21,CUST01276,Face Serum,Beauty & Personal Care,North,Retail Store,1,699.0,699.0
106888,2025-10-27,CUST00714,Wireless Earbuds,Electronics,West,Retail Store,1,1499.0,1499.0
102435,2024-09-16,CUST00007,Sunscreen SPF50,Beauty & Personal Care,South,Online,2,449.0,898.0
105155,2025-05-14,CUST01713,Yoga Mat,Sports & Fitness,North,Retail Store,2,599.0,1198.0
100137,2024-01-17,CUST00431,Face Serum,Beauty & Personal Care,West,Retail Store,1,699.0,699.0
103987,2025-01-12,CUST02222,Dumbbell Set,Sports & Fitness,North,Retail Store,1,2199.0,2199.0
103694,2024-12-17,CUST00323,Cotton T-Shirt,Fashion,South,Online,1,599.0,599.0
103678,2024-12-16,CUST02579,Bluetooth Speaker,Electronics,South,Retail Store,1,1899.0,1899.0
102926,2024-10-24,CUST01386,Cotton T-Shirt,Fashion,South,Retail Store,2,599.0,1198.0
104326,2025-02-18,CUST02491,Smartwatch,Electronics,South,Retail Store,2,2549.15,5098.3
104422,2025-03-01,CUST01628,Laptop Stand,Electronics,West,Online,1,799.0,799.0
102129,2024-08-18,CUST02289,Yoga Mat,Sports & Fitness,North,Online,1,599.0,599.0
103759,2024-12-22,CUST01646,Water Bottle,Sports & Fitness,North,Online,1,349.0,349.0
106732,2025-10-18,CUST02057,Denim Jacket,Fashion,South,Online,1,1699.15,1699.15
107675,2025-12-23,CUST01977,Water Bottle,Sports & Fitness,South,Online,1,279.2,279.2
106881,2025-10-27,CUST00834,Face Serum,Beauty & Personal Care,North,Retail Store,1,699.0,699.0
107585,2025-12-15,CUST01880,Storage Containers,Home & Kitchen,South,Online,1,499.0,499.0
100802,2024-03-24,CUST02586,Running Shoes,Fashion,Central,Online,1,2499.0,2499.0
105690,2025-07-13,CUST00989,Yoga Mat,Sports & Fitness,North,Retail Store,2,599.0,1198.0
101948,2024-07-31,CUST00696,Backpack,Fashion,North,Online,1,1259.1,1259.1
106042,2025-08-17,CUST02305,Smartwatch,Electronics,Central,Marketplace,1,2999.0,2999.0
102901,2024-10-22,CUST01298,Laptop Stand,ELECTRONICS,South,Online,1,679.15,679.15
100533,2024-02-26,CUST00218,Air Fryer,Home & Kitchen,South,Online,1,2799.2,2799.2
102281,2024-09-04,CUST00576,Sunglasses,Fashion,North,Retail Store,1,799.0,799.0
106634,2025-10-11,CUST02490,Resistance Bands,Sports & Fitness,West,Retail Store,1,319.2,319.2
104568,2025-03-16,CUST01826,Blender,Home & Kitchen,South,Retail Store,2,1599.0,3198.0
104938,2025-04-22,CUST00527,Backpack,Fashion,North,Online,1,1189.15,1189.15
107591,2025-12-15,CUST00186,Hair Dryer,Beauty & Personal Care,East,Online,1,1199.0,1199.0
104958,2025-04-24,CUST00704,Sunscreen SPF50,Beauty & Personal Care,South,Online,1,404.1,404.1
104587,2025-03-17,CUST00272,Wireless Earbuds,Electronics,East,Online,1,1499.0,1499.0
104788,2025-04-06,CUST01936,Blender,Home & Kitchen,South,Online,1,1599.0,1599.0
103892,2025-01-02,CUST00134,Face Serum,Beauty & Personal Care,South,Online,1,559.2,559.2
100340,2024-02-05,CUST00812,Running Shoes,Fashion,Central,Retail Store,1,2499.0,2499.0
102652,2024-10-06,CUST00580,Sunglasses,Fashion,South,Retail Store,2,799.0,1598.0
100540,2024-02-27,CUST02020,Smartwatch,Electronics,South,Online,1,2399.2,2399.2
103907,2025-01-04,CUST01346,Hair Dryer,Beauty & Personal Care,South,Online,1,1199.0,1199.0
104548,2025-03-14,CUST01678,Resistance Bands,Sports & Fitness,South,Online,1,399.0,399.0
103341,2024-11-20,CUST00515,Yoga Mat,Sports & Fitness,North,Marketplace,1,539.1,539.1
103598,2024-12-09,CUST00739,Cotton T-Shirt,Fashion,West,Online,1,479.2,479.2
106338,2025-09-16,CUST01958,Backpack,Fashion,South,Online,1,1399.0,1399.0
104749,2025-04-02,CUST00611,Sunglasses,Fashion,Central,Retail Store,2,679.15,1358.3
105531,2025-06-28,CUST02539,Face Serum,Beauty & Personal Care,North,Online,1,559.2,559.2
106764,2025-10-19,CUST01692,Wireless Earbuds,Electronics,West,Marketplace,2,1349.1,2698.2
104157,2025-01-30,CUST00359,Blender,Home & Kitchen,,Online,1,1599.0,1599.0
100035,2024-01-04,CUST01511,Trimmer,Beauty & Personal Care,North,Marketplace,1,999.0,999.0
104779,2025-04-05,CUST01287,Smartwatch,ELECTRONICS,East,Marketplace,1,2999.0,2999.0
104614,2025-03-20,CUST01359,Running Shoes,Fashion,North,Marketplace,2,2499.0,4998.0
104330,2025-02-19,CUST01387,USB-C Cable,Electronics,West,Online,2,211.65,423.3
100744,2024-03-17,CUST02444,Trimmer,Beauty & Personal Care,East,Online,1,999.0,999.0
102600,2024-10-02,CUST00256,Air Fryer,Home & Kitchen,South,Retail Store,1,3499.0,3499.0
106682,2025-10-15,CUST02199,USB-C Cable,Electronics,South,Retail Store,1,249.0,249.0
103342,2024-11-20,CUST01859,Water Bottle,Sports & Fitness,West,Marketplace,1,349.0,349.0
104712,2025-03-29,CUST01963,Laptop Stand,Electronics,East,Online,1,799.0,799.0
100904,2024-04-04,CUST00680,Dumbbell Set,Sports & Fitness,South,Retail Store,1,2199.0,2199.0
104461,2025-03-04,CUST01405,Dumbbell Set,Sports & Fitness,South,Marketplace,1,2199.0,2199.0
105783,2025-07-22,CUST01435,Storage Containers,Home & Kitchen,,Online,1,449.1,449.1
100263,2024-01-28,CUST00709,Hair Dryer,Beauty & Personal Care,North,Marketplace,1,1199.0,1199.0
101917,2024-07-27,CUST00162,Hair Dryer,Beauty & Personal Care,North,Retail Store,1,1199.0,1199.0
104415,2025-02-27,CUST01426,Sunglasses,Fashion,West,Retail Store,1,799.0,799.0
107658,2025-12-22,CUST00652,Air Fryer,Home & Kitchen,North,Online,1,2974.15,2974.15
106962,2025-11-01,CUST00616,Sunscreen SPF50,Beauty & Personal Care,North,Retail Store,2,449.0,898.0
103179,2024-11-10,CUST01062,Bluetooth Speaker,Electronics,North,Online,2,1899.0,3798.0
105394,2025-06-11,CUST00285,Sunscreen SPF50,Beauty & Personal Care,West,Online,1,449.0,449.0
103422,2024-11-25,CUST00685,Water Bottle,Sports & Fitness,South,Marketplace,3,314.1,942.3
102297,2024-09-05,CUST01160,Air Fryer,Home & Kitchen,East,Online,1,3149.1,3149.1
107692,2025-12-25,CUST00487,Running Shoes,Fashion,Central,Marketplace,1,2499.0,2499.0
107699,2025-12-25,CUST02594,Yoga Mat,Sports & Fitness,South,Online,1,599.0,599.0
107227,2025-11-19,CUST00998,Sunglasses,Fashion,Central,Retail Store,1,799.0,799.0
107121,2025-11-12,CUST01776,Storage Containers,Home & Kitchen,North,Retail Store,1,499.0,499.0
107513,2025-12-08,CUST02222,Power Bank,Electronics,West,Online,1,809.1,809.1
106077,2025-08-21,CUST02152,Laptop Stand,Electronics,East,Online,1,719.1,719.1
104946,2025-04-23,CUST01815,Non-stick Pan Set,Home & Kitchen,South,Marketplace,2,1299.0,2598.0
104323,2025-02-17,CUST01185,Non-stick Pan Set,Home & Kitchen,East,Online,1,1169.1,1169.1
104196,2025-02-03,CUST01945,Hair Dryer,Beauty & Personal Care,West,Online,1,1199.0,1199.0
103708,2024-12-18,CUST00438,Water Bottle,Sports & Fitness,Central,Retail Store,1,314.1,314.1
102170,2024-08-22,CUST00894,Blender,Home & Kitchen,West,Marketplace,1,1599.0,1599.0
102838,2024-10-18,CUST01965,Non-stick Pan Set,Home & Kitchen,South,Marketplace,2,1299.0,2598.0
103769,2024-12-22,CUST02058,USB-C Cable,Electronics,South,Online,2,249.0,498.0
106261,2025-09-09,CUST01773,Hair Dryer,Beauty & Personal Care,South,Online,3,1079.1,3237.3
106774,2025-10-20,CUST01103,Smartwatch,Electronics,North,Online,1,2999.0,2999.0
103781,2024-12-23,CUST02285,Wireless Earbuds,Electronics,West,Online,2,1499.0,2998.0
100498,2024-02-22,CUST02565,Running Shoes,Fashion,North,Marketplace,1,2499.0,2499.0
101860,2024-07-21,CUST02051,Sunglasses,Fashion,West,Online,1,799.0,799.0
102479,2024-09-21,CUST00503,Running Shoes,Fashion,West,Marketplace,1,1999.2,1999.2
105636,2025-07-08,CUST00510,Running Shoes,Fashion,Central,Online,1,2499.0,2499.0
107054,2025-11-08,CUST01257,Hair Dryer,Beauty & Personal Care,North,Marketplace,1,1199.0,1199.0
105462,2025-06-18,CUST00764,Face Serum,Beauty & Personal Care,North,Marketplace,1,699.0,699.0
105983,2025-08-12,CUST02238,Storage Containers,Home & Kitchen,North,Marketplace,1,499.0,499.0
103080,2024-11-03,CUST01110,Yoga Mat,Sports & Fitness,Central,Retail Store,1,599.0,599.0
100998,2024-04-13,CUST00581,Non-stick Pan Set,Home & Kitchen,North,Retail Store,1,1299.0,1299.0
103684,2024-12-17,CUST01529,Smartwatch,Electronics,Central,Retail Store,2,2999.0,5998.0
101663,2024-06-30,CUST00498,Running Shoes,Fashion,East,Online,1,2499.0,2499.0
103717,2024-12-19,CUST01307,Storage Containers,Home & Kitchen,,Retail Store,1,499.0,499.0
106284,2025-09-11,CUST02457,Face Serum,Beauty & Personal Care,West,Online,3,629.1,1887.3
100235,2024-01-26,CUST00895,Cotton T-Shirt,Fashion,North,Marketplace,1,539.1,539.1
103524,2024-12-03,CUST01843,Power Bank,Electronics,South,Retail Store,1,899.0,899.0
102082,2024-08-14,CUST01844,Power Bank,Electronics,West,Online,1,899.0,899.0
101118,2024-04-27,CUST00119,Wireless Earbuds,Electronics,West,Online,1,1499.0,1499.0
104047,2025-01-19,CUST02545,Running Shoes,Fashion,West,Online,1,2499.0,2499.0
100199,2024-01-22,CUST02083,Hair Dryer,Beauty & Personal Care,South,Marketplace,1,1019.15,1019.15
106242,2025-09-07,CUST01193,Backpack,Fashion,West,Online,1,1189.15,1189.15
106876,2025-10-27,CUST00462,Bluetooth Speaker,Electronics,West,Online,1,1614.15,1614.15
106314,2025-09-14,CUST01724,Power Bank,Electronics,North,Online,2,899.0,1798.0
103669,2024-12-16,CUST01151,Denim Jacket,Fashion,West,Online,1,1599.2,1599.2
100548,2024-02-28,CUST00750,Running Shoes,Fashion,North,Online,1,2499.0,2499.0
105313,2025-06-03,CUST01362,Yoga Mat,Sports & Fitness,Central,Online,3,479.2,1437.6
104038,2025-01-19,CUST01769,Air Fryer,Home & Kitchen,South,Online,1,3499.0,3499.0
104495,2025-03-08,CUST01027,Resistance Bands,Sports & Fitness,Central,Online,1,399.0,399.0
105217,2025-05-22,CUST00822,Electric Kettle,Home & Kitchen,South,Online,1,899.0,899.0
105778,2025-07-21,CUST01499,Sunglasses,Fashion,West,Online,0,799.0,799.0
100565,2024-03-01,CUST02512,Wireless Earbuds,Electronics,West,Online,1,1499.0,1499.0
105777,2025-07-21,CUST01051,Backpack,Fashion,West,Online,1,1189.15,1189.15
103162,2024-11-09,CUST00293,Non-stick Pan Set,Home & Kitchen,South,Retail Store,2,1299.0,2598.0
102797,2024-10-15,CUST01485,Running Shoes,Fashion,South,Online,1,2249.1,2249.1
100238,2024-01-26,CUST02492,Cotton T-Shirt,Fashion,North,Retail Store,1,509.15,509.15
101051,2024-04-20,CUST02081,Face Serum,Beauty & Personal Care,South,Online,1,699.0,699.0
107483,2025-12-06,CUST00480,Face Serum,Beauty & Personal Care,East,Retail Store,1,699.0,699.0
103396,2024-11-23,CUST02036,Power Bank,Electronics,East,Online,1,899.0,899.0
106534,2025-10-04,CUST01845,Water Bottle,SPORTS & FITNESS,South,Online,1,349.0,349.0
103848,2024-12-29,CUST01200,Blender,Home & Kitchen,Central,Retail Store,1,1599.0,1599.0
100299,2024-02-01,CUST00639,Sunscreen SPF50,Beauty & Personal Care,South,Online,2,449.0,898.0
103558,2024-12-06,CUST02239,Air Fryer,Home & Kitchen,West,Retail Store,2,3499.0,6998.0
101117,2024-04-27,CUST01044,Sunscreen SPF50,Beauty & Personal Care,East,Marketplace,1,449.0,449.0
101804,2024-07-16,CUST02428,Resistance Bands,Sports & Fitness,Central,Retail Store,1,399.0,399.0
105950,2025-08-09,CUST00617,Water Bottle,Sports & Fitness,East,Online,1,349.0,349.0
101439,2024-06-02,CUST00244,Smartwatch,Electronics,South,Marketplace,1,2399.2,2399.2
102979,2024-10-27,CUST01323,Wireless Earbuds,Electronics,East,Marketplace,3,1499.0,4497.0
106297,2025-09-13,CUST00888,Sunglasses,Fashion,South,Online,1,639.2,639.2
107505,2025-12-07,CUST01471,Running Shoes,Fashion,East,Online,1,2499.0,2499.0
100456,2024-02-19,CUST02582,Smartwatch,Electronics,South,Marketplace,1,2999.0,2999.0
106248,2025-09-08,CUST00185,Water Bottle,Sports & Fitness,South,Marketplace,1,349.0,349.0
104320,2025-02-17,CUST01067,Blender,Home & Kitchen,East,Online,1,1599.0,1599.0
104467,2025-03-05,CUST01298,USB-C Cable,Electronics,East,Online,1,224.1,224.1
100106,2024-01-13,CUST01070,Laptop Stand,Electronics,West,Online,1,719.1,719.1
101894,2024-07-24,CUST02054,Water Bottle,Sports & Fitness,South,Online,1,279.2,279.2
103379,2024-11-23,CUST00921,Cotton T-Shirt,Fashion,West,Online,1,539.1,539.1
107552,2025-12-12,CUST01229,Trimmer,Beauty & Personal Care,South,Retail Store,1,999.0,999.0
105727,2025-07-17,CUST01524,Sunglasses,Fashion,West,Retail Store,1,799.0,799.0
105087,2025-05-07,CUST01090,Storage Containers,Home & Kitchen,Central,Marketplace,1,499.0,499.0
100823,2024-03-26,CUST00558,Hair Dryer,Beauty & Personal Care,West,Retail Store,1,1199.0,1199.0
101006,2024-04-14,CUST00781,Laptop Stand,Electronics,North,Online,1,799.0,799.0
107408,2025-12-01,CUST00716,Trimmer,Beauty & Personal Care,East,Online,2,899.1,1798.2
102654,2024-10-06,CUST00253,Non-stick Pan Set,Home & Kitchen,North,Retail Store,1,1299.0,1299.0
104748,2025-04-01,CUST00507,Yoga Mat,Sports & Fitness,Central,Online,1,599.0,599.0
105388,2025-06-10,CUST01203,Running Shoes,Fashion,North,Online,2,2499.0,4998.0
107001,2025-11-05,CUST00423,Blender,Home & Kitchen,West,Online,3,1599.0,4797.0
107414,2025-12-02,CUST02476,Cotton T-Shirt,Fashion,,Online,1,599.0,599.0
107046,2025-11-08,CUST02543,Blender,Home & Kitchen,East,Online,1,1599.0,1599.0
100627,2024-03-06,CUST00459,Sunglasses,Fashion,North,Retail Store,1,799.0,799.0
101365,2024-05-25,CUST02206,Running Shoes,Fashion,North,Online,1,2499.0,2499.0
103830,2024-12-28,CUST01681,Air Fryer,Home & Kitchen,West,Retail Store,1,3149.1,3149.1
100024,2024-01-03,CUST00694,Sunscreen SPF50,Beauty & Personal Care,South,Online,1,449.0,449.0
106805,2025-10-22,CUST00103,Hair Dryer,Beauty & Personal Care,South,Marketplace,1,1199.0,1199.0
107171,2025-11-16,CUST00965,Backpack,Fashion,South,Online,1,1399.0,1399.0
107309,2025-11-25,CUST01284,Storage Containers,Home & Kitchen,East,Online,1,499.0,499.0
100721,2024-03-16,CUST01881,Blender,Home & Kitchen,East,Marketplace,1,1599.0,1599.0
102844,2024-10-18,CUST00662,Electric Kettle,Home & Kitchen,Central,Online,1,899.0,899.0
107520,2025-12-09,CUST01466,Smartwatch,Electronics,East,Online,2,2999.0,5998.0
107707,2025-12-26,CUST02051,Dumbbell Set,Sports & Fitness,West,Retail Store,1,2199.0,2199.0
102878,2024-10-21,CUST00382,Electric Kettle,Home & Kitchen,South,Online,1,899.0,899.0
104168,2025-01-31,CUST00792,Power Bank,Electronics,South,Marketplace,2,899.0,1798.0
103910,2025-01-04,CUST00562,Denim Jacket,Fashion,North,Online,1,1999.0,1999.0
101211,2024-05-07,CUST02339,Water Bottle,Sports & Fitness,North,Online,1,349.0,349.0
100179,2024-01-21,CUST01061,Face Serum,Beauty & Personal Care,South,Online,1,699.0,699.0
106439,2025-09-27,CUST02513,Dumbbell Set,Sports & Fitness,North,Retail Store,1,1979.1,1979.1
100620,2024-03-05,CUST02593,Cotton T-Shirt,Fashion,West,Marketplace,2,599.0,1198.0
105081,2025-05-06,CUST02298,Cotton T-Shirt,Fashion,North,Marketplace,1,539.1,539.1
102624,2024-10-04,CUST02407,Water Bottle,Sports & Fitness,South,Online,1,349.0,349.0
107170,2025-11-16,CUST02238,Hair Dryer,Beauty & Personal Care,West,Online,1,1199.0,1199.0
105923,2025-08-06,CUST00175,Water Bottle,Sports & Fitness,East,Retail Store,1,349.0,349.0
105857,2025-07-31,CUST01414,Air Fryer,Home & Kitchen,West,Marketplace,1,3499.0,3499.0
106816,2025-10-23,CUST00165,Trimmer,Beauty & Personal Care,West,Marketplace,2,999.0,1998.0
106143,2025-08-28,CUST00304,Bluetooth Speaker,Electronics,North,Marketplace,1,1709.1,1709.1
106500,2025-10-02,CUST01042,Smartwatch,Electronics,South,Online,1,2999.0,2999.0
105541,2025-06-28,CUST00883,Yoga Mat,Sports & Fitness,North,Retail Store,1,599.0,599.0
105925,2025-08-06,CUST00385,Face Serum,Beauty & Personal Care,North,Retail Store,1,699.0,699.0
101933,2024-07-28,CUST01914,Smartwatch,Electronics,North,Online,3,2999.0,8997.0
107373,2025-11-29,CUST00108,Smartwatch,Electronics,East,Retail Store,1,2999.0,2999.0
106335,2025-09-16,CUST01513,Blender,Home & Kitchen,Central,Online,2,1439.1,2878.2
107673,2025-12-23,CUST02193,Denim Jacket,Fashion,West,Retail Store,1,1799.1,1799.1
105225,2025-05-23,CUST02029,Cotton T-Shirt,Fashion,North,Online,1,599.0,599.0
107192,2025-11-17,CUST00312,Denim Jacket,Fashion,East,Online,1,1699.15,1699.15
100041,2024-01-05,CUST01073,Air Fryer,Home & Kitchen,South,Online,1,2974.15,2974.15
107142,2025-11-14,CUST02008,Resistance Bands,Sports & Fitness,West,Online,1,399.0,399.0
103133,2024-11-07,CUST02440,Resistance Bands,Sports & Fitness,West,Retail Store,1,339.15,339.15
105024,2025-04-29,CUST00624,Laptop Stand,Electronics,North,Online,2,799.0,1598.0
106853,2025-10-25,CUST01857,Dumbbell Set,Sports & Fitness,South,Online,1,2199.0,2199.0
107082,2025-11-10,CUST01163,Backpack,Fashion,West,Retail Store,1,1399.0,1399.0
106155,2025-08-30,CUST02237,Sunscreen SPF50,Beauty & Personal Care,West,Online,1,449.0,449.0
106304,2025-09-13,CUST00644,Wireless Earbuds,Electronics,East,Online,1,1199.2,1199.2
107616,2025-12-18,CUST00293,Wireless Earbuds,Electronics,South,Online,1,1349.1,1349.1
100528,2024-02-25,CUST01554,Laptop Stand,Electronics,South,Online,2,799.0,1598.0
103490,2024-11-30,CUST01560,Blender,Home & Kitchen,South,Online,1,1599.0,1599.0
103296,2024-11-17,CUST00469,Yoga Mat,Sports & Fitness,South,Marketplace,1,599.0,599.0
102319,2024-09-07,CUST00893,Storage Containers,Home & Kitchen,East,Retail Store,1,499.0,499.0
102692,2024-10-08,CUST01942,Storage Containers,Home & Kitchen,West,Retail Store,1,499.0,499.0
106585,2025-10-07,CUST00330,Hair Dryer,Beauty & Personal Care,South,Retail Store,1,1199.0,1199.0
103972,2025-01-11,CUST00307,Electric Kettle,Home & Kitchen,North,Online,1,899.0,899.0
100911,2024-04-05,CUST02041,USB-C Cable,Electronics,East,Online,1,249.0,249.0
102542,2024-09-28,CUST01190,Running Shoes,Fashion,Central,Online,1,2249.1,2249.1
102006,2024-08-06,CUST00888,Storage Containers,Home & Kitchen,East,Online,1,499.0,499.0
100559,2024-02-29,CUST01438,Denim Jacket,Fashion,South,Online,1,1799.1,1799.1
100125,2024-01-14,CUST00094,Power Bank,Electronics,Central,Online,1,899.0,899.0
101471,2024-06-06,CUST00182,Yoga Mat,Sports & Fitness,North,Retail Store,1,599.0,599.0
104758,2025-04-03,CUST00579,USB-C Cable,Electronics,Central,Online,1,249.0,249.0
105031,2025-05-01,CUST01897,Yoga Mat,Sports & Fitness,West,Online,1,599.0,599.0
105653,2025-07-10,CUST02157,Cotton T-Shirt,Fashion,South,Retail Store,1,599.0,599.0
101775,2024-07-13,CUST02386,Denim Jacket,Fashion,South,Online,1,1599.2,1599.2
101213,2024-05-07,CUST02409,Laptop Stand,Electronics,East,Online,1,799.0,799.0
101184,2024-05-04,CUST00292,Laptop Stand,Electronics,North,Marketplace,1,799.0,799.0
100225,2024-01-25,CUST00013,Water Bottle,Sports & Fitness,North,Retail Store,1,349.0,349.0
101952,2024-08-01,CUST00213,Wireless Earbuds,Electronics,North,Online,1,1274.15,1274.15
104600,2025-03-18,CUST01657,Wireless Earbuds,Electronics,North,Marketplace,1,1499.0,1499.0
100429,2024-02-16,CUST00551,Sunglasses,Fashion,West,Online,1,799.0,799.0
107654,2025-12-21,CUST01767,Trimmer,Beauty & Personal Care,West,Online,1,999.0,999.0
101372,2024-05-26,CUST01760,Bluetooth Speaker,Electronics,South,Online,1,1709.1,1709.1
107448,2025-12-04,CUST02111,Running Shoes,Fashion,East,Marketplace,1,2499.0,2499.0
103252,2024-11-14,CUST02108,Non-stick Pan Set,Home & Kitchen,South,Retail Store,1,1299.0,1299.0
100828,2024-03-28,CUST01546,Hair Dryer,Beauty & Personal Care,South,Retail Store,1,1199.0,1199.0
103310,2024-11-18,CUST00279,Wireless Earbuds,Electronics,North,Online,1,1499.0,1499.0
103745,2024-12-21,CUST01337,Water Bottle,Sports & Fitness,South,Online,2,349.0,698.0
102526,2024-09-25,CUST02194,Water Bottle,Sports & Fitness,South,Retail Store,1,349.0,349.0
101672,2024-07-01,CUST01014,Cotton T-Shirt,Fashion,South,Online,1,599.0,599.0
102859,2024-10-19,CUST00282,Electric Kettle,Home & Kitchen,Central,Online,1,764.15,764.15
101278,2024-05-15,CUST00233,Water Bottle,Sports & Fitness,South,Online,2,296.65,593.3
100746,2024-03-17,CUST02219,Wireless Earbuds,Electronics,South,Marketplace,1,1499.0,1499.0
100142,2024-01-18,CUST01762,Trimmer,Beauty & Personal Care,West,Retail Store,1,799.2,799.2
105615,2025-07-06,CUST01401,Electric Kettle,Home & Kitchen,Central,Online,1,899.0,899.0
104991,2025-04-26,CUST00185,Water Bottle,Sports & Fitness,North,Online,2,349.0,698.0
102249,2024-08-31,CUST00476,Hair Dryer,Beauty & Personal Care,South,Online,1,1019.15,1019.15
100455,2024-02-19,CUST02292,Sunscreen SPF50,Beauty & Personal Care,,Retail Store,1,404.1,404.1
100507,2024-02-23,CUST02019,Bluetooth Speaker,Electronics,North,Marketplace,1,1899.0,1899.0
107713,2025-12-26,CUST01924,Sunscreen SPF50,Beauty & Personal Care,North,Online,1,449.0,449.0
100441,2024-02-17,CUST00081,Yoga Mat,Sports & Fitness,East,Retail Store,1,599.0,599.0
103251,2024-11-14,CUST00017,Laptop Stand,Electronics,East,Retail Store,1,799.0,799.0
101828,2024-07-18,CUST01212,Denim Jacket,Fashion,West,Online,2,1699.15,3398.3
100111,2024-01-13,CUST01044,Trimmer,Beauty & Personal Care,Central,Retail Store,1,849.15,849.15
105506,2025-06-24,CUST00274,Air Fryer,Home & Kitchen,West,Online,1,3499.0,3499.0
102997,2024-10-28,CUST00364,USB-C Cable,Electronics,South,Marketplace,1,211.65,211.65
104540,2025-03-13,CUST01239,Electric Kettle,Home & Kitchen,West,Retail Store,2,899.0,1798.0
105367,2025-06-08,CUST02204,Denim Jacket,Fashion,East,Online,1,1999.0,1999.0
106530,2025-10-04,CUST00523,Face Serum,Beauty & Personal Care,North,Online,1,699.0,699.0
100985,2024-04-13,CUST01602,Backpack,Fashion,West,Retail Store,3,1399.0,4197.0
107474,2025-12-06,CUST00686,Air Fryer,Home & Kitchen,Central,Online,3,3499.0,10497.0
101746,2024-07-11,CUST01139,Trimmer,Beauty & Personal Care,Central,Online,1,849.15,849.15
101583,2024-06-20,CUST01696,Power Bank,Electronics,North,Retail Store,1,899.0,899.0
102448,2024-09-17,CUST00202,Yoga Mat,Sports & Fitness,North,Online,1,599.0,599.0
105055,2025-05-03,CUST01363,Bluetooth Speaker,Electronics,South,Online,1,1614.15,1614.15
103099,2024-11-04,CUST00831,Cotton T-Shirt,Fashion,,Marketplace,1,479.2,479.2
105731,2025-07-17,CUST01742,Bluetooth Speaker,Electronics,East,Online,1,1899.0,1899.0
100377,2024-02-10,CUST01519,Non-stick Pan Set,Home & Kitchen,South,Marketplace,1,1299.0,1299.0
107295,2025-11-24,CUST00055,Smartwatch,Electronics,West,Marketplace,1,2699.1,2699.1
100206,2024-01-23,CUST02536,Resistance Bands,Sports & Fitness,West,Online,1,399.0,399.0
102195,2024-08-25,CUST00815,Hair Dryer,Beauty & Personal Care,North,Retail Store,1,1019.15,1019.15
104798,2025-04-07,CUST00143,Laptop Stand,Electronics,West,Online,2,799.0,1598.0
104681,2025-03-26,CUST02499,Trimmer,Beauty & Personal Care,South,Online,1,999.0,999.0
106906,2025-10-29,CUST01547,Sunglasses,Fashion,South,Online,1,799.0,799.0
102179,2024-08-23,CUST00007,Water Bottle,Sports & Fitness,North,Retail Store,2,349.0,698.0
103702,2024-12-18,CUST02088,USB-C Cable,Electronics,West,Online,1,249.0,249.0
103529,2024-12-03,CUST02589,USB-C Cable,Electronics,North,Online,1,249.0,249.0
100419,2024-02-15,CUST01137,Blender,Home & Kitchen,West,Marketplace,1,1599.0,1599.0
100284,2024-01-30,CUST01962,Bluetooth Speaker,Electronics,North,Online,1,1899.0,1899.0
103551,2024-12-05,CUST00978,Smartwatch,Electronics,South,Online,1,2999.0,2999.0
104075,2025-01-22,CUST01682,Yoga Mat,Sports & Fitness,North,Marketplace,1,599.0,599.0
100872,2024-04-01,CUST00313,Trimmer,Beauty & Personal Care,West,Online,1,999.0,999.0
102146,2024-08-20,CUST02003,Sunscreen SPF50,Beauty & Personal Care,East,Marketplace,1,449.0,449.0
104893,2025-04-17,CUST01606,Storage Containers,Home & Kitchen,South,Online,1,499.0,499.0
100355,2024-02-07,CUST00691,Water Bottle,Sports & Fitness,East,Online,1,279.2,279.2
105090,2025-05-07,CUST01371,Air Fryer,Home & Kitchen,South,Marketplace,2,3499.0,6998.0
106781,2025-10-20,CUST01495,Laptop Stand,Electronics,North,Online,1,799.0,799.0
104299,2025-02-15,CUST02190,Blender,Home & Kitchen,East,Online,3,1599.0,4797.0
106656,2025-10-13,CUST01929,Backpack,Fashion,South,Retail Store,2,1189.15,2378.3
104689,2025-03-27,CUST01896,Electric Kettle,Home & Kitchen,West,Retail Store,1,899.0,899.0
101141,2024-04-29,CUST00298,Yoga Mat,Sports & Fitness,South,Online,1,599.0,599.0
107467,2025-12-05,CUST00630,Power Bank,Electronics,Central,Retail Store,1,899.0,899.0
104187,2025-02-02,CUST01743,Face Serum,Beauty & Personal Care,West,Marketplace,1,594.15,594.15
102024,2024-08-08,CUST02069,USB-C Cable,Electronics,North,Online,1,249.0,249.0
106414,2025-09-25,CUST00723,Sunscreen SPF50,Beauty & Personal Care,West,Retail Store,1,449.0,449.0
101639,2024-06-28,CUST01294,Trimmer,Beauty & Personal Care,South,Online,1,999.0,999.0
100779,2024-03-22,CUST01906,Blender,Home & Kitchen,East,Retail Store,1,1599.0,1599.0
105696,2025-07-13,CUST00645,Hair Dryer,Beauty & Personal Care,West,Marketplace,1,959.2,959.2
100376,2024-02-10,CUST02179,Running Shoes,Fashion,North,Online,1,2249.1,2249.1
102423,2024-09-15,CUST00211,Storage Containers,Home & Kitchen,South,Marketplace,1,499.0,499.0
104303,2025-02-15,CUST00797,USB-C Cable,Electronics,West,Online,1,249.0,249.0
106067,2025-08-20,CUST01151,Storage Containers,Home & Kitchen,West,Online,1,499.0,499.0
104409,2025-02-26,CUST02431,Water Bottle,Sports & Fitness,East,Retail Store,1,349.0,349.0
103347,2024-11-20,CUST00864,Bluetooth Speaker,Electronics,South,Online,1,1709.1,1709.1
101169,2024-05-03,CUST01516,Bluetooth Speaker,Electronics,South,Marketplace,1,1899.0,1899.0
105543,2025-06-29,CUST01239,Power Bank,Electronics,South,Retail Store,1,719.2,719.2
101903,2024-07-26,CUST01718,Trimmer,Beauty & Personal Care,East,Retail Store,1,999.0,999.0
100631,2024-03-06,CUST01766,Laptop Stand,Electronics,South,Online,1,799.0,799.0
103209,2024-11-11,CUST01911,Non-stick Pan Set,Home & Kitchen,North,Online,1,1169.1,1169.1
102595,2024-10-02,CUST02322,Yoga Mat,Sports & Fitness,South,Online,1,599.0,599.0
107527,2025-12-10,CUST01507,Laptop Stand,Electronics,North,Online,1,799.0,799.0
105767,2025-07-20,CUST01987,Blender,Home & Kitchen,East,Retail Store,2,1599.0,3198.0
103898,2025-01-02,CUST02148,Hair Dryer,Beauty & Personal Care,Central,Online,1,1079.1,1079.1
107415,2025-12-02,CUST00415,USB-C Cable,Electronics,South,Marketplace,2,249.0,498.0
107354,2025-11-28,CUST01626,Smartwatch,Electronics,North,Online,1,2699.1,2699.1
105584,2025-07-04,CUST00979,Non-stick Pan Set,Home & Kitchen,South,Online,1,1299.0,1299.0
103934,2025-01-06,CUST02369,Air Fryer,Home & Kitchen,South,Marketplace,1,3499.0,3499.0
101551,2024-06-16,CUST01899,Running Shoes,Fashion,West,Online,1,2249.1,2249.1
106497,2025-10-01,CUST01890,Face Serum,Beauty & Personal Care,North,Online,1,629.1,629.1
107503,2025-12-07,CUST02450,Wireless Earbuds,Electronics,West,Online,1,1499.0,1499.0
100126,2024-01-14,CUST00171,Running Shoes,Fashion,South,Online,1,2499.0,2499.0
103782,2024-12-24,CUST01664,Trimmer,BEAUTY & PERSONAL CARE,Central,Retail Store,1,999.0,999.0
103367,2024-11-22,CUST01281,Hair Dryer,Beauty & Personal Care,West,Online,2,1199.0,2398.0
101600,2024-06-23,CUST00330,Hair Dryer,Beauty & Personal Care,West,Retail Store,1,1199.0,1199.0
101503,2024-06-10,CUST00815,Electric Kettle,Home & Kitchen,West,Retail Store,1,764.15,764.15
106706,2025-10-16,CUST01907,Yoga Mat,Sports & Fitness,North,Online,1,599.0,599.0
102015,2024-08-07,CUST00641,Resistance Bands,Sports & Fitness,North,Online,1,399.0,399.0
103206,2024-11-11,CUST00907,Wireless Earbuds,Electronics,Central,Online,1,1499.0,1499.0
104348,2025-02-21,CUST02428,Electric Kettle,Home & Kitchen,North,Marketplace,2,899.0,1798.0
104763,2025-04-03,CUST01487,Bluetooth Speaker,Electronics,West,Online,1,1899.0,1899.0
102440,2024-09-16,CUST00469,USB-C Cable,Electronics,West,Retail Store,1,249.0,249.0
105686,2025-07-12,CUST01395,Backpack,Fashion,South,Retail Store,1,1399.0,1399.0
101417,2024-05-30,CUST01542,Smartwatch,Electronics,South,Online,1,2999.0,2999.0
101416,2024-05-30,CUST01099,Yoga Mat,Sports & Fitness,West,Marketplace,1,599.0,599.0
102741,2024-10-11,CUST01292,Running Shoes,Fashion,North,Marketplace,1,2499.0,2499.0
104909,2025-04-19,CUST01249,Non-stick Pan Set,Home & Kitchen,North,Retail Store,1,1104.15,1104.15
106521,2025-10-03,CUST02409,Backpack,Fashion,West,Retail Store,2,1259.1,2518.2
107357,2025-11-29,CUST02176,Power Bank,Electronics,South,Online,3,899.0,2697.0
105479,2025-06-20,CUST01203,Sunscreen SPF50,Beauty & Personal Care,South,Online,1,449.0,449.0
105525,2025-06-27,CUST02341,Sunglasses,Fashion,East,Marketplace,1,799.0,799.0
105718,2025-07-16,CUST01094,Trimmer,Beauty & Personal Care,South,Retail Store,1,999.0,999.0
106047,2025-08-18,CUST02587,Laptop Stand,Electronics,West,Retail Store,1,799.0,799.0
100936,2024-04-07,CUST01218,Non-stick Pan Set,Home & Kitchen,North,Marketplace,1,1299.0,1299.0
107664,2025-12-22,CUST01643,Resistance Bands,Sports & Fitness,Central,Retail Store,1,399.0,399.0
105058,2025-05-03,CUST01934,Air Fryer,Home & Kitchen,East,Online,1,3499.0,3499.0
102746,2024-10-11,CUST01870,Air Fryer,Home & Kitchen,East,Online,1,3149.1,3149.1
105906,2025-08-04,CUST01925,Laptop Stand,Electronics,West,Online,1,799.0,799.0
101934,2024-07-29,CUST02399,Cotton T-Shirt,Fashion,North,Online,2,599.0,1198.0
104417,2025-02-28,CUST02158,Backpack,Fashion,South,Retail Store,1,1399.0,1399.0
107014,2025-11-06,CUST01662,Sunscreen SPF50,Beauty & Personal Care,North,Online,1,381.65,381.65
100929,2024-04-07,CUST00570,USB-C Cable,Electronics,West,Retail Store,1,249.0,249.0
104897,2025-04-18,CUST00093,Bluetooth Speaker,Electronics,West,Marketplace,1,1899.0,1899.0
103863,2024-12-31,CUST02466,Backpack,Fashion,South,Retail Store,1,1259.1,1259.1
106607,2025-10-09,CUST01846,Water Bottle,Sports & Fitness,East,Online,1,314.1,314.1
103002,2024-10-28,CUST01137,Cotton T-Shirt,Fashion,East,Online,1,479.2,479.2
101579,2024-06-20,CUST00815,Blender,Home & Kitchen,Central,Marketplace,3,1599.0,4797.0
102510,2024-09-24,CUST00518,Backpack,Fashion,North,Online,1,1399.0,1399.0
100898,2024-04-03,CUST02417,Electric Kettle,Home & Kitchen,North,Online,1,899.0,899.0
106492,2025-10-01,CUST00089,Yoga Mat,Sports & Fitness,North,Online,1,509.15,509.15
103957,2025-01-10,CUST01874,Yoga Mat,Sports & Fitness,North,Online,1,599.0,599.0
104275,2025-02-12,CUST00594,Running Shoes,Fashion,Central,Marketplace,1,2499.0,2499.0
105936,2025-08-08,CUST01982,Hair Dryer,Beauty & Personal Care,South,Retail Store,1,1199.0,1199.0
104517,2025-03-11,CUST00627,Wireless Earbuds,Electronics,North,Online,1,1499.0,1499.0
103019,2024-10-30,CUST00119,Bluetooth Speaker,Electronics,Central,Online,1,1899.0,1899.0
100803,2024-03-24,CUST02195,USB-C Cable,Electronics,West,Online,1,249.0,249.0
101919,2024-07-27,CUST00163,Electric Kettle,Home & Kitchen,South,Online,1,899.0,899.0
107272,2025-11-22,CUST01994,Electric Kettle,Home & Kitchen,East,Retail Store,1,899.0,899.0
100207,2024-01-23,CUST00752,Resistance Bands,Sports & Fitness,West,Retail Store,1,359.1,359.1
103100,2024-11-04,CUST01280,Face Serum,Beauty & Personal Care,South,Online,1,629.1,629.1
102988,2024-10-28,CUST01701,Laptop Stand,Electronics,North,Online,2,679.15,1358.3
100070,2024-01-08,CUST00076,Yoga Mat,Sports & Fitness,South,Online,1,599.0,599.0
102386,2024-09-13,CUST01886,Bluetooth Speaker,Electronics,North,Retail Store,1,1899.0,1899.0
106520,2025-10-03,CUST01242,Water Bottle,Sports & Fitness,Central,Retail Store,2,349.0,698.0
104849,2025-04-12,CUST02596,Yoga Mat,Sports & Fitness,North,Marketplace,1,599.0,599.0
100993,2024-04-13,CUST02515,Smartwatch,Electronics,North,Online,1,2699.1,2699.1
103320,2024-11-19,CUST02414,Bluetooth Speaker,Electronics,North,Marketplace,1,1899.0,1899.0
103374,2024-11-22,CUST01944,Backpack,Fashion,East,Online,1,1399.0,1399.0
103665,2024-12-15,CUST00204,Cotton T-Shirt,Fashion,South,Retail Store,3,599.0,1797.0
102167,2024-08-22,CUST02530,Sunscreen SPF50,Beauty & Personal Care,North,Online,2,449.0,898.0
104031,2025-01-18,CUST01735,Sunglasses,Fashion,East,Retail Store,1,799.0,799.0
100859,2024-03-31,CUST01514,Resistance Bands,Sports & Fitness,South,Online,1,359.1,359.1
100466,2024-02-19,CUST01791,Yoga Mat,Sports & Fitness,East,Online,2,599.0,1198.0
100297,2024-02-01,CUST02457,Blender,Home & Kitchen,North,Retail Store,1,1359.15,1359.15
106156,2025-08-30,CUST00083,Running Shoes,Fashion,West,Online,1,2499.0,2499.0
101359,2024-05-25,CUST00595,Trimmer,Beauty & Personal Care,North,Retail Store,1,999.0,999.0
105248,2025-05-25,CUST00164,Sunscreen SPF50,Beauty & Personal Care,Central,Online,1,404.1,404.1
104385,2025-02-24,CUST00284,Backpack,Fashion,Central,Online,1,1399.0,1399.0
107518,2025-12-09,CUST00135,Storage Containers,Home & Kitchen,North,Retail Store,1,499.0,499.0
105337,2025-06-05,CUST00257,Resistance Bands,Sports & Fitness,South,Marketplace,1,399.0,399.0
105301,2025-06-02,CUST00926,Face Serum,Beauty & Personal Care,Central,Online,1,699.0,699.0
102544,2024-09-28,CUST01565,Non-stick Pan Set,Home & Kitchen,West,Online,1,1299.0,1299.0
104491,2025-03-08,CUST02523,Laptop Stand,Electronics,East,Online,1,799.0,799.0
102091,2024-08-15,CUST01912,Electric Kettle,Home & Kitchen,South,Marketplace,1,899.0,899.0
104685,2025-03-27,CUST01466,Blender,Home & Kitchen,South,Online,1,1359.15,1359.15
101256,2024-05-12,CUST01672,Blender,Home & Kitchen,South,Retail Store,2,1599.0,3198.0
102155,2024-08-21,CUST00347,USB-C Cable,Electronics,West,Online,1,249.0,249.0
101288,2024-05-17,CUST01934,Face Serum,Beauty & Personal Care,South,Online,1,699.0,699.0
102873,2024-10-20,CUST00892,Wireless Earbuds,Electronics,North,Retail Store,1,1349.1,1349.1
105102,2025-05-09,CUST01408,Bluetooth Speaker,Electronics,North,Retail Store,1,1899.0,1899.0
106428,2025-09-26,CUST01698,Trimmer,Beauty & Personal Care,West,Retail Store,2,799.2,1598.4
102184,2024-08-24,CUST00500,Electric Kettle,Home & Kitchen,South,Online,1,899.0,899.0
103026,2024-10-30,CUST02201,Laptop Stand,Electronics,West,Online,1,799.0,799.0
106843,2025-10-25,CUST00682,Laptop Stand,Electronics,,Marketplace,1,799.0,799.0
105052,2025-05-03,CUST01585,Non-stick Pan Set,Home & Kitchen,South,Retail Store,1,1104.15,1104.15
106283,2025-09-11,CUST00858,Laptop Stand,Electronics,North,Retail Store,1,799.0,799.0
104036,2025-01-18,CUST00714,Running Shoes,Fashion,East,Online,2,2249.1,4498.2
107252,2025-11-21,CUST00080,Hair Dryer,Beauty & Personal Care,North,Marketplace,1,1199.0,1199.0
103896,2025-01-02,CUST02094,Power Bank,Electronics,North,Online,1,899.0,899.0
100837,2024-03-29,CUST01314,Sunscreen SPF50,Beauty & Personal Care,Central,Online,1,449.0,449.0
100546,2024-02-28,CUST01319,Wireless Earbuds,Electronics,Central,Online,1,1499.0,1499.0
102410,2024-09-15,CUST01048,Bluetooth Speaker,Electronics,North,Marketplace,1,1899.0,1899.0
103210,2024-11-12,CUST00829,Dumbbell Set,Sports & Fitness,North,Online,1,2199.0,2199.0
105568,2025-07-02,CUST00593,Backpack,Fashion,South,Retail Store,2,1399.0,2798.0
100430,2024-02-16,CUST02471,Trimmer,Beauty & Personal Care,West,Online,1,799.2,799.2
104666,2025-03-25,CUST01303,USB-C Cable,Electronics,Central,Marketplace,2,199.2,398.4
107083,2025-11-10,CUST01722,Sunscreen SPF50,Beauty & Personal Care,North,Online,1,449.0,449.0
101980,2024-08-04,CUST00544,Storage Containers,Home & Kitchen,Central,Online,1,499.0,499.0
107645,2025-12-21,CUST00140,Water Bottle,Sports & Fitness,East,Online,1,349.0,349.0
105419,2025-06-14,CUST01823,Yoga Mat,Sports & Fitness,East,Retail Store,1,599.0,599.0
100269,2024-01-29,CUST01984,Denim Jacket,Fashion,Central,Online,1,1699.15,1699.15
103932,2025-01-06,CUST00507,Resistance Bands,Sports & Fitness,North,Marketplace,1,359.1,359.1
107242,2025-11-21,CUST01949,Face Serum,Beauty & Personal Care,North,Retail Store,0,699.0,699.0
100018,2024-01-02,CUST01168,Trimmer,Beauty & Personal Care,South,Online,2,999.0,1998.0
101152,2024-04-30,CUST02209,Sunscreen SPF50,Beauty & Personal Care,South,Retail Store,2,449.0,898.0
100253,2024-01-27,CUST01405,Bluetooth Speaker,Electronics,North,Online,1,1899.0,1899.0
101505,2024-06-10,CUST02277,Backpack,Fashion,West,Marketplace,1,1119.2,1119.2
103470,2024-11-29,CUST01739,Cotton T-Shirt,Fashion,North,Online,1,599.0,599.0
104193,2025-02-03,CUST00661,Air Fryer,Home & Kitchen,Central,Online,1,3499.0,3499.0
107279,2025-11-23,CUST02213,Face Serum,BEAUTY & PERSONAL CARE,North,Online,1,699.0,699.0
104697,2025-03-28,CUST00933,Smartwatch,Electronics,North,Online,1,2999.0,2999.0
103536,2024-12-04,CUST00379,Water Bottle,Sports & Fitness,South,Marketplace,1,279.2,279.2
102161,2024-08-21,CUST02546,Face Serum,Beauty & Personal Care,South,Online,1,699.0,699.0
105635,2025-07-07,CUST01030,Non-stick Pan Set,Home & Kitchen,East,Retail Store,1,1299.0,1299.0
105444,2025-06-17,CUST02333,Sunglasses,Fashion,Central,Retail Store,1,799.0,799.0
100077,2024-01-08,CUST01602,Smartwatch,Electronics,North,Marketplace,1,2999.0,2999.0
106176,2025-09-01,CUST01030,Trimmer,Beauty & Personal Care,Central,Marketplace,1,999.0,999.0
105500,2025-06-23,CUST01152,Cotton T-Shirt,FASHION,,Online,1,599.0,599.0
103093,2024-11-04,CUST01047,Non-stick Pan Set,Home & Kitchen,,Online,2,1299.0,2598.0
103958,2025-01-10,CUST02149,Trimmer,Beauty & Personal Care,West,Online,1,899.1,899.1
105325,2025-06-04,CUST01384,Backpack,Fashion,South,Online,2,1259.1,2518.2
103500,2024-11-30,CUST01864,Non-stick Pan Set,Home & Kitchen,West,Retail Store,2,1299.0,2598.0
101080,2024-04-23,CUST02373,Non-stick Pan Set,Home & Kitchen,Central,Retail Store,1,1299.0,1299.0
103915,2025-01-05,CUST01024,Yoga Mat,Sports & Fitness,South,Online,1,539.1,539.1
104750,2025-04-02,CUST01624,Electric Kettle,Home & Kitchen,East,Online,1,899.0,899.0
106916,2025-10-29,CUST01430,Dumbbell Set,Sports & Fitness,North,Retail Store,1,2199.0,2199.0
106803,2025-10-22,CUST01889,Power Bank,Electronics,South,Online,2,764.15,1528.3
105345,2025-06-06,CUST00355,Cotton T-Shirt,Fashion,North,Online,1,539.1,539.1
103514,2024-12-01,CUST02161,Sunscreen SPF50,Beauty & Personal Care,East,Online,1,449.0,449.0
104118,2025-01-26,CUST01369,Yoga Mat,Sports & Fitness,South,Online,2,599.0,1198.0
106590,2025-10-07,CUST02301,Laptop Stand,Electronics,North,Retail Store,1,679.15,679.15
105823,2025-07-27,CUST01966,Cotton T-Shirt,Fashion,North,Online,1,509.15,509.15
105509,2025-06-24,CUST01971,Denim Jacket,Fashion,East,Retail Store,1,1599.2,1599.2
107445,2025-12-04,CUST02211,Face Serum,Beauty & Personal Care,West,Online,1,699.0,699.0
100908,2024-04-05,CUST02275,Sunglasses,Fashion,West,Marketplace,1,719.1,719.1
106727,2025-10-18,CUST00007,Storage Containers,Home & Kitchen,West,Marketplace,2,499.0,998.0
106845,2025-10-25,CUST01502,Bluetooth Speaker,Electronics,West,Online,1,1899.0,1899.0
107263,2025-11-22,CUST00394,Sunscreen SPF50,BEAUTY & PERSONAL CARE,North,Retail Store,1,404.1,404.1
106565,2025-10-05,CUST00549,Denim Jacket,Fashion,Central,Online,2,1999.0,3998.0
103968,2025-01-11,CUST00395,Face Serum,Beauty & Personal Care,East,Online,2,594.15,1188.3
102229,2024-08-29,CUST00927,Storage Containers,Home & Kitchen,North,Marketplace,2,499.0,998.0
106023,2025-08-15,CUST01445,Yoga Mat,Sports & Fitness,West,Online,1,599.0,599.0
104781,2025-04-05,CUST00813,Backpack,Fashion,South,Online,1,1399.0,1399.0
103280,2024-11-17,CUST01303,Cotton T-Shirt,Fashion,North,Online,1,479.2,479.2
107228,2025-11-19,CUST00551,Face Serum,Beauty & Personal Care,Central,Online,1,699.0,699.0
103860,2024-12-31,CUST00629,Blender,Home & Kitchen,North,Marketplace,2,1599.0,3198.0
106013,2025-08-15,CUST00262,Resistance Bands,Sports & Fitness,North,Online,1,339.15,339.15
104478,2025-03-06,CUST01287,Sunscreen SPF50,Beauty & Personal Care,East,Retail Store,1,449.0,449.0
106544,2025-10-04,CUST01468,Trimmer,Beauty & Personal Care,South,Online,1,999.0,999.0
106445,2025-09-27,CUST01009,USB-C Cable,Electronics,North,Online,3,249.0,747.0
101636,2024-06-28,CUST02051,Water Bottle,Sports & Fitness,Central,Online,1,349.0,349.0
102062,2024-08-11,CUST00301,Sunglasses,Fashion,West,Retail Store,1,799.0,799.0
104154,2025-01-30,CUST00263,Sunglasses,Fashion,West,Online,2,799.0,1598.0
107534,2025-12-10,CUST01608,Denim Jacket,Fashion,Central,Marketplace,1,1999.0,1999.0
105026,2025-04-30,CUST00725,Storage Containers,Home & Kitchen,East,Marketplace,1,499.0,499.0
102193,2024-08-25,CUST00447,Cotton T-Shirt,Fashion,Central,Online,1,539.1,539.1
101473,2024-06-07,CUST01344,Non-stick Pan Set,Home & Kitchen,North,Retail Store,1,1299.0,1299.0
106051,2025-08-19,CUST01328,Sunglasses,Fashion,Central,Retail Store,1,799.0,799.0
101204,2024-05-06,CUST02518,Sunglasses,Fashion,Central,Online,1,799.0,799.0
105679,2025-07-12,CUST00767,Wireless Earbuds,Electronics,South,Retail Store,1,1499.0,1499.0
106627,2025-10-10,CUST00178,Power Bank,Electronics,North,Marketplace,1,899.0,899.0
105728,2025-07-17,CUST01026,Running Shoes,Fashion,Central,Online,1,2499.0,2499.0
103076,2024-11-02,CUST00919,Hair Dryer,Beauty & Personal Care,North,Online,1,1199.0,1199.0
103072,2024-11-02,CUST01946,Face Serum,Beauty & Personal Care,Central,Online,2,699.0,1398.0
103603,2024-12-10,CUST02138,Smartwatch,Electronics,North,Retail Store,2,2399.2,4798.4
106034,2025-08-17,CUST01009,Sunscreen SPF50,Beauty & Personal Care,East,Online,1,449.0,449.0
101580,2024-06-20,CUST00462,Smartwatch,ELECTRONICS,South,Online,2,2999.0,5998.0
101305,2024-05-19,CUST01049,Air Fryer,Home & Kitchen,West,Online,1,3499.0,3499.0
100347,2024-02-06,CUST01147,Laptop Stand,Electronics,South,Online,1,799.0,799.0
101644,2024-06-29,CUST02244,Hair Dryer,Beauty & Personal Care,North,Online,1,1199.0,1199.0
102991,2024-10-28,CUST02138,Smartwatch,Electronics,North,Online,1,2999.0,2999.0
100834,2024-03-28,CUST00028,Blender,Home & Kitchen,North,Online,2,1599.0,3198.0
101165,2024-05-02,CUST00158,Non-stick Pan Set,Home & Kitchen,North,Online,1,1299.0,1299.0
106471,2025-09-29,CUST00565,Resistance Bands,Sports & Fitness,East,Retail Store,1,359.1,359.1
105232,2025-05-24,CUST00710,Laptop Stand,Electronics,Central,Online,1,799.0,799.0
101492,2024-06-09,CUST02227,Trimmer,Beauty & Personal Care,West,Online,1,999.0,999.0
103051,2024-11-01,CUST00627,Running Shoes,Fashion,North,Retail Store,1,2499.0,2499.0
106292,2025-09-12,CUST01200,Electric Kettle,Home & Kitchen,North,Online,2,764.15,1528.3
100264,2024-01-28,CUST00758,Blender,Home & Kitchen,East,Marketplace,1,1599.0,1599.0
100382,2024-02-10,CUST02268,Non-stick Pan Set,Home & Kitchen,South,Marketplace,1,1299.0,1299.0
100614,2024-03-05,CUST02111,Non-stick Pan Set,Home & Kitchen,West,Online,2,1299.0,2598.0
104135,2025-01-27,CUST02516,Running Shoes,Fashion,East,Online,1,2499.0,2499.0
100216,2024-01-24,CUST01611,Cotton T-Shirt,Fashion,North,Marketplace,1,539.1,539.1
106858,2025-10-26,CUST02495,Dumbbell Set,Sports & Fitness,Central,Online,1,2199.0,2199.0
105073,2025-05-05,CUST00225,Wireless Earbuds,Electronics,East,Retail Store,1,1499.0,1499.0
103427,2024-11-25,CUST02020,USB-C Cable,Electronics,South,Online,1,211.65,211.65
102866,2024-10-20,CUST00135,Non-stick Pan Set,Home & Kitchen,North,Online,1,1169.1,1169.1
103387,2024-11-23,CUST01139,Yoga Mat,Sports & Fitness,East,Online,1,599.0,599.0
101113,2024-04-27,CUST00768,Bluetooth Speaker,Electronics,South,Online,1,1899.0,1899.0
103404,2024-11-24,CUST02589,Air Fryer,Home & Kitchen,North,Online,1,3149.1,3149.1
106257,2025-09-09,CUST01623,Storage Containers,Home & Kitchen,North,Retail Store,2,499.0,998.0
106929,2025-10-30,CUST00317,Water Bottle,Sports & Fitness,North,Online,1,296.65,296.65
101694,2024-07-05,CUST02563,Electric Kettle,Home & Kitchen,East,Retail Store,2,809.1,1618.2
107344,2025-11-28,CUST02062,Sunglasses,Fashion,West,Online,3,719.1,2157.3
103056,2024-11-01,CUST00007,Face Serum,Beauty & Personal Care,East,Online,2,594.15,1188.3
100033,2024-01-04,CUST02526,Non-stick Pan Set,Home & Kitchen,East,Online,1,1299.0,1299.0
100115,2024-01-13,CUST00356,Denim Jacket,Fashion,East,Marketplace,1,1999.0,1999.0
105442,2025-06-17,CUST01985,Dumbbell Set,Sports & Fitness,East,Online,3,1869.15,5607.45
105994,2025-08-12,CUST00886,Non-stick Pan Set,Home & Kitchen,South,Online,1,1299.0,1299.0
103272,2024-11-16,CUST00728,Smartwatch,ELECTRONICS,East,Marketplace,1,2999.0,2999.0
100587,2024-03-02,CUST00655,Electric Kettle,Home & Kitchen,East,Online,1,899.0,899.0
101348,2024-05-22,CUST01593,Trimmer,Beauty & Personal Care,North,Online,1,999.0,999.0
105827,2025-07-27,CUST01221,Power Bank,Electronics,Central,Retail Store,1,899.0,899.0
101099,2024-04-26,CUST00758,Air Fryer,Home & Kitchen,South,Retail Store,2,3499.0,6998.0
100394,2024-02-12,CUST02308,Cotton T-Shirt,Fashion,West,Online,1,479.2,479.2
105416,2025-06-14,CUST01848,Storage Containers,Home & Kitchen,North,Online,1,499.0,499.0
106950,2025-11-01,CUST02174,Denim Jacket,Fashion,South,Retail Store,1,1799.1,1799.1
104544,2025-03-14,CUST00696,Power Bank,Electronics,South,Marketplace,1,809.1,809.1
102446,2024-09-17,CUST02244,Trimmer,Beauty & Personal Care,South,Online,1,999.0,999.0
103478,2024-11-29,CUST01663,Water Bottle,Sports & Fitness,Central,Online,1,349.0,349.0
102329,2024-09-08,CUST02072,Running Shoes,Fashion,South,Online,1,2499.0,2499.0
104314,2025-02-17,CUST00869,Yoga Mat,Sports & Fitness,West,Online,1,599.0,599.0
105678,2025-07-12,CUST01452,Sunglasses,Fashion,South,Retail Store,3,679.15,2037.45
101710,2024-07-07,CUST01031,Bluetooth Speaker,Electronics,Central,Online,1,1899.0,1899.0
100984,2024-04-12,CUST00165,Yoga Mat,Sports & Fitness,West,Online,1,509.15,509.15
104286,2025-02-13,CUST01690,Running Shoes,Fashion,Central,Online,1,2499.0,2499.0
106928,2025-10-30,CUST00383,Smartwatch,Electronics,,Online,1,2999.0,2999.0
100554,2024-02-28,CUST00860,Smartwatch,Electronics,South,Marketplace,1,2999.0,2999.0
106680,2025-10-14,CUST01698,Running Shoes,Fashion,South,Online,1,2499.0,2499.0
105405,2025-06-13,CUST00504,Trimmer,Beauty & Personal Care,West,Marketplace,1,799.2,799.2
103308,2024-11-18,CUST00624,Sunscreen SPF50,Beauty & Personal Care,West,Retail Store,1,381.65,381.65
105961,2025-08-10,CUST00257,Water Bottle,Sports & Fitness,Central,Online,2,349.0,698.0
101254,2024-05-12,CUST00487,Yoga Mat,Sports & Fitness,South,Online,2,599.0,1198.0
105271,2025-05-28,CUST01035,USB-C Cable,Electronics,East,Retail Store,1,224.1,224.1
105341,2025-06-06,CUST00128,Electric Kettle,HOME & KITCHEN,North,Retail Store,1,809.1,809.1
105517,2025-06-26,CUST00423,Storage Containers,Home & Kitchen,South,Retail Store,2,499.0,998.0
102788,2024-10-14,CUST01059,Running Shoes,Fashion,North,Marketplace,1,2499.0,2499.0
104737,2025-03-31,CUST01135,Air Fryer,HOME & KITCHEN,North,Online,1,3149.1,3149.1
105455,2025-06-18,CUST02576,Running Shoes,Fashion,South,Online,1,1999.2,1999.2
106766,2025-10-19,CUST01302,Running Shoes,Fashion,South,Online,1,2499.0,2499.0
100667,2024-03-10,CUST00964,Power Bank,Electronics,North,Online,1,719.2,719.2
106785,2025-10-21,CUST02050,Electric Kettle,Home & Kitchen,North,Marketplace,1,899.0,899.0
102680,2024-10-07,CUST01327,Power Bank,Electronics,North,Retail Store,1,719.2,719.2
101414,2024-05-30,CUST02428,Backpack,Fashion,North,Retail Store,1,1399.0,1399.0
104964,2025-04-24,CUST00172,Dumbbell Set,Sports & Fitness,West,Online,1,1979.1,1979.1
100529,2024-02-25,CUST01160,Smartwatch,Electronics,South,Online,1,2999.0,2999.0
107588,2025-12-15,CUST00731,Non-stick Pan Set,Home & Kitchen,South,Retail Store,2,1169.1,2338.2
105755,2025-07-20,CUST00058,USB-C Cable,Electronics,Central,Marketplace,1,249.0,249.0
102061,2024-08-11,CUST00761,Backpack,Fashion,South,Online,1,1399.0,1399.0
100486,2024-02-21,CUST01766,Face Serum,Beauty & Personal Care,North,Marketplace,3,699.0,2097.0
103592,2024-12-09,CUST00284,Electric Kettle,Home & Kitchen,East,Online,1,899.0,899.0
106241,2025-09-07,CUST00744,Wireless Earbuds,Electronics,East,Online,2,1499.0,2998.0
106456,2025-09-28,CUST00940,Running Shoes,Fashion,North,Marketplace,1,2499.0,2499.0
105893,2025-08-03,CUST01621,Dumbbell Set,Sports & Fitness,North,Online,1,2199.0,2199.0
105466,2025-06-18,CUST00142,Water Bottle,Sports & Fitness,South,Online,1,349.0,349.0
102782,2024-10-14,CUST00519,Resistance Bands,Sports & Fitness,Central,Retail Store,1,399.0,399.0
105881,2025-08-02,CUST01995,Resistance Bands,Sports & Fitness,Central,Online,1,359.1,359.1
103864,2024-12-31,CUST01253,Wireless Earbuds,Electronics,Central,Online,1,1499.0,1499.0
102918,2024-10-23,CUST00780,Trimmer,Beauty & Personal Care,East,Marketplace,1,999.0,999.0
106977,2025-11-03,CUST02100,Backpack,Fashion,North,Marketplace,1,1119.2,1119.2
105773,2025-07-21,CUST01064,Dumbbell Set,Sports & Fitness,West,Online,1,2199.0,2199.0
106874,2025-10-27,CUST00897,Blender,Home & Kitchen,West,Retail Store,1,1599.0,1599.0
101598,2024-06-23,CUST02244,Yoga Mat,Sports & Fitness,West,Retail Store,1,599.0,599.0
104255,2025-02-10,CUST00735,Face Serum,Beauty & Personal Care,West,Marketplace,1,559.2,559.2
101468,2024-06-06,CUST01110,Sunglasses,Fashion,South,Online,1,799.0,799.0
107360,2025-11-29,CUST00560,Smartwatch,Electronics,South,Online,1,2399.2,2399.2
103289,2024-11-17,CUST00046,Running Shoes,Fashion,West,Online,1,2499.0,2499.0
104904,2025-04-19,CUST00699,Trimmer,Beauty & Personal Care,East,Online,1,999.0,999.0
106088,2025-08-22,CUST00716,Yoga Mat,Sports & Fitness,South,Marketplace,1,599.0,599.0
101124,2024-04-28,CUST00122,Air Fryer,Home & Kitchen,East,Retail Store,1,3499.0,3499.0
106988,2025-11-04,CUST01035,Bluetooth Speaker,Electronics,West,Online,1,1899.0,1899.0
100227,2024-01-25,CUST02045,Running Shoes,Fashion,South,Marketplace,1,2499.0,2499.0
101029,2024-04-17,CUST01119,Denim Jacket,Fashion,East,Online,1,1999.0,1999.0
103670,2024-12-16,CUST00465,Electric Kettle,Home & Kitchen,North,Online,3,899.0,2697.0
103904,2025-01-03,CUST01040,Trimmer,Beauty & Personal Care,Central,Retail Store,1,999.0,999.0
104930,2025-04-21,CUST01057,Air Fryer,Home & Kitchen,South,Online,1,3149.1,3149.1
107133,2025-11-13,CUST00666,Face Serum,Beauty & Personal Care,East,Online,1,699.0,699.0
100556,2024-02-29,CUST02480,Storage Containers,Home & Kitchen,South,Online,1,424.15,424.15
102138,2024-08-20,CUST01016,Face Serum,Beauty & Personal Care,East,Online,1,699.0,699.0
105608,2025-07-05,CUST02088,Cotton T-Shirt,Fashion,South,Online,3,479.2,1437.6
107537,2025-12-10,CUST00636,Air Fryer,Home & Kitchen,East,Marketplace,1,2799.2,2799.2
103687,2024-12-17,CUST02412,Trimmer,Beauty & Personal Care,South,Online,1,999.0,999.0
106599,2025-10-08,CUST02394,Electric Kettle,Home & Kitchen,North,Retail Store,1,764.15,764.15
106061,2025-08-20,CUST00614,Water Bottle,Sports & Fitness,East,Online,1,296.65,296.65
100708,2024-03-14,CUST01257,Denim Jacket,Fashion,Central,Retail Store,2,1999.0,3998.0
107249,2025-11-21,CUST01644,Hair Dryer,Beauty & Personal Care,Central,Retail Store,1,1199.0,1199.0
107282,2025-11-23,CUST01540,Cotton T-Shirt,Fashion,North,Online,1,599.0,599.0
106069,2025-08-20,CUST00184,Sunglasses,Fashion,South,Retail Store,1,719.1,719.1
103729,2024-12-21,CUST01403,Power Bank,Electronics,North,Online,1,899.0,899.0
104416,2025-02-27,CUST02165,Running Shoes,Fashion,East,Online,1,2499.0,2499.0
103659,2024-12-15,CUST00872,Yoga Mat,Sports & Fitness,Central,Online,1,599.0,599.0
100292,2024-01-31,CUST01027,Yoga Mat,Sports & Fitness,West,Marketplace,1,599.0,599.0
105421,2025-06-14,CUST01729,Water Bottle,Sports & Fitness,East,Marketplace,1,296.65,296.65
101172,2024-05-03,CUST01178,Bluetooth Speaker,Electronics,West,Retail Store,2,1899.0,3798.0
103277,2024-11-16,CUST01749,Laptop Stand,Electronics,South,Online,1,799.0,799.0
102777,2024-10-13,CUST01072,Sunscreen SPF50,Beauty & Personal Care,North,Marketplace,2,404.1,808.2
107437,2025-12-03,CUST02144,Backpack,Fashion,North,Retail Store,1,1399.0,1399.0
105694,2025-07-13,CUST02211,Wireless Earbuds,Electronics,West,Marketplace,2,1349.1,2698.2
102677,2024-10-07,CUST00909,Sunglasses,Fashion,West,Retail Store,1,799.0,799.0
105452,2025-06-17,CUST00182,Water Bottle,Sports & Fitness,South,Online,1,349.0,349.0
105520,2025-06-26,CUST01748,Face Serum,Beauty & Personal Care,West,Marketplace,1,699.0,699.0
104423,2025-03-01,CUST01327,Denim Jacket,Fashion,Central,Online,1,1799.1,1799.1
104671,2025-03-25,CUST02436,Electric Kettle,HOME & KITCHEN,South,Marketplace,1,899.0,899.0
100477,2024-02-21,CUST01686,Sunglasses,Fashion,East,Online,1,799.0,799.0
105068,2025-05-04,CUST02499,Water Bottle,Sports & Fitness,North,Retail Store,1,349.0,349.0
106325,2025-09-15,CUST01500,Air Fryer,Home & Kitchen,West,Marketplace,1,3149.1,3149.1
107136,2025-11-13,CUST00441,Blender,Home & Kitchen,South,Online,2,1599.0,3198.0
102513,2024-09-24,CUST00868,Trimmer,Beauty & Personal Care,West,Online,1,999.0,999.0
102066,2024-08-12,CUST00779,Water Bottle,Sports & Fitness,East,Online,2,349.0,698.0
100104,2024-01-13,CUST01908,Sunscreen SPF50,Beauty & Personal Care,West,Online,1,449.0,449.0
107210,2025-11-18,CUST00501,Running Shoes,Fashion,West,Retail Store,2,2249.1,4498.2
100524,2024-02-25,CUST00987,Dumbbell Set,Sports & Fitness,Central,Retail Store,1,2199.0,2199.0
100067,2024-01-08,CUST01150,Non-stick Pan Set,Home & Kitchen,South,Marketplace,1,1299.0,1299.0
105549,2025-06-30,CUST01377,Blender,Home & Kitchen,South,Retail Store,1,1599.0,1599.0
106667,2025-10-14,CUST02577,Denim Jacket,Fashion,North,Retail Store,1,1999.0,1999.0
105274,2025-05-28,CUST01668,Cotton T-Shirt,Fashion,North,Online,1,479.2,479.2
104336,2025-02-20,CUST02193,Hair Dryer,Beauty & Personal Care,East,Marketplace,1,1199.0,1199.0
103900,2025-01-02,CUST01420,Yoga Mat,Sports & Fitness,East,Retail Store,1,599.0,599.0
101940,2024-07-30,CUST01767,Denim Jacket,Fashion,West,Retail Store,1,1599.2,1599.2
102667,2024-10-06,CUST00560,Trimmer,Beauty & Personal Care,East,Online,1,999.0,999.0
101397,2024-05-28,CUST01018,Face Serum,Beauty & Personal Care,East,Online,1,699.0,699.0
102869,2024-10-20,CUST01840,Hair Dryer,Beauty & Personal Care,South,Online,1,1199.0,1199.0
100752,2024-03-18,CUST02475,Yoga Mat,Sports & Fitness,South,Online,1,599.0,599.0
105795,2025-07-24,CUST00756,Power Bank,Electronics,South,Retail Store,1,899.0,899.0
104585,2025-03-17,CUST02271,Sunglasses,Fashion,South,Retail Store,1,799.0,799.0
104066,2025-01-21,CUST00932,Air Fryer,Home & Kitchen,North,Marketplace,1,3499.0,3499.0
104656,2025-03-24,CUST02557,Dumbbell Set,Sports & Fitness,South,Online,1,1979.1,1979.1
102107,2024-08-17,CUST00473,Sunglasses,Fashion,North,Online,2,719.1,1438.2
105634,2025-07-07,CUST00324,Bluetooth Speaker,Electronics,Central,Online,2,1899.0,3798.0
105361,2025-06-08,CUST00355,Sunscreen SPF50,Beauty & Personal Care,East,Retail Store,2,381.65,763.3
107353,2025-11-28,CUST00802,Hair Dryer,Beauty & Personal Care,East,Online,2,1199.0,2398.0
102004,2024-08-06,CUST00181,Cotton T-Shirt,Fashion,North,Marketplace,1,599.0,599.0
105469,2025-06-19,CUST01003,Water Bottle,Sports & Fitness,East,Marketplace,3,349.0,1047.0
103556,2024-12-06,CUST01477,Sunscreen SPF50,Beauty & Personal Care,West,Online,1,449.0,449.0
100703,2024-03-13,CUST00805,Bluetooth Speaker,Electronics,East,Marketplace,1,1899.0,1899.0
100011,2024-01-01,CUST01650,Running Shoes,Fashion,East,Retail Store,1,2499.0,2499.0
104837,2025-04-11,CUST01861,Smartwatch,Electronics,South,Marketplace,1,2549.15,2549.15
102201,2024-08-26,CUST02179,Backpack,Fashion,South,Retail Store,1,1189.15,1189.15
102098,2024-08-16,CUST00943,Trimmer,Beauty & Personal Care,South,Online,1,999.0,999.0
102273,2024-09-02,CUST00663,Blender,Home & Kitchen,North,Online,1,1599.0,1599.0
100775,2024-03-22,CUST00340,Wireless Earbuds,Electronics,South,Online,1,1349.1,1349.1
100760,2024-03-19,CUST01218,Trimmer,Beauty & Personal Care,East,Marketplace,1,849.15,849.15
105276,2025-05-28,CUST02455,Denim Jacket,Fashion,West,Online,1,1599.2,1599.2
106691,2025-10-15,CUST01472,Sunscreen SPF50,Beauty & Personal Care,East,Online,1,449.0,449.0
104207,2025-02-04,CUST00524,Blender,Home & Kitchen,East,Online,1,1599.0,1599.0
106395,2025-09-23,CUST01578,Smartwatch,Electronics,West,Online,1,2999.0,2999.0
100491,2024-02-22,CUST01191,Wireless Earbuds,Electronics,South,Online,1,1499.0,1499.0
101191,2024-05-05,CUST01370,Trimmer,Beauty & Personal Care,West,Online,1,899.1,899.1
104003,2025-01-14,CUST02272,Yoga Mat,Sports & Fitness,East,Retail Store,1,599.0,599.0
101090,2024-04-25,CUST00984,Laptop Stand,Electronics,West,Online,1,799.0,799.0
104243,2025-02-08,CUST01659,Air Fryer,Home & Kitchen,East,Online,1,3499.0,3499.0
101480,2024-06-08,CUST01748,Laptop Stand,Electronics,West,Retail Store,1,799.0,799.0
103202,2024-11-11,CUST01557,USB-C Cable,Electronics,North,Online,1,249.0,249.0
106849,2025-10-25,CUST00346,Denim Jacket,Fashion,East,Marketplace,1,1999.0,1999.0
102073,2024-08-13,CUST01592,Non-stick Pan Set,Home & Kitchen,East,Marketplace,1,1299.0,1299.0
100072,2024-01-08,CUST01575,Sunscreen SPF50,Beauty & Personal Care,West,Online,2,449.0,898.0
105904,2025-08-04,CUST00882,Bluetooth Speaker,Electronics,West,Marketplace,1,1709.1,1709.1
101853,2024-07-20,CUST01777,USB-C Cable,Electronics,Central,Online,1,249.0,249.0
102728,2024-10-10,CUST01699,Dumbbell Set,Sports & Fitness,North,Online,1,2199.0,2199.0
104875,2025-04-15,CUST00608,Hair Dryer,Beauty & Personal Care,Central,Marketplace,1,1199.0,1199.0
107465,2025-12-05,CUST00679,Sunscreen SPF50,Beauty & Personal Care,South,Online,1,449.0,449.0
103849,2024-12-30,CUST01874,Cotton T-Shirt,Fashion,North,Online,1,599.0,599.0
100825,2024-03-27,CUST02382,Resistance Bands,Sports & Fitness,East,Marketplace,2,399.0,798.0
100387,2024-02-11,CUST01397,Yoga Mat,Sports & Fitness,South,Online,1,599.0,599.0
100348,2024-02-06,CUST01597,Face Serum,Beauty & Personal Care,South,Retail Store,1,699.0,699.0
103673,2024-12-16,CUST01437,Air Fryer,Home & Kitchen,South,Online,1,2974.15,2974.15
102808,2024-10-16,CUST00387,USB-C Cable,Electronics,Central,Retail Store,1,199.2,199.2
105860,2025-07-31,CUST00786,Yoga Mat,Sports & Fitness,Central,Online,1,599.0,599.0
100469,2024-02-20,CUST00437,Storage Containers,Home & Kitchen,West,Retail Store,1,499.0,499.0
101419,2024-05-31,CUST00896,Bluetooth Speaker,Electronics,West,Online,1,1899.0,1899.0
107107,2025-11-12,CUST01660,Water Bottle,Sports & Fitness,West,Online,1,349.0,349.0
104633,2025-03-22,CUST01284,Denim Jacket,Fashion,West,Online,1,1999.0,1999.0
100342,2024-02-05,CUST02234,Resistance Bands,Sports & Fitness,South,Marketplace,1,399.0,399.0
101300,2024-05-18,CUST01690,Bluetooth Speaker,Electronics,Central,Online,1,1899.0,1899.0
102228,2024-08-29,CUST01112,Blender,Home & Kitchen,,Retail Store,1,1599.0,1599.0
101620,2024-06-25,CUST02121,Denim Jacket,Fashion,South,Online,1,1599.2,1599.2
104980,2025-04-26,CUST00118,Sunglasses,Fashion,South,Online,1,799.0,799.0
102491,2024-09-22,CUST02050,Cotton T-Shirt,Fashion,South,Retail Store,1,599.0,599.0
107734,2025-12-27,CUST01501,Dumbbell Set,Sports & Fitness,South,Marketplace,1,2199.0,2199.0
103176,2024-11-10,CUST01052,Laptop Stand,Electronics,South,Online,2,799.0,1598.0
106291,2025-09-12,CUST00224,Resistance Bands,Sports & Fitness,Central,Online,2,399.0,798.0
107113,2025-11-12,CUST00257,Air Fryer,Home & Kitchen,Central,Marketplace,1,3499.0,3499.0
101928,2024-07-28,CUST00871,Storage Containers,Home & Kitchen,East,Marketplace,1,499.0,499.0
104992,2025-04-26,CUST01693,Non-stick Pan Set,Home & Kitchen,South,Retail Store,1,1299.0,1299.0
100720,2024-03-16,CUST00271,Sunglasses,Fashion,North,Online,1,799.0,799.0
107044,2025-11-08,CUST00378,USB-C Cable,Electronics,West,Marketplace,1,249.0,249.0
107741,2025-12-28,CUST01769,Hair Dryer,Beauty & Personal Care,South,Online,2,959.2,1918.4
104013,2025-01-15,CUST00535,Running Shoes,Fashion,Central,Online,1,2499.0,2499.0
103181,2024-11-10,CUST00924,Dumbbell Set,Sports & Fitness,West,Marketplace,1,2199.0,2199.0
107769,2025-12-29,CUST00291,Cotton T-Shirt,Fashion,South,Marketplace,1,599.0,599.0
101654,2024-06-29,CUST00469,Storage Containers,Home & Kitchen,East,Retail Store,1,499.0,499.0
100750,2024-03-18,CUST01991,Water Bottle,Sports & Fitness,West,Online,2,349.0,698.0
100689,2024-03-12,CUST00627,Blender,Home & Kitchen,East,Online,1,1599.0,1599.0
106563,2025-10-05,CUST01585,Water Bottle,Sports & Fitness,South,Retail Store,1,279.2,279.2
105181,2025-05-17,CUST01281,Running Shoes,Fashion,West,Marketplace,1,2499.0,2499.0
103373,2024-11-22,CUST01245,Laptop Stand,Electronics,North,Retail Store,1,799.0,799.0
103097,2024-11-04,CUST01431,Face Serum,Beauty & Personal Care,Central,Online,1,699.0,699.0
101559,2024-06-17,CUST01200,Hair Dryer,Beauty & Personal Care,North,Online,1,1199.0,1199.0
101082,2024-04-24,CUST01199,Sunscreen SPF50,Beauty & Personal Care,South,Retail Store,1,449.0,449.0
103472,2024-11-29,CUST01855,Resistance Bands,SPORTS & FITNESS,West,Online,2,399.0,798.0
101854,2024-07-20,CUST00271,Resistance Bands,Sports & Fitness,North,Online,1,399.0,399.0
104085,2025-01-22,CUST01836,Air Fryer,Home & Kitchen,East,Online,1,3499.0,3499.0
104713,2025-03-29,CUST02582,Denim Jacket,Fashion,North,Marketplace,1,1699.15,1699.15
106846,2025-10-25,CUST01042,Face Serum,Beauty & Personal Care,West,Online,1,629.1,629.1
105826,2025-07-27,CUST01965,Backpack,Fashion,South,Online,1,1399.0,1399.0
106987,2025-11-04,CUST02433,Storage Containers,Home & Kitchen,Central,Online,1,499.0,499.0
107538,2025-12-11,CUST02445,Running Shoes,Fashion,West,Marketplace,2,2499.0,4998.0
102660,2024-10-06,CUST00223,Water Bottle,Sports & Fitness,East,Marketplace,1,349.0,349.0
107571,2025-12-14,CUST01635,Yoga Mat,Sports & Fitness,South,Online,3,599.0,1797.0
102190,2024-08-24,CUST01848,Face Serum,Beauty & Personal Care,Central,Online,1,559.2,559.2
103990,2025-01-13,CUST00235,Face Serum,Beauty & Personal Care,South,Online,1,699.0,699.0
101532,2024-06-14,CUST01113,Wireless Earbuds,Electronics,Central,Marketplace,1,1199.2,1199.2
105346,2025-06-07,CUST01222,Hair Dryer,Beauty & Personal Care,South,Online,3,1199.0,3597.0
107547,2025-12-11,CUST00061,Laptop Stand,Electronics,West,Online,1,799.0,799.0
100339,2024-02-05,CUST00195,Hair Dryer,Beauty & Personal Care,West,Marketplace,1,1199.0,1199.0
102348,2024-09-09,CUST00242,Trimmer,BEAUTY & PERSONAL CARE,South,Marketplace,2,999.0,1998.0
104944,2025-04-23,CUST01772,Running Shoes,Fashion,South,Marketplace,2,2499.0,4998.0
101252,2024-05-12,CUST01923,Cotton T-Shirt,Fashion,West,Online,1,599.0,599.0
101893,2024-07-24,CUST02481,Power Bank,Electronics,South,Online,1,899.0,899.0
104053,2025-01-19,CUST01443,Sunglasses,Fashion,North,Online,1,719.1,719.1
103671,2024-12-16,CUST00495,Backpack,Fashion,West,Retail Store,1,1119.2,1119.2
100569,2024-03-01,CUST00167,Cotton T-Shirt,Fashion,West,Online,1,599.0,599.0
103454,2024-11-28,CUST00845,Face Serum,Beauty & Personal Care,South,Marketplace,1,699.0,699.0
105605,2025-07-05,CUST00393,Denim Jacket,Fashion,South,Online,2,1999.0,3998.0
100437,2024-02-17,CUST01325,Sunscreen SPF50,Beauty & Personal Care,East,Online,1,449.0,449.0
101560,2024-06-17,CUST02251,Yoga Mat,Sports & Fitness,East,Retail Store,1,599.0,599.0
105492,2025-06-22,CUST02144,Face Serum,Beauty & Personal Care,South,Online,1,699.0,699.0
100656,2024-03-09,CUST00161,Laptop Stand,Electronics,South,Online,1,799.0,799.0
100555,2024-02-28,CUST00362,USB-C Cable,Electronics,West,Retail Store,1,249.0,249.0
105286,2025-05-30,CUST01673,Yoga Mat,Sports & Fitness,North,Online,1,509.15,509.15
102043,2024-08-10,CUST01347,Resistance Bands,Sports & Fitness,South,Online,3,399.0,1197.0
105116,2025-05-10,CUST01746,USB-C Cable,Electronics,West,Retail Store,1,249.0,249.0
105649,2025-07-09,CUST02002,Face Serum,Beauty & Personal Care,North,Retail Store,1,699.0,699.0
105905,2025-08-04,CUST00910,Sunglasses,Fashion,South,Online,1,799.0,799.0
100603,2024-03-03,CUST01296,Backpack,Fashion,East,Online,2,1399.0,2798.0
100612,2024-03-05,CUST02077,Wireless Earbuds,Electronics,South,Marketplace,1,1499.0,1499.0
102358,2024-09-10,CUST01342,Sunscreen SPF50,Beauty & Personal Care,Central,Online,2,449.0,898.0
104205,2025-02-04,CUST00180,Laptop Stand,Electronics,North,Marketplace,1,799.0,799.0
107488,2025-12-06,CUST01156,Non-stick Pan Set,Home & Kitchen,West,Marketplace,1,1039.2,1039.2
104040,2025-01-19,CUST02353,Power Bank,ELECTRONICS,West,Online,1,899.0,899.0
102472,2024-09-20,CUST00712,Face Serum,Beauty & Personal Care,East,Retail Store,1,629.1,629.1
101734,2024-07-10,CUST01085,Cotton T-Shirt,Fashion,North,Retail Store,1,599.0,599.0
106615,2025-10-09,CUST00959,Face Serum,Beauty & Personal Care,West,Online,3,699.0,2097.0
105764,2025-07-20,CUST01094,Cotton T-Shirt,Fashion,North,Retail Store,1,599.0,599.0
100152,2024-01-19,CUST00723,Electric Kettle,Home & Kitchen,North,Online,1,899.0,899.0
106101,2025-08-23,CUST01781,Water Bottle,Sports & Fitness,West,Retail Store,1,349.0,349.0
105197,2025-05-18,CUST00438,Air Fryer,Home & Kitchen,South,Online,1,3499.0,3499.0
104266,2025-02-10,CUST00570,Laptop Stand,Electronics,West,Retail Store,1,799.0,799.0
102074,2024-08-13,CUST02471,USB-C Cable,Electronics,South,Online,2,249.0,498.0
100783,2024-03-23,CUST02548,Face Serum,Beauty & Personal Care,South,Retail Store,1,699.0,699.0
104494,2025-03-08,CUST01406,Smartwatch,Electronics,South,Retail Store,1,2999.0,2999.0
103054,2024-11-01,CUST01409,Denim Jacket,Fashion,North,Online,1,1999.0,1999.0
100167,2024-01-20,CUST01581,Dumbbell Set,Sports & Fitness,South,Online,1,2199.0,2199.0
103790,2024-12-24,CUST00295,Blender,Home & Kitchen,North,Online,2,1599.0,3198.0
107434,2025-12-03,CUST00343,Denim Jacket,Fashion,South,Online,3,1999.0,5997.0
107110,2025-11-12,CUST02272,Blender,Home & Kitchen,Central,Retail Store,1,1359.15,1359.15
106508,2025-10-02,CUST01017,Storage Containers,Home & Kitchen,South,Retail Store,1,424.15,424.15
106610,2025-10-09,CUST02531,Power Bank,Electronics,West,Marketplace,2,809.1,1618.2
100143,2024-01-18,CUST01090,Power Bank,Electronics,East,Online,1,899.0,899.0
101987,2024-08-04,CUST01085,Wireless Earbuds,Electronics,South,Online,1,1499.0,1499.0
105239,2025-05-24,CUST02100,USB-C Cable,Electronics,North,Online,1,249.0,249.0
106486,2025-10-01,CUST01927,Wireless Earbuds,Electronics,South,Marketplace,1,1499.0,1499.0
106636,2025-10-11,CUST00813,Denim Jacket,Fashion,East,Retail Store,1,1999.0,1999.0
104060,2025-01-21,CUST02472,Resistance Bands,Sports & Fitness,South,Online,1,399.0,399.0
103444,2024-11-27,CUST00018,Backpack,Fashion,South,Online,1,1119.2,1119.2
103982,2025-01-12,CUST00507,Bluetooth Speaker,Electronics,East,Retail Store,2,1709.1,3418.2
102694,2024-10-08,CUST00664,Dumbbell Set,Sports & Fitness,Central,Online,1,2199.0,2199.0
104334,2025-02-19,CUST00088,Water Bottle,Sports & Fitness,North,Online,1,296.65,296.65
100990,2024-04-13,CUST00406,Trimmer,Beauty & Personal Care,Central,Retail Store,1,849.15,849.15
103423,2024-11-25,CUST00142,Blender,Home & Kitchen,West,Online,1,1359.15,1359.15
106720,2025-10-17,CUST01825,Trimmer,Beauty & Personal Care,East,Online,1,999.0,999.0
101759,2024-07-12,CUST01262,Trimmer,Beauty & Personal Care,East,Retail Store,1,899.1,899.1
102370,2024-09-12,CUST00867,Sunglasses,Fashion,West,Retail Store,1,799.0,799.0
101022,2024-04-16,CUST02499,Hair Dryer,Beauty & Personal Care,North,Online,1,1199.0,1199.0
106446,2025-09-27,CUST00113,Laptop Stand,Electronics,Central,Marketplace,2,799.0,1598.0
100867,2024-04-01,CUST01539,Hair Dryer,Beauty & Personal Care,North,Online,2,1199.0,2398.0
103021,2024-10-30,CUST01898,Backpack,Fashion,Central,Retail Store,1,1399.0,1399.0
107267,2025-11-22,CUST01709,Storage Containers,Home & Kitchen,North,Retail Store,1,499.0,499.0
106912,2025-10-29,CUST00490,Blender,Home & Kitchen,South,Online,1,1599.0,1599.0
104923,2025-04-20,CUST01409,Laptop Stand,Electronics,South,Online,1,679.15,679.15
101698,2024-07-06,CUST00790,Face Serum,Beauty & Personal Care,North,Online,3,699.0,2097.0
105884,2025-08-02,CUST01937,Sunscreen SPF50,Beauty & Personal Care,North,Online,1,449.0,449.0
100328,2024-02-03,CUST01512,Resistance Bands,SPORTS & FITNESS,North,Marketplace,1,399.0,399.0
105618,2025-07-06,CUST01630,Resistance Bands,Sports & Fitness,North,Retail Store,1,359.1,359.1
100804,2024-03-24,CUST02262,Trimmer,Beauty & Personal Care,Central,Online,1,999.0,999.0
105523,2025-06-26,CUST02101,Cotton T-Shirt,Fashion,South,Retail Store,2,599.0,1198.0
105957,2025-08-09,CUST00543,Electric Kettle,Home & Kitchen,South,Retail Store,1,764.15,764.15
107462,2025-12-05,CUST02182,USB-C Cable,Electronics,South,Online,1,249.0,249.0
102904,2024-10-23,CUST02554,Blender,Home & Kitchen,North,Online,2,1599.0,3198.0
106681,2025-10-14,CUST02353,Storage Containers,Home & Kitchen,North,Online,2,424.15,848.3
105160,2025-05-15,CUST00193,Smartwatch,Electronics,Central,Online,3,2999.0,8997.0
104162,2025-01-31,CUST00524,Bluetooth Speaker,Electronics,South,Marketplace,1,1614.15,1614.15
105237,2025-05-24,CUST00182,Dumbbell Set,Sports & Fitness,North,Retail Store,1,2199.0,2199.0
100402,2024-02-13,CUST02149,Non-stick Pan Set,Home & Kitchen,North,Online,1,1104.15,1104.15
103414,2024-11-24,CUST01417,Power Bank,Electronics,West,Marketplace,1,899.0,899.0
101347,2024-05-22,CUST02059,Sunscreen SPF50,Beauty & Personal Care,North,Online,2,449.0,898.0
102392,2024-09-14,CUST01850,Laptop Stand,Electronics,South,Retail Store,1,799.0,799.0
101268,2024-05-14,CUST01426,Non-stick Pan Set,Home & Kitchen,North,Online,2,1299.0,2598.0
101444,2024-06-03,CUST00237,Backpack,Fashion,North,Marketplace,1,1399.0,1399.0
106735,2025-10-18,CUST00995,Wireless Earbuds,Electronics,North,Online,1,1499.0,1499.0
100186,2024-01-21,CUST01154,Electric Kettle,Home & Kitchen,Central,Marketplace,1,899.0,899.0
107012,2025-11-06,CUST00288,Cotton T-Shirt,Fashion,Central,Online,1,599.0,599.0
102086,2024-08-14,CUST01334,Bluetooth Speaker,Electronics,West,Marketplace,1,1899.0,1899.0
100097,2024-01-12,CUST02210,Bluetooth Speaker,Electronics,South,Online,1,1899.0,1899.0
106170,2025-08-31,CUST01495,Bluetooth Speaker,Electronics,South,Online,1,1899.0,1899.0
107371,2025-11-29,CUST00023,Resistance Bands,Sports & Fitness,East,Marketplace,1,399.0,399.0
102120,2024-08-18,CUST00588,Sunscreen SPF50,Beauty & Personal Care,South,Online,1,449.0,449.0
105048,2025-05-03,CUST01594,Air Fryer,Home & Kitchen,South,Online,2,2974.15,5948.3
106100,2025-08-23,CUST01402,Hair Dryer,Beauty & Personal Care,South,Online,1,1199.0,1199.0
104766,2025-04-04,CUST01707,Backpack,Fashion,South,Online,1,1399.0,1399.0
101753,2024-07-12,CUST00614,Hair Dryer,Beauty & Personal Care,North,Online,2,1199.0,2398.0
100470,2024-02-20,CUST02321,Denim Jacket,Fashion,North,Online,1,1999.0,1999.0
104981,2025-04-26,CUST02316,Backpack,Fashion,South,Online,1,1399.0,1399.0
105275,2025-05-28,CUST01998,Electric Kettle,Home & Kitchen,South,Marketplace,1,899.0,899.0
101660,2024-06-30,CUST02117,Non-stick Pan Set,Home & Kitchen,North,Online,1,1299.0,1299.0
103763,2024-12-22,CUST01065,Bluetooth Speaker,Electronics,North,Online,1,1519.2,1519.2
103239,2024-11-14,CUST00306,Power Bank,Electronics,East,Retail Store,1,899.0,899.0
103826,2024-12-28,CUST01025,Wireless Earbuds,Electronics,East,Online,1,1199.2,1199.2
101477,2024-06-07,CUST02466,Backpack,Fashion,Central,Online,1,1399.0,1399.0
107461,2025-12-05,CUST00523,Bluetooth Speaker,Electronics,West,Online,1,1899.0,1899.0
103159,2024-11-09,CUST01639,Air Fryer,Home & Kitchen,South,Online,1,3499.0,3499.0
104026,2025-01-17,CUST02438,Running Shoes,Fashion,North,Retail Store,1,2499.0,2499.0
105172,2025-05-16,CUST01006,Cotton T-Shirt,Fashion,Central,Retail Store,1,599.0,599.0
107614,2025-12-18,CUST01516,Backpack,Fashion,South,Online,2,1399.0,2798.0
101378,2024-05-27,CUST01845,Dumbbell Set,Sports & Fitness,Central,Retail Store,1,2199.0,2199.0
103042,2024-10-31,CUST01414,Air Fryer,Home & Kitchen,South,Retail Store,1,3499.0,3499.0
101222,2024-05-08,CUST01758,Dumbbell Set,Sports & Fitness,South,Online,1,2199.0,2199.0
105067,2025-05-04,CUST01823,Storage Containers,Home & Kitchen,South,Online,1,499.0,499.0
107153,2025-11-14,CUST01428,USB-C Cable,Electronics,South,Online,1,224.1,224.1
104822,2025-04-10,CUST02112,Sunscreen SPF50,Beauty & Personal Care,North,Online,1,449.0,449.0
102213,2024-08-27,CUST01233,Hair Dryer,Beauty & Personal Care,South,Online,1,1079.1,1079.1
104058,2025-01-20,CUST00289,Water Bottle,Sports & Fitness,West,Retail Store,1,279.2,279.2
100944,2024-04-08,CUST00277,Wireless Earbuds,Electronics,West,Online,2,1349.1,2698.2
104503,2025-03-09,CUST01526,Storage Containers,Home & Kitchen,South,Online,1,449.1,449.1
100242,2024-01-27,CUST02507,USB-C Cable,Electronics,North,Marketplace,1,224.1,224.1
101927,2024-07-28,CUST00907,Power Bank,Electronics,North,Retail Store,1,899.0,899.0
102604,2024-10-03,CUST01769,Face Serum,Beauty & Personal Care,East,Online,1,699.0,699.0
100527,2024-02-25,CUST01288,Yoga Mat,Sports & Fitness,East,Online,1,599.0,599.0
103786,2024-12-24,CUST02132,Running Shoes,Fashion,South,Marketplace,1,2124.15,2124.15
101160,2024-05-01,CUST02226,Backpack,Fashion,South,Retail Store,1,1259.1,1259.1
105818,2025-07-26,CUST00964,Wireless Earbuds,Electronics,Central,Marketplace,1,1499.0,1499.0
105012,2025-04-28,CUST01527,Trimmer,Beauty & Personal Care,North,Online,1,999.0,999.0
102961,2024-10-26,CUST01475,Yoga Mat,Sports & Fitness,Central,Online,1,599.0,599.0
102253,2024-09-01,CUST02154,USB-C Cable,Electronics,North,Marketplace,1,249.0,249.0
106377,2025-09-21,CUST00081,USB-C Cable,Electronics,Central,Marketplace,1,249.0,249.0
104526,2025-03-12,CUST02277,Trimmer,Beauty & Personal Care,East,Online,2,999.0,1998.0
104294,2025-02-15,CUST01527,Hair Dryer,Beauty & Personal Care,Central,Retail Store,1,1079.1,1079.1
102326,2024-09-08,CUST00559,Cotton T-Shirt,Fashion,North,Online,2,599.0,1198.0
106477,2025-09-30,CUST02587,Trimmer,Beauty & Personal Care,West,Online,1,799.2,799.2
101479,2024-06-07,CUST00725,Blender,Home & Kitchen,Central,Marketplace,1,1599.0,1599.0
104435,2025-03-02,CUST02552,Resistance Bands,Sports & Fitness,North,Online,2,399.0,798.0
103989,2025-01-13,CUST02061,Bluetooth Speaker,Electronics,West,Online,1,1899.0,1899.0
106103,2025-08-23,CUST01737,Blender,Home & Kitchen,North,Retail Store,1,1599.0,1599.0
104350,2025-02-21,CUST01562,Storage Containers,Home & Kitchen,West,Retail Store,1,499.0,499.0
100321,2024-02-03,CUST02236,Hair Dryer,Beauty & Personal Care,Central,Online,1,1079.1,1079.1
106433,2025-09-26,CUST02427,Sunglasses,Fashion,Central,Retail Store,1,799.0,799.0
104216,2025-02-05,CUST01834,Water Bottle,Sports & Fitness,North,Online,3,349.0,1047.0
101085,2024-04-24,CUST01458,USB-C Cable,Electronics,East,Marketplace,1,211.65,211.65
103653,2024-12-14,CUST00961,Electric Kettle,Home & Kitchen,Central,Retail Store,1,899.0,899.0
101192,2024-05-05,CUST01938,Air Fryer,Home & Kitchen,West,Marketplace,1,3499.0,3499.0
103828,2024-12-28,CUST01743,Water Bottle,Sports & Fitness,East,Online,2,349.0,698.0
100621,2024-03-05,CUST00746,Face Serum,Beauty & Personal Care,North,Online,1,559.2,559.2
102099,2024-08-16,CUST00582,Denim Jacket,Fashion,East,Online,1,1999.0,1999.0
104847,2025-04-12,CUST02327,Cotton T-Shirt,Fashion,South,Retail Store,1,599.0,599.0
105373,2025-06-09,CUST00239,Trimmer,Beauty & Personal Care,East,Online,1,999.0,999.0
102804,2024-10-15,CUST00461,Wireless Earbuds,Electronics,North,Retail Store,1,1349.1,1349.1
101865,2024-07-21,CUST02464,Bluetooth Speaker,Electronics,East,Online,3,1899.0,5697.0
102296,2024-09-05,CUST00639,Yoga Mat,Sports & Fitness,East,Retail Store,1,599.0,599.0
101960,2024-08-01,CUST00320,USB-C Cable,Electronics,,Online,3,249.0,747.0
107732,2025-12-27,CUST01605,Sunglasses,Fashion,West,Online,1,679.15,679.15
100578,2024-03-02,CUST01521,Air Fryer,Home & Kitchen,East,Online,1,3499.0,3499.0
101396,2024-05-28,CUST02531,Non-stick Pan Set,Home & Kitchen,West,Online,1,1299.0,1299.0
105256,2025-05-26,CUST01717,Storage Containers,Home & Kitchen,North,Online,1,499.0,499.0
102755,2024-10-12,CUST00218,Resistance Bands,Sports & Fitness,North,Marketplace,1,399.0,399.0
101806,2024-07-16,CUST01761,USB-C Cable,Electronics,Central,Retail Store,1,249.0,249.0
102855,2024-10-19,CUST01726,Bluetooth Speaker,Electronics,West,Online,2,1899.0,3798.0
106780,2025-10-20,CUST00517,Bluetooth Speaker,Electronics,East,Online,2,1899.0,3798.0
104367,2025-02-23,CUST01219,Cotton T-Shirt,Fashion,West,Retail Store,2,539.1,1078.2
100171,2024-01-20,CUST01139,Denim Jacket,Fashion,East,Online,3,1999.0,5997.0
102042,2024-08-10,CUST02092,Blender,Home & Kitchen,North,Online,2,1599.0,3198.0
105503,2025-06-23,CUST01741,Wireless Earbuds,Electronics,South,Retail Store,1,1499.0,1499.0
101234,2024-05-09,CUST02075,Storage Containers,Home & Kitchen,Central,Online,1,499.0,499.0
105952,2025-08-09,CUST01408,Non-stick Pan Set,HOME & KITCHEN,North,Online,1,1039.2,1039.2
106723,2025-10-17,CUST01528,Non-stick Pan Set,Home & Kitchen,South,Retail Store,1,1299.0,1299.0
105772,2025-07-21,CUST00765,Resistance Bands,Sports & Fitness,South,Marketplace,1,399.0,399.0
106240,2025-09-07,CUST01772,Wireless Earbuds,Electronics,North,Marketplace,1,1499.0,1499.0
105813,2025-07-26,CUST01228,Blender,Home & Kitchen,South,Online,1,1599.0,1599.0
101276,2024-05-15,CUST02580,Face Serum,Beauty & Personal Care,North,Retail Store,2,629.1,1258.2
103119,2024-11-06,CUST01246,Laptop Stand,Electronics,West,Retail Store,2,799.0,1598.0
104396,2025-02-25,CUST00665,Running Shoes,Fashion,West,Online,2,2499.0,4998.0
102950,2024-10-25,CUST02073,Resistance Bands,Sports & Fitness,South,Retail Store,1,399.0,399.0
107573,2025-12-14,CUST02135,Backpack,Fashion,East,Marketplace,1,1399.0,1399.0
101891,2024-07-24,CUST01695,Air Fryer,Home & Kitchen,South,Online,1,3499.0,3499.0
100678,2024-03-11,CUST01294,Blender,Home & Kitchen,North,Online,1,1599.0,1599.0
105855,2025-07-31,CUST01105,Hair Dryer,Beauty & Personal Care,North,Marketplace,2,1199.0,2398.0
105082,2025-05-06,CUST00764,Water Bottle,Sports & Fitness,South,Online,1,349.0,349.0
105946,2025-08-08,CUST00019,Dumbbell Set,Sports & Fitness,South,Marketplace,2,2199.0,4398.0
105046,2025-05-03,CUST01929,Sunglasses,Fashion,East,Online,1,799.0,799.0
101297,2024-05-18,CUST02390,Dumbbell Set,Sports & Fitness,South,Online,2,1869.15,3738.3
104392,2025-02-25,CUST00943,Non-stick Pan Set,Home & Kitchen,West,Online,1,1104.15,1104.15
104150,2025-01-29,CUST00992,Backpack,Fashion,South,Online,2,1399.0,2798.0
103401,2024-11-24,CUST01923,Running Shoes,Fashion,East,Online,1,2124.15,2124.15
107254,2025-11-21,CUST00678,Hair Dryer,Beauty & Personal Care,East,Online,1,1199.0,1199.0
106992,2025-11-04,CUST00520,Sunglasses,Fashion,West,Retail Store,1,719.1,719.1
103901,2025-01-03,CUST01634,Water Bottle,Sports & Fitness,South,Online,1,349.0,349.0
106524,2025-10-03,CUST02179,Wireless Earbuds,Electronics,North,Online,1,1499.0,1499.0
103343,2024-11-20,CUST00264,Storage Containers,Home & Kitchen,East,Retail Store,1,499.0,499.0
100302,2024-02-01,CUST01504,Water Bottle,Sports & Fitness,North,Marketplace,2,296.65,593.3
100366,2024-02-09,CUST00234,Non-stick Pan Set,Home & Kitchen,North,Online,1,1039.2,1039.2
107608,2025-12-17,CUST00620,Non-stick Pan Set,Home & Kitchen,West,Online,1,1299.0,1299.0
104199,2025-02-03,CUST01801,Sunglasses,Fashion,North,Online,1,639.2,639.2
106707,2025-10-17,CUST00087,Water Bottle,Sports & Fitness,West,Online,1,349.0,349.0
102796,2024-10-15,CUST01838,Denim Jacket,Fashion,East,Retail Store,1,1999.0,1999.0
103695,2024-12-17,CUST02590,Dumbbell Set,Sports & Fitness,South,Online,1,2199.0,2199.0
100858,2024-03-31,CUST01615,Backpack,Fashion,East,Online,1,1189.15,1189.15
107698,2025-12-25,CUST00325,Bluetooth Speaker,Electronics,South,Marketplace,1,1899.0,1899.0
103006,2024-10-29,CUST00717,Air Fryer,Home & Kitchen,North,Online,1,3499.0,3499.0
105391,2025-06-11,CUST00907,Face Serum,Beauty & Personal Care,North,Marketplace,1,699.0,699.0
106196,2025-09-03,CUST01856,Electric Kettle,Home & Kitchen,Central,Online,2,899.0,1798.0
107208,2025-11-18,CUST02066,Sunscreen SPF50,Beauty & Personal Care,East,Retail Store,2,449.0,898.0
104471,2025-03-06,CUST01061,Cotton T-Shirt,Fashion,West,Marketplace,1,599.0,599.0
100545,2024-02-27,CUST01859,Smartwatch,ELECTRONICS,East,Retail Store,1,2999.0,2999.0
104388,2025-02-24,CUST02448,Storage Containers,Home & Kitchen,North,Online,1,449.1,449.1
105723,2025-07-16,CUST01346,Dumbbell Set,SPORTS & FITNESS,North,Online,1,2199.0,2199.0
103689,2024-12-17,CUST02481,Face Serum,Beauty & Personal Care,South,Online,1,699.0,699.0
104486,2025-03-07,CUST02140,Hair Dryer,Beauty & Personal Care,North,Online,1,1199.0,1199.0
102870,2024-10-20,CUST00857,Backpack,Fashion,North,Marketplace,1,1399.0,1399.0
105695,2025-07-13,CUST01506,Trimmer,Beauty & Personal Care,West,Marketplace,1,999.0,999.0
101871,2024-07-22,CUST02363,Power Bank,Electronics,West,Online,2,719.2,1438.4
107447,2025-12-04,CUST00767,Laptop Stand,Electronics,South,Online,1,719.1,719.1
103232,2024-11-13,CUST00697,Yoga Mat,Sports & Fitness,North,Marketplace,1,599.0,599.0
104507,2025-03-09,CUST00422,Storage Containers,Home & Kitchen,Central,Online,1,399.2,399.2
101895,2024-07-24,CUST02030,Electric Kettle,Home & Kitchen,Central,Marketplace,2,899.0,1798.0
101185,2024-05-04,CUST01374,Cotton T-Shirt,Fashion,South,Online,1,599.0,599.0
106373,2025-09-20,CUST00635,Blender,Home & Kitchen,North,Retail Store,1,1599.0,1599.0
103005,2024-10-28,CUST01763,Sunglasses,Fashion,South,Online,1,799.0,799.0
101899,2024-07-25,CUST00491,Trimmer,Beauty & Personal Care,West,Online,2,899.1,1798.2
100833,2024-03-28,CUST01774,Wireless Earbuds,Electronics,West,Online,2,1499.0,2998.0
100691,2024-03-12,CUST00112,Running Shoes,Fashion,East,Online,1,2499.0,2499.0
106405,2025-09-24,CUST00953,Blender,Home & Kitchen,South,Retail Store,1,1599.0,1599.0
103777,2024-12-23,CUST01228,USB-C Cable,Electronics,North,Online,1,249.0,249.0
101513,2024-06-11,CUST00043,Air Fryer,Home & Kitchen,West,Online,1,2974.15,2974.15
106562,2025-10-05,CUST00738,Power Bank,Electronics,North,Online,2,899.0,1798.0
103883,2025-01-01,CUST00632,Air Fryer,Home & Kitchen,West,Marketplace,1,3499.0,3499.0
101076,2024-04-23,CUST00916,Storage Containers,Home & Kitchen,North,Online,1,449.1,449.1
107557,2025-12-12,CUST00326,Sunglasses,Fashion,North,Marketplace,1,639.2,639.2
105265,2025-05-27,CUST02118,Non-stick Pan Set,Home & Kitchen,West,Online,1,1299.0,1299.0
102112,2024-08-17,CUST01539,Hair Dryer,Beauty & Personal Care,East,Retail Store,1,1199.0,1199.0
104866,2025-04-14,CUST00168,Running Shoes,Fashion,West,Online,1,2499.0,2499.0
106741,2025-10-18,CUST00501,Water Bottle,Sports & Fitness,West,Marketplace,1,349.0,349.0
107320,2025-11-26,CUST01640,Power Bank,Electronics,North,Marketplace,2,809.1,1618.2
102603,2024-10-03,CUST02011,Non-stick Pan Set,Home & Kitchen,North,Online,1,1299.0,1299.0
101947,2024-07-31,CUST00620,Storage Containers,Home & Kitchen,West,Marketplace,1,499.0,499.0
107140,2025-11-14,CUST01138,Running Shoes,Fashion,North,Online,1,2499.0,2499.0
107166,2025-11-15,CUST01321,Sunglasses,Fashion,West,Online,1,799.0,799.0
100753,2024-03-18,CUST01409,Trimmer,Beauty & Personal Care,East,Marketplace,1,999.0,999.0
101362,2024-05-25,CUST02305,Air Fryer,Home & Kitchen,North,Marketplace,1,3499.0,3499.0
105018,2025-04-29,CUST01433,Air Fryer,Home & Kitchen,South,Online,1,2974.15,2974.15
102683,2024-10-07,CUST01625,Trimmer,Beauty & Personal Care,West,Online,1,999.0,999.0
103285,2024-11-17,CUST00075,Running Shoes,Fashion,South,Marketplace,1,2124.15,2124.15
106262,2025-09-09,CUST01440,Storage Containers,Home & Kitchen,East,Marketplace,1,499.0,499.0
100364,2024-02-09,CUST00282,Resistance Bands,Sports & Fitness,South,Online,1,399.0,399.0
102765,2024-10-12,CUST01846,Running Shoes,Fashion,South,Marketplace,2,2499.0,4998.0
101136,2024-04-28,CUST01304,Trimmer,Beauty & Personal Care,East,Marketplace,1,999.0,999.0
103213,2024-11-12,CUST00904,Blender,Home & Kitchen,East,Online,3,1599.0,4797.0
103808,2024-12-26,CUST02416,Resistance Bands,Sports & Fitness,West,Retail Store,3,399.0,1197.0
101680,2024-07-02,CUST02071,Water Bottle,Sports & Fitness,West,Marketplace,1,349.0,349.0
104647,2025-03-23,CUST01170,Trimmer,Beauty & Personal Care,South,Marketplace,2,849.15,1698.3
103590,2024-12-09,CUST02363,Resistance Bands,Sports & Fitness,West,Online,1,359.1,359.1
102357,2024-09-10,CUST02502,Electric Kettle,Home & Kitchen,North,Retail Store,1,899.0,899.0
105290,2025-05-31,CUST00505,Wireless Earbuds,Electronics,West,Retail Store,1,1499.0,1499.0
101623,2024-06-25,CUST01362,Cotton T-Shirt,Fashion,East,Online,1,599.0,599.0
107385,2025-11-30,CUST00145,Cotton T-Shirt,Fashion,Central,Retail Store,1,479.2,479.2
106058,2025-08-19,CUST01207,Electric Kettle,Home & Kitchen,,Retail Store,1,899.0,899.0
104098,2025-01-24,CUST00063,Running Shoes,Fashion,North,Online,1,2499.0,2499.0
103015,2024-10-29,CUST01517,USB-C Cable,Electronics,North,Online,1,249.0,249.0
104811,2025-04-09,CUST01705,Denim Jacket,Fashion,East,Retail Store,1,1999.0,1999.0
104939,2025-04-22,CUST00851,Water Bottle,Sports & Fitness,South,Online,1,349.0,349.0
102069,2024-08-12,CUST01669,Running Shoes,Fashion,,Online,1,2499.0,2499.0
104390,2025-02-25,CUST02042,Dumbbell Set,Sports & Fitness,Central,Marketplace,3,2199.0,6597.0
100880,2024-04-02,CUST01171,Laptop Stand,Electronics,North,Online,1,719.1,719.1
107017,2025-11-06,CUST00058,Face Serum,Beauty & Personal Care,West,Online,2,699.0,1398.0
103798,2024-12-25,CUST01472,Backpack,FASHION,East,Online,1,1399.0,1399.0
104960,2025-04-24,CUST01373,Blender,Home & Kitchen,South,Marketplace,2,1599.0,3198.0
100759,2024-03-19,CUST02023,Yoga Mat,Sports & Fitness,West,Retail Store,1,599.0,599.0
103122,2024-11-06,CUST01280,Sunscreen SPF50,Beauty & Personal Care,South,Marketplace,1,404.1,404.1
102403,2024-09-14,CUST00924,Denim Jacket,Fashion,South,Retail Store,1,1999.0,1999.0
102060,2024-08-11,CUST00397,Face Serum,Beauty & Personal Care,North,Retail Store,1,699.0,699.0
105665,2025-07-11,CUST02195,Denim Jacket,Fashion,South,Marketplace,1,1699.15,1699.15
105268,2025-05-27,CUST00028,Running Shoes,Fashion,North,Marketplace,1,2499.0,2499.0
102578,2024-10-01,CUST00382,Yoga Mat,Sports & Fitness,West,Online,1,599.0,599.0
101912,2024-07-27,CUST00357,Sunglasses,Fashion,West,Online,1,799.0,799.0
105206,2025-05-20,CUST02511,Non-stick Pan Set,Home & Kitchen,West,Retail Store,1,1299.0,1299.0
107050,2025-11-08,CUST00786,Sunglasses,Fashion,North,Marketplace,1,799.0,799.0
101074,2024-04-23,CUST01325,Running Shoes,Fashion,North,Online,1,2499.0,2499.0
100059,2024-01-07,CUST02067,Water Bottle,Sports & Fitness,Central,Online,1,349.0,349.0
106966,2025-11-02,CUST01912,Dumbbell Set,Sports & Fitness,East,Retail Store,1,2199.0,2199.0
102295,2024-09-05,CUST01762,Air Fryer,Home & Kitchen,North,Online,1,3499.0,3499.0
105395,2025-06-11,CUST01899,Sunscreen SPF50,Beauty & Personal Care,,Online,1,449.0,449.0
106209,2025-09-04,CUST02439,Backpack,Fashion,West,Online,1,1399.0,1399.0
102399,2024-09-14,CUST00979,Electric Kettle,Home & Kitchen,North,Online,1,899.0,899.0
103134,2024-11-07,CUST01026,Electric Kettle,Home & Kitchen,Central,Online,1,764.15,764.15
101069,2024-04-22,CUST02183,Smartwatch,Electronics,North,Online,1,2999.0,2999.0
102530,2024-09-26,CUST00924,Laptop Stand,Electronics,North,Retail Store,1,679.15,679.15
106824,2025-10-24,CUST01949,Wireless Earbuds,Electronics,West,Retail Store,1,1349.1,1349.1
101478,2024-06-07,CUST00486,Power Bank,Electronics,South,Retail Store,1,899.0,899.0
101514,2024-06-11,CUST01795,Smartwatch,Electronics,North,Online,1,2399.2,2399.2
103286,2024-11-17,CUST01064,USB-C Cable,Electronics,South,Online,1,249.0,249.0
105896,2025-08-03,CUST00699,Sunglasses,Fashion,West,Retail Store,2,799.0,1598.0
103069,2024-11-02,CUST01845,Smartwatch,Electronics,,Marketplace,2,2699.1,5398.2
106181,2025-09-01,CUST01719,Storage Containers,Home & Kitchen,Central,Retail Store,1,499.0,499.0
107025,2025-11-06,CUST02514,Smartwatch,Electronics,Central,Retail Store,1,2549.15,2549.15
104613,2025-03-20,CUST02420,USB-C Cable,Electronics,South,Online,1,249.0,249.0
107322,2025-11-26,CUST02122,Laptop Stand,Electronics,West,Online,2,799.0,1598.0
103290,2024-11-17,CUST00550,Blender,Home & Kitchen,Central,Retail Store,2,1599.0,3198.0
101800,2024-07-16,CUST02527,Power Bank,Electronics,North,Retail Store,1,809.1,809.1
106425,2025-09-25,CUST02116,Water Bottle,Sports & Fitness,South,Retail Store,1,349.0,349.0
107708,2025-12-26,CUST00411,Resistance Bands,Sports & Fitness,West,Online,1,399.0,399.0
102501,2024-09-23,CUST02175,Electric Kettle,Home & Kitchen,Central,Retail Store,1,899.0,899.0
107539,2025-12-11,CUST00672,Face Serum,Beauty & Personal Care,West,Marketplace,2,699.0,1398.0
107576,2025-12-14,CUST01475,Laptop Stand,ELECTRONICS,East,Marketplace,1,799.0,799.0
104289,2025-02-14,CUST00617,Trimmer,Beauty & Personal Care,East,Marketplace,1,999.0,999.0
103796,2024-12-25,CUST00806,Water Bottle,Sports & Fitness,West,Online,1,349.0,349.0
105628,2025-07-07,CUST01255,Air Fryer,Home & Kitchen,East,Online,1,3499.0,3499.0
105243,2025-05-25,CUST00737,Running Shoes,Fashion,North,Online,1,2249.1,2249.1
104086,2025-01-22,CUST01939,Resistance Bands,Sports & Fitness,East,Online,3,359.1,1077.3
105233,2025-05-24,CUST01697,Backpack,Fashion,East,Retail Store,2,1399.0,2798.0
102682,2024-10-07,CUST00785,Non-stick Pan Set,Home & Kitchen,West,Online,1,1299.0,1299.0
102506,2024-09-23,CUST01402,Blender,Home & Kitchen,South,Marketplace,1,1599.0,1599.0
101304,2024-05-19,CUST02331,Trimmer,Beauty & Personal Care,West,Retail Store,1,999.0,999.0
104723,2025-03-30,CUST01772,Resistance Bands,Sports & Fitness,Central,Online,1,319.2,319.2
103806,2024-12-26,CUST01908,Hair Dryer,Beauty & Personal Care,West,Online,1,1079.1,1079.1
101174,2024-05-03,CUST02009,Denim Jacket,Fashion,North,Retail Store,1,1999.0,1999.0
101433,2024-06-02,CUST01471,Backpack,Fashion,East,Online,1,1399.0,1399.0
101100,2024-04-26,CUST01958,Storage Containers,Home & Kitchen,North,Marketplace,1,499.0,499.0
107037,2025-11-08,CUST01140,Backpack,Fashion,West,Retail Store,1,1399.0,1399.0
101909,2024-07-26,CUST00200,Yoga Mat,Sports & Fitness,South,Online,1,599.0,599.0
106852,2025-10-25,CUST02319,Bluetooth Speaker,Electronics,West,Online,1,1709.1,1709.1
106840,2025-10-25,CUST01445,Trimmer,Beauty & Personal Care,South,Online,2,799.2,1598.4
107212,2025-11-18,CUST01045,Hair Dryer,Beauty & Personal Care,South,Marketplace,1,1019.15,1019.15
106085,2025-08-22,CUST01888,Trimmer,Beauty & Personal Care,North,Online,2,999.0,1998.0
101406,2024-05-29,CUST02215,Hair Dryer,Beauty & Personal Care,East,Online,2,1199.0,2398.0
106904,2025-10-28,CUST02408,Yoga Mat,Sports & Fitness,West,Online,1,599.0,599.0
107603,2025-12-16,CUST00838,Blender,Home & Kitchen,Central,Online,1,1279.2,1279.2
107659,2025-12-22,CUST00507,Sunglasses,Fashion,West,Online,1,799.0,799.0
102814,2024-10-16,CUST01352,Power Bank,Electronics,South,Marketplace,2,899.0,1798.0
100310,2024-02-02,CUST01064,Smartwatch,Electronics,North,Online,1,2999.0,2999.0
104091,2025-01-23,CUST02228,Storage Containers,Home & Kitchen,West,Online,1,499.0,499.0
100776,2024-03-22,CUST00836,Bluetooth Speaker,Electronics,East,Online,2,1899.0,3798.0
104581,2025-03-16,CUST00617,Smartwatch,Electronics,South,Online,1,2699.1,2699.1
100368,2024-02-10,CUST01994,Bluetooth Speaker,Electronics,West,Online,2,1899.0,3798.0
100571,2024-03-01,CUST02202,USB-C Cable,Electronics,South,Marketplace,1,249.0,249.0
104100,2025-01-24,CUST02276,Denim Jacket,Fashion,North,Online,1,1599.2,1599.2
104746,2025-04-01,CUST00952,Blender,Home & Kitchen,West,Online,1,1599.0,1599.0
105323,2025-06-03,CUST00130,Smartwatch,Electronics,,Online,1,2999.0,2999.0
104538,2025-03-13,CUST02012,Blender,Home & Kitchen,North,Online,1,1439.1,1439.1
101594,2024-06-23,CUST00454,Wireless Earbuds,Electronics,South,Online,1,1499.0,1499.0
102264,2024-09-02,CUST02593,Storage Containers,Home & Kitchen,South,Marketplace,1,424.15,424.15
107401,2025-12-01,CUST01524,Resistance Bands,Sports & Fitness,North,Retail Store,1,359.1,359.1
101542,2024-06-15,CUST00232,Cotton T-Shirt,Fashion,East,Marketplace,1,539.1,539.1
107653,2025-12-21,CUST01347,Resistance Bands,Sports & Fitness,East,Marketplace,2,399.0,798.0
106870,2025-10-26,CUST00927,Air Fryer,Home & Kitchen,West,Retail Store,1,3499.0,3499.0
104645,2025-03-23,CUST01691,Sunglasses,Fashion,South,Online,1,639.2,639.2
106990,2025-11-04,CUST00741,USB-C Cable,Electronics,West,Retail Store,2,249.0,498.0
107693,2025-12-25,CUST00885,Bluetooth Speaker,Electronics,North,Retail Store,1,1899.0,1899.0
105363,2025-06-08,CUST02163,Denim Jacket,Fashion,North,Online,1,1999.0,1999.0
105042,2025-05-02,CUST02333,Dumbbell Set,Sports & Fitness,Central,Online,2,2199.0,4398.0
106581,2025-10-06,CUST02334,Resistance Bands,Sports & Fitness,North,Marketplace,3,399.0,1197.0
100073,2024-01-08,CUST02082,Face Serum,Beauty & Personal Care,Central,Retail Store,1,629.1,629.1
104830,2025-04-11,CUST02558,Face Serum,Beauty & Personal Care,West,Marketplace,1,594.15,594.15
105794,2025-07-23,CUST01072,Electric Kettle,Home & Kitchen,South,Marketplace,1,719.2,719.2
104859,2025-04-13,CUST00975,Electric Kettle,Home & Kitchen,North,Retail Store,1,899.0,899.0
102836,2024-10-17,CUST01134,Face Serum,Beauty & Personal Care,North,Marketplace,1,699.0,699.0
104270,2025-02-11,CUST00601,Trimmer,Beauty & Personal Care,West,Retail Store,1,999.0,999.0
107000,2025-11-05,CUST02002,Blender,Home & Kitchen,South,Retail Store,1,1599.0,1599.0
103737,2024-12-21,CUST00675,Sunscreen SPF50,Beauty & Personal Care,Central,Online,2,359.2,718.4
106254,2025-09-08,CUST01053,Electric Kettle,Home & Kitchen,North,Online,1,899.0,899.0
102512,2024-09-24,CUST01713,USB-C Cable,Electronics,North,Online,1,249.0,249.0
101781,2024-07-14,CUST00613,Sunscreen SPF50,Beauty & Personal Care,East,Retail Store,2,449.0,898.0
101776,2024-07-14,CUST00094,Face Serum,Beauty & Personal Care,West,Online,1,699.0,699.0
101535,2024-06-14,CUST00084,Sunglasses,Fashion,South,Retail Store,2,799.0,1598.0
104935,2025-04-22,CUST00455,Storage Containers,Home & Kitchen,South,Online,2,499.0,998.0
103106,2024-11-05,CUST01615,Wireless Earbuds,Electronics,South,Online,1,1499.0,1499.0
103766,2024-12-22,CUST01218,Denim Jacket,Fashion,East,Online,1,1999.0,1999.0
103335,2024-11-20,CUST01189,Face Serum,Beauty & Personal Care,East,Retail Store,1,559.2,559.2
105924,2025-08-06,CUST01709,Resistance Bands,Sports & Fitness,North,Online,3,399.0,1197.0
104961,2025-04-24,CUST01849,Blender,Home & Kitchen,Central,Online,1,1599.0,1599.0
107165,2025-11-15,CUST02126,Power Bank,Electronics,West,Online,2,899.0,1798.0
105135,2025-05-12,CUST02529,Sunglasses,Fashion,West,Retail Store,1,799.0,799.0
105758,2025-07-20,CUST00305,Face Serum,Beauty & Personal Care,North,Online,2,629.1,1258.2
106003,2025-08-14,CUST01450,Hair Dryer,Beauty & Personal Care,North,Online,1,959.2,959.2
104395,2025-02-25,CUST01257,Cotton T-Shirt,Fashion,South,Online,3,599.0,1797.0
107028,2025-11-07,CUST00442,Yoga Mat,Sports & Fitness,South,Online,2,599.0,1198.0
104363,2025-02-23,CUST02186,Sunscreen SPF50,Beauty & Personal Care,South,Online,1,449.0,449.0
103963,2025-01-10,CUST00703,Trimmer,Beauty & Personal Care,West,Online,1,799.2,799.2
105622,2025-07-06,CUST01353,Hair Dryer,Beauty & Personal Care,East,Online,2,1079.1,2158.2
101785,2024-07-14,CUST00659,Water Bottle,Sports & Fitness,South,Marketplace,1,296.65,296.65
106340,2025-09-16,CUST02157,USB-C Cable,Electronics,East,Marketplace,1,249.0,249.0
101030,2024-04-17,CUST00803,Non-stick Pan Set,Home & Kitchen,North,Online,1,1299.0,1299.0
100520,2024-02-25,CUST01023,Blender,Home & Kitchen,West,Online,1,1599.0,1599.0
102447,2024-09-17,CUST00465,Non-stick Pan Set,Home & Kitchen,Central,Online,1,1299.0,1299.0
101915,2024-07-27,CUST01233,Face Serum,BEAUTY & PERSONAL CARE,North,Online,1,699.0,699.0
107436,2025-12-03,CUST00597,Smartwatch,Electronics,South,Marketplace,1,2999.0,2999.0
101610,2024-06-24,CUST00587,Backpack,Fashion,East,Online,1,1399.0,1399.0
106427,2025-09-26,CUST02196,Air Fryer,Home & Kitchen,West,Marketplace,0,3499.0,3499.0
100396,2024-02-12,CUST01894,Smartwatch,Electronics,North,Online,1,2399.2,2399.2
104191,2025-02-02,CUST00846,Trimmer,Beauty & Personal Care,North,Online,1,799.2,799.2
101984,2024-08-04,CUST01516,Electric Kettle,HOME & KITCHEN,South,Online,2,899.0,1798.0
101937,2024-07-29,CUST00335,Sunscreen SPF50,Beauty & Personal Care,Central,Online,1,381.65,381.65
103365,2024-11-22,CUST02327,Water Bottle,Sports & Fitness,East,Retail Store,1,349.0,349.0
106343,2025-09-17,CUST00579,Storage Containers,Home & Kitchen,Central,Online,1,499.0,499.0
105417,2025-06-14,CUST00691,Trimmer,Beauty & Personal Care,South,Online,1,999.0,999.0
101034,2024-04-18,CUST01788,Cotton T-Shirt,Fashion,Central,Marketplace,1,599.0,599.0
105757,2025-07-20,CUST01083,Cotton T-Shirt,Fashion,West,Retail Store,1,479.2,479.2
107717,2025-12-27,CUST01213,Blender,Home & Kitchen,West,Online,1,1279.2,1279.2
104389,2025-02-24,CUST00398,Water Bottle,Sports & Fitness,North,Marketplace,1,349.0,349.0
107278,2025-11-23,CUST00801,Water Bottle,Sports & Fitness,North,Online,1,349.0,349.0
100605,2024-03-04,CUST01771,Backpack,Fashion,South,Marketplace,1,1119.2,1119.2
105779,2025-07-21,CUST01971,Bluetooth Speaker,Electronics,West,Online,1,1899.0,1899.0
104978,2025-04-25,CUST02580,Cotton T-Shirt,Fashion,Central,Online,1,599.0,599.0
107626,2025-12-19,CUST01065,Water Bottle,Sports & Fitness,East,Online,1,314.1,314.1
102805,2024-10-15,CUST02097,Blender,Home & Kitchen,North,Marketplace,2,1599.0,3198.0
101432,2024-06-01,CUST01054,Dumbbell Set,Sports & Fitness,East,Retail Store,1,1979.1,1979.1
106569,2025-10-06,CUST01347,Blender,Home & Kitchen,West,Marketplace,1,1599.0,1599.0
103651,2024-12-14,CUST02598,USB-C Cable,Electronics,East,Online,1,249.0,249.0
104903,2025-04-19,CUST00859,Bluetooth Speaker,Electronics,Central,Marketplace,1,1899.0,1899.0
106808,2025-10-22,CUST00498,Backpack,Fashion,Central,Online,1,1399.0,1399.0
102366,2024-09-11,CUST00325,Backpack,Fashion,East,Marketplace,1,1189.15,1189.15
101322,2024-05-20,CUST01204,Sunglasses,Fashion,South,Retail Store,1,719.1,719.1
102577,2024-09-30,CUST00235,Face Serum,Beauty & Personal Care,South,Online,1,629.1,629.1
105044,2025-05-02,CUST01471,Blender,Home & Kitchen,East,Online,1,1359.15,1359.15
106678,2025-10-14,CUST00344,Bluetooth Speaker,Electronics,South,Retail Store,1,1899.0,1899.0
102642,2024-10-05,CUST01117,Sunscreen SPF50,Beauty & Personal Care,West,Online,1,449.0,449.0
104727,2025-03-30,CUST00972,Non-stick Pan Set,Home & Kitchen,South,Retail Store,1,1039.2,1039.2
107744,2025-12-28,CUST00486,Face Serum,Beauty & Personal Care,North,Online,1,699.0,699.0
105915,2025-08-05,CUST02542,Wireless Earbuds,Electronics,North,Marketplace,1,1499.0,1499.0
105648,2025-07-09,CUST01800,Water Bottle,Sports & Fitness,Central,Online,1,314.1,314.1
103433,2024-11-26,CUST01366,Smartwatch,Electronics,West,Retail Store,1,2999.0,2999.0
102684,2024-10-08,CUST01119,Wireless Earbuds,Electronics,South,Online,1,1499.0,1499.0
103381,2024-11-23,CUST00617,Running Shoes,Fashion,South,Retail Store,1,2249.1,2249.1
104319,2025-02-17,CUST02204,Trimmer,Beauty & Personal Care,North,Online,1,999.0,999.0
104074,2025-01-22,CUST01275,Non-stick Pan Set,Home & Kitchen,North,Online,1,1299.0,1299.0
106734,2025-10-18,CUST00891,Dumbbell Set,Sports & Fitness,North,Online,1,1979.1,1979.1
106009,2025-08-14,CUST00809,Running Shoes,Fashion,West,Online,1,2499.0,2499.0
103933,2025-01-06,CUST00826,Bluetooth Speaker,Electronics,East,Marketplace,2,1899.0,3798.0
101743,2024-07-11,CUST00758,Laptop Stand,Electronics,West,Online,1,679.15,679.15
105845,2025-07-29,CUST01506,Electric Kettle,Home & Kitchen,South,Marketplace,1,764.15,764.15
101878,2024-07-22,CUST02244,Power Bank,Electronics,Central,Online,1,899.0,899.0
105890,2025-08-03,CUST01350,Water Bottle,Sports & Fitness,West,Retail Store,1,279.2,279.2
106931,2025-10-30,CUST02492,USB-C Cable,Electronics,South,Retail Store,1,249.0,249.0
106019,2025-08-15,CUST01563,Non-stick Pan Set,Home & Kitchen,West,Online,1,1299.0,1299.0
101924,2024-07-27,CUST01670,Non-stick Pan Set,Home & Kitchen,East,Marketplace,2,1169.1,2338.2
106683,2025-10-15,CUST02459,Hair Dryer,Beauty & Personal Care,Central,Online,1,1019.15,1019.15
102842,2024-10-18,CUST01993,Non-stick Pan Set,Home & Kitchen,West,Online,1,1299.0,1299.0
104384,2025-02-24,CUST00649,Power Bank,Electronics,North,Retail Store,1,899.0,899.0
106752,2025-10-19,CUST02524,Water Bottle,Sports & Fitness,Central,Retail Store,2,349.0,698.0
107055,2025-11-08,CUST01608,Smartwatch,Electronics,South,Online,1,2699.1,2699.1
104210,2025-02-05,CUST02543,Resistance Bands,Sports & Fitness,North,Marketplace,1,399.0,399.0
100028,2024-01-04,CUST01131,Non-stick Pan Set,Home & Kitchen,Central,Marketplace,1,1104.15,1104.15
105621,2025-07-06,CUST00382,Sunscreen SPF50,Beauty & Personal Care,Central,Retail Store,1,449.0,449.0
103569,2024-12-07,CUST01661,Sunglasses,Fashion,Central,Retail Store,1,679.15,679.15
107230,2025-11-20,CUST01559,Hair Dryer,Beauty & Personal Care,North,Online,1,1199.0,1199.0
106000,2025-08-14,CUST02460,Blender,Home & Kitchen,North,Online,1,1279.2,1279.2
102177,2024-08-23,CUST01312,Denim Jacket,Fashion,East,Online,1,1799.1,1799.1
104622,2025-03-21,CUST00488,Trimmer,Beauty & Personal Care,North,Online,1,999.0,999.0
105768,2025-07-21,CUST01200,Dumbbell Set,Sports & Fitness,East,Retail Store,2,1869.15,3738.3
107224,2025-11-19,CUST01994,Cotton T-Shirt,Fashion,East,Retail Store,1,599.0,599.0
103880,2025-01-01,CUST02544,Dumbbell Set,Sports & Fitness,West,Marketplace,1,2199.0,2199.0
104603,2025-03-18,CUST00513,Storage Containers,Home & Kitchen,West,Online,1,499.0,499.0
107443,2025-12-04,CUST00831,Backpack,FASHION,Central,Online,1,1399.0,1399.0
107632,2025-12-19,CUST01667,Laptop Stand,Electronics,Central,Online,1,799.0,799.0
101224,2024-05-08,CUST00704,Sunscreen SPF50,Beauty & Personal Care,North,Retail Store,1,449.0,449.0
102445,2024-09-17,CUST01872,Electric Kettle,Home & Kitchen,East,Online,1,899.0,899.0
105798,2025-07-24,CUST02480,Power Bank,Electronics,West,Retail Store,1,899.0,899.0
103313,2024-11-18,CUST01526,Dumbbell Set,Sports & Fitness,South,Retail Store,1,2199.0,2199.0
105259,2025-05-26,CUST00786,Bluetooth Speaker,Electronics,South,Retail Store,1,1709.1,1709.1
103068,2024-11-02,CUST00184,Power Bank,Electronics,North,Marketplace,1,719.2,719.2
101627,2024-06-26,CUST01644,Wireless Earbuds,Electronics,North,Retail Store,1,1499.0,1499.0
101265,2024-05-14,CUST01705,Non-stick Pan Set,Home & Kitchen,South,Retail Store,2,1169.1,2338.2
103970,2025-01-11,CUST01328,Hair Dryer,Beauty & Personal Care,,Online,1,1199.0,1199.0
106859,2025-10-26,CUST01294,USB-C Cable,Electronics,Central,Online,1,224.1,224.1
100878,2024-04-01,CUST00135,Electric Kettle,Home & Kitchen,Central,Online,1,899.0,899.0
106336,2025-09-16,CUST02584,Trimmer,Beauty & Personal Care,South,Online,1,899.1,899.1
107533,2025-12-10,CUST02386,Laptop Stand,Electronics,South,Marketplace,1,799.0,799.0
103479,2024-11-29,CUST02082,Sunscreen SPF50,Beauty & Personal Care,North,Online,1,449.0,449.0
104110,2025-01-25,CUST00001,Hair Dryer,Beauty & Personal Care,West,Online,1,1079.1,1079.1
100482,2024-02-21,CUST01280,Wireless Earbuds,Electronics,North,Retail Store,1,1499.0,1499.0
106444,2025-09-27,CUST01089,Dumbbell Set,Sports & Fitness,South,Online,1,2199.0,2199.0
106535,2025-10-04,CUST01553,Running Shoes,Fashion,North,Marketplace,1,2499.0,2499.0
102553,2024-09-28,CUST02071,Air Fryer,Home & Kitchen,South,Online,1,3149.1,3149.1
107143,2025-11-14,CUST01494,Storage Containers,Home & Kitchen,South,Retail Store,1,499.0,499.0
104954,2025-04-23,CUST00264,Sunglasses,Fashion,West,Retail Store,1,799.0,799.0
103130,2024-11-07,CUST00028,Power Bank,Electronics,North,Retail Store,2,899.0,1798.0
104143,2025-01-28,CUST01329,Cotton T-Shirt,Fashion,South,Online,2,539.1,1078.2
102919,2024-10-23,CUST00271,Blender,Home & Kitchen,North,Online,1,1599.0,1599.0
106801,2025-10-22,CUST02331,Resistance Bands,Sports & Fitness,North,Retail Store,1,359.1,359.1
107630,2025-12-19,CUST00118,Hair Dryer,Beauty & Personal Care,North,Online,1,959.2,959.2
102315,2024-09-07,CUST02229,Water Bottle,Sports & Fitness,South,Online,1,349.0,349.0
107421,2025-12-02,CUST01985,Face Serum,Beauty & Personal Care,West,Marketplace,1,699.0,699.0
104996,2025-04-27,CUST02218,Backpack,Fashion,North,Retail Store,2,1399.0,2798.0
105119,2025-05-10,CUST01150,Dumbbell Set,Sports & Fitness,West,Online,1,2199.0,2199.0
104329,2025-02-18,CUST00382,Resistance Bands,Sports & Fitness,South,Online,1,339.15,339.15
100942,2024-04-07,CUST00704,Cotton T-Shirt,Fashion,West,Online,1,599.0,599.0
107247,2025-11-21,CUST00827,Hair Dryer,Beauty & Personal Care,West,Retail Store,1,1199.0,1199.0
107366,2025-11-29,CUST02302,Bluetooth Speaker,Electronics,West,Retail Store,1,1899.0,1899.0
107594,2025-12-16,CUST01586,Resistance Bands,Sports & Fitness,West,Retail Store,1,339.15,339.15
103238,2024-11-13,CUST00239,Wireless Earbuds,Electronics,East,Marketplace,1,1499.0,1499.0
106369,2025-09-20,CUST00708,USB-C Cable,Electronics,East,Retail Store,1,249.0,249.0
105403,2025-06-13,CUST00461,Yoga Mat,Sports & Fitness,West,Retail Store,1,599.0,599.0
101810,2024-07-17,CUST00873,Backpack,Fashion,South,Retail Store,1,1399.0,1399.0
105692,2025-07-13,CUST00642,Power Bank,Electronics,West,Online,1,899.0,899.0
101166,2024-05-02,CUST01367,Bluetooth Speaker,Electronics,South,Retail Store,1,1899.0,1899.0
100205,2024-01-23,CUST00357,Yoga Mat,Sports & Fitness,East,Online,1,509.15,509.15
106387,2025-09-22,CUST01874,Smartwatch,Electronics,Central,Online,1,2999.0,2999.0
106052,2025-08-19,CUST01217,Dumbbell Set,Sports & Fitness,West,Online,1,2199.0,2199.0
103690,2024-12-17,CUST01055,Storage Containers,Home & Kitchen,West,Retail Store,1,499.0,499.0
106905,2025-10-29,CUST01371,Non-stick Pan Set,Home & Kitchen,East,Online,1,1299.0,1299.0
103510,2024-12-01,CUST02472,Face Serum,Beauty & Personal Care,,Online,3,699.0,2097.0
101163,2024-05-02,CUST02220,Trimmer,Beauty & Personal Care,West,Online,3,999.0,2997.0
102730,2024-10-10,CUST02510,Dumbbell Set,Sports & Fitness,East,Marketplace,3,2199.0,6597.0
101601,2024-06-23,CUST00642,Smartwatch,Electronics,Central,Marketplace,1,2999.0,2999.0
100087,2024-01-10,CUST00869,Running Shoes,Fashion,North,Online,1,2499.0,2499.0
105471,2025-06-20,CUST02039,Electric Kettle,Home & Kitchen,East,Online,1,899.0,899.0
102208,2024-08-27,CUST01903,Sunglasses,Fashion,East,Online,1,799.0,799.0
103047,2024-11-01,CUST00903,Sunglasses,Fashion,East,Online,1,799.0,799.0
104718,2025-03-30,CUST02168,Blender,Home & Kitchen,Central,Online,1,1599.0,1599.0
105285,2025-05-30,CUST01648,Power Bank,Electronics,West,Retail Store,1,719.2,719.2
100365,2024-02-09,CUST00502,Air Fryer,Home & Kitchen,South,Online,1,3499.0,3499.0
103981,2025-01-12,CUST00433,Resistance Bands,Sports & Fitness,North,Online,1,399.0,399.0
105339,2025-06-05,CUST02238,Blender,Home & Kitchen,Central,Retail Store,2,1279.2,2558.4
106259,2025-09-09,CUST00234,Dumbbell Set,Sports & Fitness,Central,Online,1,2199.0,2199.0
101293,2024-05-18,CUST02500,Hair Dryer,Beauty & Personal Care,East,Marketplace,1,1199.0,1199.0
103976,2025-01-11,CUST00718,Denim Jacket,Fashion,West,Retail Store,1,1999.0,1999.0
105390,2025-06-11,CUST00906,Dumbbell Set,Sports & Fitness,East,Online,1,2199.0,2199.0
106355,2025-09-19,CUST01495,Smartwatch,Electronics,South,Marketplace,1,2999.0,2999.0
101000,2024-04-13,CUST00634,Denim Jacket,Fashion,West,Marketplace,2,1799.1,3598.2
103173,2024-11-09,CUST01927,Power Bank,Electronics,Central,Retail Store,1,899.0,899.0
101037,2024-04-18,CUST01704,Backpack,Fashion,West,Retail Store,2,1259.1,2518.2
107013,2025-11-06,CUST01539,Running Shoes,Fashion,Central,Marketplace,1,2499.0,2499.0
102803,2024-10-15,CUST02118,Wireless Earbuds,Electronics,North,Retail Store,1,1499.0,1499.0
105185,2025-05-17,CUST01604,Non-stick Pan Set,Home & Kitchen,North,Online,1,1299.0,1299.0
102695,2024-10-08,CUST02048,Wireless Earbuds,Electronics,Central,Retail Store,3,1499.0,4497.0
101337,2024-05-21,CUST02277,Dumbbell Set,Sports & Fitness,South,Online,1,1979.1,1979.1
100996,2024-04-13,CUST01222,Sunscreen SPF50,Beauty & Personal Care,South,Online,1,449.0,449.0
100221,2024-01-25,CUST00834,Electric Kettle,Home & Kitchen,South,Online,1,899.0,899.0
102402,2024-09-14,CUST01291,Trimmer,Beauty & Personal Care,East,Online,1,999.0,999.0
106216,2025-09-05,CUST00985,Yoga Mat,Sports & Fitness,West,Online,1,599.0,599.0
106390,2025-09-22,CUST00241,Non-stick Pan Set,Home & Kitchen,East,Online,2,1299.0,2598.0
103822,2024-12-28,CUST01986,Air Fryer,Home & Kitchen,East,Marketplace,1,3499.0,3499.0
100250,2024-01-27,CUST02372,Electric Kettle,Home & Kitchen,East,Retail Store,1,809.1,809.1
102008,2024-08-06,CUST01502,Resistance Bands,Sports & Fitness,West,Retail Store,1,399.0,399.0
107789,2025-12-31,CUST00012,Blender,Home & Kitchen,South,Online,1,1279.2,1279.2
101887,2024-07-23,CUST01902,USB-C Cable,Electronics,East,Marketplace,1,249.0,249.0
107359,2025-11-29,CUST02063,Bluetooth Speaker,Electronics,North,Online,1,1899.0,1899.0
104660,2025-03-25,CUST01859,Backpack,Fashion,West,Online,1,1399.0,1399.0
105882,2025-08-02,CUST01369,Cotton T-Shirt,Fashion,Central,Retail Store,2,599.0,1198.0
103467,2024-11-28,CUST00745,Power Bank,Electronics,North,Marketplace,1,899.0,899.0
102539,2024-09-28,CUST01087,Laptop Stand,Electronics,,Marketplace,1,799.0,799.0
105928,2025-08-07,CUST01952,Hair Dryer,Beauty & Personal Care,South,Online,1,1199.0,1199.0
104482,2025-03-07,CUST01840,Smartwatch,Electronics,Central,Online,2,2999.0,5998.0
105944,2025-08-08,CUST01306,Laptop Stand,Electronics,South,Online,1,679.15,679.15
104619,2025-03-21,CUST00508,Cotton T-Shirt,Fashion,East,Online,1,599.0,599.0
100592,2024-03-03,CUST00198,Hair Dryer,Beauty & Personal Care,East,Online,1,1199.0,1199.0
106200,2025-09-03,CUST02079,Trimmer,Beauty & Personal Care,East,Online,1,999.0,999.0
102203,2024-08-26,CUST00158,Running Shoes,Fashion,,Retail Store,1,2499.0,2499.0
102226,2024-08-29,CUST00379,Dumbbell Set,Sports & Fitness,East,Online,1,1869.15,1869.15
102260,2024-09-01,CUST00362,Running Shoes,Fashion,West,Online,1,2499.0,2499.0
104479,2025-03-06,CUST00355,Smartwatch,Electronics,West,Retail Store,1,2999.0,2999.0
100519,2024-02-24,CUST01815,Storage Containers,Home & Kitchen,South,Retail Store,2,499.0,998.0
104670,2025-03-25,CUST01783,Face Serum,Beauty & Personal Care,West,Online,1,594.15,594.15
107092,2025-11-10,CUST01915,Face Serum,Beauty & Personal Care,South,Marketplace,1,699.0,699.0
103105,2024-11-05,CUST02279,Denim Jacket,Fashion,South,Online,2,1999.0,3998.0
104063,2025-01-21,CUST00809,Air Fryer,Home & Kitchen,North,Online,1,3499.0,3499.0
103046,2024-11-01,CUST02043,USB-C Cable,Electronics,North,Marketplace,1,249.0,249.0
104673,2025-03-25,CUST00693,Yoga Mat,Sports & Fitness,South,Retail Store,1,599.0,599.0
101651,2024-06-29,CUST01253,Wireless Earbuds,Electronics,South,Retail Store,2,1499.0,2998.0
106932,2025-10-30,CUST00683,Dumbbell Set,Sports & Fitness,North,Online,1,2199.0,2199.0
107339,2025-11-27,CUST01713,Running Shoes,Fashion,South,Online,1,2499.0,2499.0
106854,2025-10-25,CUST02047,Wireless Earbuds,Electronics,South,Retail Store,1,1499.0,1499.0
101275,2024-05-15,CUST00515,Denim Jacket,Fashion,South,Online,1,1999.0,1999.0
101817,2024-07-17,CUST02562,Non-stick Pan Set,Home & Kitchen,West,Online,1,1299.0,1299.0
104852,2025-04-12,CUST01652,Blender,Home & Kitchen,East,Retail Store,1,1599.0,1599.0
102635,2024-10-05,CUST00717,Bluetooth Speaker,Electronics,Central,Marketplace,1,1899.0,1899.0
101328,2024-05-20,CUST01145,Wireless Earbuds,Electronics,North,Online,1,1499.0,1499.0
104736,2025-03-31,CUST01050,Sunscreen SPF50,Beauty & Personal Care,West,Online,1,449.0,449.0
106665,2025-10-14,CUST01168,Yoga Mat,Sports & Fitness,West,Retail Store,1,599.0,599.0
100044,2024-01-06,CUST02394,Dumbbell Set,Sports & Fitness,,Online,1,2199.0,2199.0
100008,2024-01-01,CUST00364,Sunglasses,FASHION,North,Online,1,799.0,799.0
100481,2024-02-21,CUST01629,Denim Jacket,Fashion,South,Retail Store,1,1599.2,1599.2
100472,2024-02-20,CUST01496,Bluetooth Speaker,Electronics,North,Marketplace,1,1709.1,1709.1
104518,2025-03-11,CUST01000,Power Bank,Electronics,East,Online,1,764.15,764.15
106116,2025-08-25,CUST01958,Storage Containers,Home & Kitchen,South,Marketplace,1,499.0,499.0
102238,2024-08-31,CUST00542,Blender,Home & Kitchen,South,Marketplace,1,1599.0,1599.0
106007,2025-08-14,CUST01916,Laptop Stand,Electronics,South,Online,2,679.15,1358.3
105533,2025-06-28,CUST02247,Non-stick Pan Set,Home & Kitchen,West,Online,2,1299.0,2598.0
100655,2024-03-08,CUST01732,Storage Containers,Home & Kitchen,East,Marketplace,1,499.0,499.0
107745,2025-12-28,CUST02265,Sunscreen SPF50,Beauty & Personal Care,North,Retail Store,1,359.2,359.2
107016,2025-11-06,CUST00451,Power Bank,Electronics,South,Online,1,899.0,899.0
104405,2025-02-26,CUST01197,Air Fryer,Home & Kitchen,Central,Online,1,2799.2,2799.2
100465,2024-02-19,CUST00432,USB-C Cable,Electronics,West,Online,1,211.65,211.65
103903,2025-01-03,CUST00434,Storage Containers,Home & Kitchen,North,Online,1,499.0,499.0
104564,2025-03-15,CUST00927,Denim Jacket,Fashion,Central,Online,1,1599.2,1599.2
101692,2024-07-04,CUST01613,Sunglasses,Fashion,North,Online,1,799.0,799.0
105130,2025-05-11,CUST01511,Non-stick Pan Set,Home & Kitchen,Central,Retail Store,1,1299.0,1299.0
100698,2024-03-13,CUST01027,Bluetooth Speaker,Electronics,West,Marketplace,1,1899.0,1899.0
102231,2024-08-29,CUST00151,Power Bank,Electronics,North,Retail Store,1,899.0,899.0
107729,2025-12-27,CUST01909,Sunscreen SPF50,Beauty & Personal Care,Central,Online,1,449.0,449.0
102696,2024-10-08,CUST01611,Electric Kettle,Home & Kitchen,North,Marketplace,2,899.0,1798.0
100066,2024-01-08,CUST00032,Running Shoes,Fashion,South,Marketplace,1,2499.0,2499.0
101349,2024-05-22,CUST01207,Hair Dryer,Beauty & Personal Care,North,Online,1,1199.0,1199.0
102416,2024-09-15,CUST01479,Blender,Home & Kitchen,West,Online,2,1599.0,3198.0
102481,2024-09-21,CUST01515,Hair Dryer,Beauty & Personal Care,South,Marketplace,1,1199.0,1199.0
102150,2024-08-21,CUST01518,Hair Dryer,Beauty & Personal Care,East,Online,1,1199.0,1199.0
106401,2025-09-24,CUST02551,Resistance Bands,Sports & Fitness,North,Online,1,359.1,359.1
105092,2025-05-07,CUST00997,Storage Containers,Home & Kitchen,West,Online,1,499.0,499.0
107374,2025-11-29,CUST01293,Backpack,Fashion,Central,Marketplace,2,1259.1,2518.2
105552,2025-06-30,CUST01859,USB-C Cable,Electronics,West,Online,2,249.0,498.0
106393,2025-09-23,CUST00763,Laptop Stand,Electronics,South,Online,1,799.0,799.0
107507,2025-12-07,CUST00357,Blender,Home & Kitchen,South,Marketplace,1,1439.1,1439.1
102048,2024-08-10,CUST01595,Denim Jacket,Fashion,Central,Online,1,1999.0,1999.0
103853,2024-12-30,CUST01903,Smartwatch,Electronics,Central,Online,1,2999.0,2999.0
104226,2025-02-07,CUST01558,Storage Containers,Home & Kitchen,South,Online,1,499.0,499.0
107215,2025-11-18,CUST02111,Yoga Mat,Sports & Fitness,East,Retail Store,1,599.0,599.0
100850,2024-03-30,CUST01261,Sunglasses,Fashion,West,Online,1,799.0,799.0
107424,2025-12-02,CUST00142,Cotton T-Shirt,Fashion,North,Marketplace,1,599.0,599.0
103966,2025-01-11,CUST00307,Backpack,Fashion,Central,Online,2,1399.0,2798.0
100418,2024-02-15,CUST00839,Cotton T-Shirt,Fashion,West,Marketplace,1,599.0,599.0
103719,2024-12-20,CUST01725,Power Bank,Electronics,Central,Retail Store,2,899.0,1798.0
106394,2025-09-23,CUST01610,Backpack,Fashion,South,Online,1,1399.0,1399.0
102286,2024-09-04,CUST01577,Non-stick Pan Set,Home & Kitchen,North,Online,2,1299.0,2598.0
105295,2025-06-01,CUST00007,Air Fryer,Home & Kitchen,North,Online,1,2799.2,2799.2
102550,2024-09-28,CUST01079,Sunglasses,Fashion,South,Online,2,799.0,1598.0
106934,2025-10-31,CUST02263,Non-stick Pan Set,Home & Kitchen,West,Online,1,1299.0,1299.0
104357,2025-02-22,CUST01045,Laptop Stand,Electronics,South,Online,1,799.0,799.0
101923,2024-07-27,CUST01272,Water Bottle,Sports & Fitness,,Retail Store,2,349.0,698.0
106258,2025-09-09,CUST02132,Electric Kettle,Home & Kitchen,North,Online,2,899.0,1798.0
102571,2024-09-30,CUST02547,Resistance Bands,Sports & Fitness,West,Marketplace,1,399.0,399.0
106698,2025-10-16,CUST00025,Sunscreen SPF50,Beauty & Personal Care,South,Retail Store,1,449.0,449.0
107506,2025-12-07,CUST00134,Running Shoes,Fashion,,Online,1,2499.0,2499.0
102103,2024-08-16,CUST02396,Sunglasses,Fashion,South,Marketplace,1,799.0,799.0
107246,2025-11-21,CUST00591,Dumbbell Set,Sports & Fitness,West,Online,1,2199.0,2199.0
106055,2025-08-19,CUST02053,Air Fryer,Home & Kitchen,East,Retail Store,1,3499.0,3499.0
107454,2025-12-04,CUST00065,Denim Jacket,Fashion,West,Retail Store,1,1799.1,1799.1
106951,2025-11-01,CUST01347,Face Serum,Beauty & Personal Care,Central,Online,2,699.0,1398.0
101482,2024-06-08,CUST00667,Trimmer,Beauty & Personal Care,North,Marketplace,1,999.0,999.0
100383,2024-02-10,CUST02417,Backpack,Fashion,Central,Online,1,1399.0,1399.0
107219,2025-11-19,CUST00313,Trimmer,Beauty & Personal Care,North,Online,2,999.0,1998.0
104273,2025-02-12,CUST02134,Trimmer,Beauty & Personal Care,North,Online,1,999.0,999.0
104782,2025-04-06,CUST02561,Power Bank,Electronics,South,Retail Store,1,899.0,899.0
104655,2025-03-24,CUST01925,Storage Containers,Home & Kitchen,West,Online,1,499.0,499.0
104932,2025-04-21,CUST01540,Electric Kettle,Home & Kitchen,North,Online,1,809.1,809.1
106321,2025-09-15,CUST02501,Air Fryer,Home & Kitchen,North,Marketplace,1,3499.0,3499.0
100030,2024-01-04,CUST00972,Blender,Home & Kitchen,North,Retail Store,1,1279.2,1279.2
104560,2025-03-15,CUST02125,Hair Dryer,Beauty & Personal Care,South,Marketplace,2,1079.1,2158.2
103812,2024-12-27,CUST01943,Running Shoes,Fashion,North,Marketplace,1,2499.0,2499.0
105917,2025-08-05,CUST01436,Sunscreen SPF50,Beauty & Personal Care,North,Online,1,449.0,449.0
107406,2025-12-01,CUST01541,USB-C Cable,Electronics,East,Retail Store,1,249.0,249.0
107306,2025-11-25,CUST01053,Blender,Home & Kitchen,East,Online,2,1599.0,3198.0
100322,2024-02-03,CUST00789,Laptop Stand,Electronics,South,Marketplace,3,679.15,2037.45
107541,2025-12-11,CUST01416,Yoga Mat,Sports & Fitness,North,Online,1,599.0,599.0
103698,2024-12-17,CUST01722,Smartwatch,Electronics,South,Online,1,2999.0,2999.0
104615,2025-03-20,CUST02016,Electric Kettle,Home & Kitchen,East,Marketplace,1,899.0,899.0
105473,2025-06-20,CUST00027,Wireless Earbuds,Electronics,North,Online,1,1499.0,1499.0
103685,2024-12-17,CUST02281,Water Bottle,Sports & Fitness,,Online,1,349.0,349.0
103345,2024-11-20,CUST00737,Wireless Earbuds,Electronics,South,Retail Store,1,1499.0,1499.0
107726,2025-12-27,CUST02285,Non-stick Pan Set,Home & Kitchen,West,Retail Store,1,1299.0,1299.0
105623,2025-07-06,CUST02474,Laptop Stand,Electronics,South,Online,1,799.0,799.0
105556,2025-06-30,CUST00203,Bluetooth Speaker,Electronics,South,Online,1,1709.1,1709.1
104692,2025-03-28,CUST01082,Smartwatch,Electronics,South,Retail Store,1,2699.1,2699.1
105716,2025-07-16,CUST00678,Hair Dryer,Beauty & Personal Care,Central,Online,2,1079.1,2158.2
107619,2025-12-18,CUST01474,Trimmer,Beauty & Personal Care,West,Online,1,899.1,899.1
103945,2025-01-08,CUST02191,Face Serum,Beauty & Personal Care,North,Retail Store,1,699.0,699.0
105580,2025-07-03,CUST00887,Smartwatch,Electronics,West,Marketplace,1,2999.0,2999.0
105545,2025-06-29,CUST00060,Wireless Earbuds,Electronics,East,Online,1,1349.1,1349.1
107332,2025-11-27,CUST00605,Backpack,Fashion,North,Online,1,1399.0,1399.0
103281,2024-11-17,CUST02063,Electric Kettle,Home & Kitchen,West,Marketplace,1,899.0,899.0
102948,2024-10-25,CUST02458,USB-C Cable,Electronics,,Online,1,249.0,249.0
103186,2024-11-10,CUST00207,Trimmer,Beauty & Personal Care,South,Retail Store,1,999.0,999.0
103168,2024-11-09,CUST00789,Electric Kettle,Home & Kitchen,Central,Online,1,899.0,899.0
100098,2024-01-12,CUST01036,Wireless Earbuds,Electronics,Central,Retail Store,1,1499.0,1499.0
107420,2025-12-02,CUST01534,Denim Jacket,Fashion,East,Marketplace,1,1599.2,1599.2
102430,2024-09-16,CUST00568,Backpack,Fashion,West,Online,1,1399.0,1399.0
102246,2024-08-31,CUST00919,Resistance Bands,Sports & Fitness,South,Marketplace,1,339.15,339.15
106150,2025-08-29,CUST01253,Laptop Stand,Electronics,Central,Marketplace,2,799.0,1598.0
102077,2024-08-13,CUST00302,Air Fryer,Home & Kitchen,East,Online,1,3499.0,3499.0
100448,2024-02-18,CUST00231,Cotton T-Shirt,Fashion,South,Marketplace,2,599.0,1198.0
106751,2025-10-19,CUST00946,Trimmer,Beauty & Personal Care,South,Online,1,999.0,999.0
100015,2024-01-02,CUST01810,Cotton T-Shirt,Fashion,South,Online,1,599.0,599.0
104394,2025-02-25,CUST00599,Dumbbell Set,Sports & Fitness,Central,Online,1,2199.0,2199.0
105616,2025-07-06,CUST00586,Air Fryer,Home & Kitchen,South,Online,1,3499.0,3499.0
101216,2024-05-07,CUST00326,Wireless Earbuds,Electronics,South,Marketplace,1,1499.0,1499.0
103795,2024-12-25,CUST00664,Trimmer,Beauty & Personal Care,West,Retail Store,2,999.0,1998.0
105430,2025-06-16,CUST01579,USB-C Cable,Electronics,South,Marketplace,1,224.1,224.1
102343,2024-09-09,CUST00048,Trimmer,Beauty & Personal Care,Central,Retail Store,1,999.0,999.0
100287,2024-01-31,CUST02385,Blender,Home & Kitchen,West,Marketplace,1,1599.0,1599.0
103844,2024-12-29,CUST02009,Face Serum,Beauty & Personal Care,South,Retail Store,1,699.0,699.0
104219,2025-02-06,CUST01548,Electric Kettle,Home & Kitchen,East,Online,1,809.1,809.1
102313,2024-09-07,CUST01006,Air Fryer,Home & Kitchen,West,Online,1,2799.2,2799.2
102860,2024-10-19,CUST02411,Blender,Home & Kitchen,South,Online,1,1599.0,1599.0
100780,2024-03-22,CUST01432,Water Bottle,Sports & Fitness,West,Online,1,349.0,349.0
107297,2025-11-24,CUST02314,Backpack,Fashion,North,Online,2,1189.15,2378.3
104020,2025-01-17,CUST00880,Cotton T-Shirt,Fashion,East,Marketplace,1,599.0,599.0
102053,2024-08-11,CUST00233,Laptop Stand,Electronics,South,Marketplace,1,799.0,799.0
104525,2025-03-12,CUST01256,Power Bank,Electronics,North,Online,2,899.0,1798.0
105676,2025-07-12,CUST02497,USB-C Cable,Electronics,West,Retail Store,1,249.0,249.0
106441,2025-09-27,CUST00128,Trimmer,Beauty & Personal Care,West,Online,1,999.0,999.0
106453,2025-09-28,CUST00107,Backpack,Fashion,West,Online,2,1399.0,2798.0
104997,2025-04-27,CUST01508,Water Bottle,Sports & Fitness,North,Online,1,349.0,349.0
105005,2025-04-27,CUST01764,Resistance Bands,Sports & Fitness,West,Online,1,399.0,399.0
104447,2025-03-03,CUST01502,Yoga Mat,Sports & Fitness,South,Online,1,539.1,539.1
106922,2025-10-30,CUST01022,USB-C Cable,Electronics,,Online,3,249.0,747.0
100166,2024-01-20,CUST00659,Power Bank,Electronics,North,Online,2,899.0,1798.0
100661,2024-03-09,CUST02067,Trimmer,Beauty & Personal Care,South,Retail Store,1,999.0,999.0
103109,2024-11-05,CUST00387,Smartwatch,Electronics,East,Online,1,2699.1,2699.1
101340,2024-05-21,CUST01823,Face Serum,Beauty & Personal Care,South,Retail Store,1,699.0,699.0
101139,2024-04-28,CUST01948,Backpack,Fashion,North,Online,1,1399.0,1399.0
102619,2024-10-04,CUST02548,Power Bank,Electronics,North,Online,2,899.0,1798.0
104480,2025-03-06,CUST02504,USB-C Cable,Electronics,Central,Retail Store,1,249.0,249.0
102217,2024-08-27,CUST01178,Sunscreen SPF50,Beauty & Personal Care,East,Marketplace,1,449.0,449.0
102189,2024-08-24,CUST01392,Cotton T-Shirt,Fashion,South,Retail Store,1,599.0,599.0
103833,2024-12-29,CUST00952,Blender,Home & Kitchen,South,Online,2,1599.0,3198.0
106652,2025-10-12,CUST01317,Denim Jacket,Fashion,,Marketplace,1,1999.0,1999.0
104562,2025-03-15,CUST02343,Face Serum,Beauty & Personal Care,North,Retail Store,1,629.1,629.1
105229,2025-05-23,CUST02233,Face Serum,Beauty & Personal Care,East,Marketplace,1,699.0,699.0
100300,2024-02-01,CUST01652,Bluetooth Speaker,Electronics,West,Online,1,1899.0,1899.0
101616,2024-06-25,CUST01880,Cotton T-Shirt,Fashion,North,Retail Store,1,599.0,599.0
105328,2025-06-04,CUST02462,Dumbbell Set,Sports & Fitness,West,Online,2,2199.0,4398.0
106207,2025-09-04,CUST02111,Running Shoes,Fashion,South,Online,1,2499.0,2499.0
101134,2024-04-28,CUST00376,Face Serum,Beauty & Personal Care,West,Online,1,699.0,699.0
103082,2024-11-03,CUST02543,Power Bank,Electronics,East,Online,2,899.0,1798.0
103143,2024-11-08,CUST00308,Backpack,Fashion,West,Marketplace,1,1399.0,1399.0
101938,2024-07-29,CUST00782,Power Bank,Electronics,East,Online,1,899.0,899.0
106963,2025-11-02,CUST01854,Denim Jacket,Fashion,South,Online,1,1999.0,1999.0
106452,2025-09-28,CUST01090,Backpack,Fashion,South,Retail Store,1,1259.1,1259.1
101049,2024-04-19,CUST00476,Wireless Earbuds,Electronics,West,Online,1,1499.0,1499.0
106862,2025-10-26,CUST02431,Laptop Stand,Electronics,West,Retail Store,1,799.0,799.0
105244,2025-05-25,CUST01661,Running Shoes,Fashion,South,Marketplace,1,2499.0,2499.0
107104,2025-11-12,CUST01878,Wireless Earbuds,Electronics,North,Marketplace,1,1349.1,1349.1
100847,2024-03-30,CUST01007,Wireless Earbuds,Electronics,Central,Online,2,1499.0,2998.0
100252,2024-01-27,CUST00588,Cotton T-Shirt,Fashion,South,Marketplace,1,539.1,539.1
103035,2024-10-31,CUST00044,Bluetooth Speaker,Electronics,Central,Online,1,1614.15,1614.15
101028,2024-04-17,CUST01695,Trimmer,Beauty & Personal Care,South,Online,1,999.0,999.0
100807,2024-03-24,CUST00410,Face Serum,Beauty & Personal Care,South,Online,1,699.0,699.0
101553,2024-06-16,CUST01128,Smartwatch,Electronics,West,Online,1,2999.0,2999.0
100032,2024-01-04,CUST01558,Electric Kettle,Home & Kitchen,West,Online,1,809.1,809.1
100716,2024-03-15,CUST01661,Power Bank,Electronics,South,Online,1,899.0,899.0
102385,2024-09-13,CUST00981,Trimmer,Beauty & Personal Care,North,Marketplace,2,999.0,1998.0
105461,2025-06-18,CUST00302,Non-stick Pan Set,Home & Kitchen,North,Online,2,1299.0,2598.0
107457,2025-12-05,CUST02137,USB-C Cable,Electronics,South,Online,1,211.65,211.65
106436,2025-09-27,CUST00206,Resistance Bands,Sports & Fitness,Central,Retail Store,1,399.0,399.0
106643,2025-10-12,CUST00431,Cotton T-Shirt,Fashion,South,Retail Store,1,599.0,599.0
103460,2024-11-28,CUST00094,Electric Kettle,Home & Kitchen,East,Marketplace,1,899.0,899.0
105610,2025-07-05,CUST00157,Laptop Stand,Electronics,North,Online,1,799.0,799.0
101045,2024-04-19,CUST00586,Trimmer,Beauty & Personal Care,North,Online,1,999.0,999.0
102145,2024-08-20,CUST01655,Blender,Home & Kitchen,South,Online,1,1599.0,1599.0
102490,2024-09-22,CUST00720,Water Bottle,Sports & Fitness,West,Online,1,349.0,349.0
103245,2024-11-14,CUST02257,Running Shoes,Fashion,South,Online,1,2249.1,2249.1
105166,2025-05-15,CUST02471,Sunscreen SPF50,Beauty & Personal Care,North,Online,3,449.0,1347.0
103192,2024-11-10,CUST01799,Running Shoes,Fashion,West,Retail Store,1,2499.0,2499.0
106996,2025-11-04,CUST01017,Water Bottle,Sports & Fitness,South,Online,1,349.0,349.0
105871,2025-08-01,CUST00536,Laptop Stand,Electronics,Central,Retail Store,1,719.1,719.1
103988,2025-01-12,CUST00008,Electric Kettle,Home & Kitchen,South,Online,2,899.0,1798.0
100331,2024-02-03,CUST00528,Dumbbell Set,Sports & Fitness,East,Retail Store,1,1759.2,1759.2
106989,2025-11-04,CUST00371,Yoga Mat,Sports & Fitness,South,Marketplace,1,599.0,599.0
103511,2024-12-01,CUST00543,Water Bottle,Sports & Fitness,Central,Online,1,349.0,349.0
100862,2024-03-31,CUST00268,Air Fryer,Home & Kitchen,North,Marketplace,1,3499.0,3499.0
101199,2024-05-06,CUST01241,Wireless Earbuds,Electronics,South,Retail Store,1,1274.15,1274.15
105208,2025-05-21,CUST01303,Running Shoes,Fashion,South,Retail Store,1,2249.1,2249.1
104424,2025-03-01,CUST00355,Cotton T-Shirt,Fashion,North,Marketplace,1,599.0,599.0
103952,2025-01-09,CUST01708,Trimmer,Beauty & Personal Care,West,Retail Store,1,999.0,999.0
101089,2024-04-25,CUST01382,Smartwatch,Electronics,West,Online,1,2999.0,2999.0
104220,2025-02-06,CUST00993,Hair Dryer,Beauty & Personal Care,North,Marketplace,1,1079.1,1079.1
102516,2024-09-24,CUST01752,Power Bank,Electronics,South,Retail Store,1,899.0,899.0
100004,2024-01-01,CUST01776,Hair Dryer,Beauty & Personal Care,West,Marketplace,1,1199.0,1199.0
103758,2024-12-22,CUST00598,Wireless Earbuds,Electronics,South,Online,2,1499.0,2998.0
103725,2024-12-20,CUST01068,Wireless Earbuds,ELECTRONICS,West,Retail Store,1,1499.0,1499.0
107584,2025-12-15,CUST01043,Non-stick Pan Set,Home & Kitchen,West,Retail Store,1,1299.0,1299.0
104041,2025-01-19,CUST02124,Resistance Bands,Sports & Fitness,Central,Online,1,399.0,399.0
102460,2024-09-19,CUST00245,Wireless Earbuds,Electronics,West,Online,1,1274.15,1274.15
104711,2025-03-29,CUST00293,Wireless Earbuds,Electronics,South,Marketplace,1,1499.0,1499.0
100550,2024-02-28,CUST02422,Running Shoes,Fashion,West,Marketplace,2,2499.0,4998.0
104653,2025-03-23,CUST00104,Cotton T-Shirt,Fashion,North,Retail Store,1,599.0,599.0
107665,2025-12-22,CUST01384,Cotton T-Shirt,Fashion,South,Marketplace,1,509.15,509.15
104361,2025-02-22,CUST00960,Sunglasses,Fashion,South,Online,1,799.0,799.0
105722,2025-07-16,CUST00059,Face Serum,Beauty & Personal Care,South,Retail Store,1,699.0,699.0
107067,2025-11-09,CUST01664,Running Shoes,Fashion,South,Marketplace,1,2124.15,2124.15
101472,2024-06-06,CUST00463,Yoga Mat,Sports & Fitness,West,Marketplace,1,599.0,599.0
101235,2024-05-09,CUST01390,Cotton T-Shirt,Fashion,North,Online,1,599.0,599.0
101155,2024-05-01,CUST02449,Wireless Earbuds,Electronics,Central,Retail Store,1,1499.0,1499.0
101402,2024-05-29,CUST01624,Hair Dryer,Beauty & Personal Care,North,Online,1,1199.0,1199.0
105611,2025-07-05,CUST00154,Non-stick Pan Set,Home & Kitchen,East,Online,1,1299.0,1299.0
100919,2024-04-06,CUST01138,Trimmer,Beauty & Personal Care,South,Retail Store,1,999.0,999.0
104521,2025-03-11,CUST00034,Electric Kettle,Home & Kitchen,South,Retail Store,1,899.0,899.0
105161,2025-05-15,CUST01897,Air Fryer,Home & Kitchen,,Marketplace,2,3499.0,6998.0
102349,2024-09-10,CUST00914,Face Serum,Beauty & Personal Care,Central,Online,1,699.0,699.0
106657,2025-10-13,CUST00983,Dumbbell Set,Sports & Fitness,Central,Retail Store,1,2199.0,2199.0
103661,2024-12-15,CUST01412,USB-C Cable,Electronics,South,Online,2,249.0,498.0
106164,2025-08-30,CUST02423,Sunscreen SPF50,Beauty & Personal Care,North,Retail Store,1,449.0,449.0
102602,2024-10-03,CUST01615,Sunscreen SPF50,Beauty & Personal Care,East,Online,1,449.0,449.0
106628,2025-10-10,CUST02019,Trimmer,Beauty & Personal Care,South,Retail Store,1,999.0,999.0
101822,2024-07-17,CUST01598,Electric Kettle,Home & Kitchen,South,Online,1,899.0,899.0
100468,2024-02-20,CUST01447,Storage Containers,Home & Kitchen,East,Marketplace,1,499.0,499.0
104441,2025-03-02,CUST01580,Trimmer,Beauty & Personal Care,South,Online,2,999.0,1998.0
105098,2025-05-08,CUST00634,Electric Kettle,Home & Kitchen,North,Online,1,899.0,899.0
101493,2024-06-09,CUST02051,Sunscreen SPF50,Beauty & Personal Care,West,Online,1,449.0,449.0
104631,2025-03-22,CUST02312,Blender,Home & Kitchen,South,Marketplace,1,1599.0,1599.0
107052,2025-11-08,CUST01701,Face Serum,Beauty & Personal Care,North,Online,1,699.0,699.0
106580,2025-10-06,CUST02430,Non-stick Pan Set,Home & Kitchen,North,Retail Store,1,1299.0,1299.0
104171,2025-02-01,CUST02547,Backpack,Fashion,South,Marketplace,1,1399.0,1399.0
105705,2025-07-15,CUST02281,Smartwatch,Electronics,Central,Online,1,2999.0,2999.0
106204,2025-09-04,CUST00332,Air Fryer,Home & Kitchen,East,Retail Store,1,3499.0,3499.0
103755,2024-12-22,CUST02119,Backpack,Fashion,East,Online,1,1399.0,1399.0
104940,2025-04-22,CUST00350,Trimmer,Beauty & Personal Care,South,Online,1,999.0,999.0
101889,2024-07-24,CUST02255,Dumbbell Set,Sports & Fitness,North,Retail Store,1,2199.0,2199.0
106114,2025-08-24,CUST01568,USB-C Cable,Electronics,South,Online,1,249.0,249.0
104862,2025-04-13,CUST02371,Water Bottle,Sports & Fitness,East,Marketplace,1,349.0,349.0
103129,2024-11-07,CUST01682,Blender,Home & Kitchen,South,Retail Store,1,1599.0,1599.0
102488,2024-09-21,CUST00376,Laptop Stand,Electronics,South,Marketplace,3,799.0,2397.0
106091,2025-08-22,CUST01484,Storage Containers,Home & Kitchen,North,Online,1,499.0,499.0
100022,2024-01-03,CUST00060,Non-stick Pan Set,Home & Kitchen,Central,Online,1,1299.0,1299.0
107029,2025-11-07,CUST00966,Dumbbell Set,Sports & Fitness,Central,Marketplace,1,2199.0,2199.0
105176,2025-05-16,CUST01866,Bluetooth Speaker,Electronics,South,Online,2,1899.0,3798.0
105793,2025-07-23,CUST01374,Running Shoes,Fashion,South,Retail Store,1,2249.1,2249.1
107601,2025-12-16,CUST00133,Backpack,Fashion,South,Retail Store,1,1399.0,1399.0
107273,2025-11-22,CUST01028,Power Bank,Electronics,South,Online,1,899.0,899.0
103276,2024-11-16,CUST01736,Laptop Stand,Electronics,South,Online,2,799.0,1598.0
102404,2024-09-14,CUST00884,Face Serum,Beauty & Personal Care,South,Retail Store,1,699.0,699.0
103593,2024-12-09,CUST00162,Hair Dryer,Beauty & Personal Care,South,Retail Store,2,1199.0,2398.0
101315,2024-05-19,CUST00378,Cotton T-Shirt,Fashion,South,Retail Store,1,599.0,599.0
105840,2025-07-29,CUST00721,Storage Containers,Home & Kitchen,,Online,1,499.0,499.0
101048,2024-04-19,CUST00751,Wireless Earbuds,Electronics,North,Marketplace,1,1499.0,1499.0
103248,2024-11-14,CUST00842,Sunglasses,Fashion,West,Retail Store,1,799.0,799.0
107730,2025-12-27,CUST00535,Air Fryer,Home & Kitchen,North,Retail Store,1,3499.0,3499.0
106004,2025-08-14,CUST00294,Air Fryer,Home & Kitchen,South,Online,1,3149.1,3149.1
104067,2025-01-21,CUST02354,Yoga Mat,Sports & Fitness,North,Online,1,479.2,479.2
105641,2025-07-08,CUST00360,Sunscreen SPF50,Beauty & Personal Care,East,Online,1,449.0,449.0
100811,2024-03-25,CUST01244,USB-C Cable,Electronics,East,Retail Store,3,249.0,747.0
103742,2024-12-21,CUST00897,Laptop Stand,Electronics,East,Retail Store,1,799.0,799.0
102480,2024-09-21,CUST02298,Sunglasses,Fashion,North,Online,1,799.0,799.0
104823,2025-04-10,CUST01149,USB-C Cable,Electronics,East,Retail Store,1,249.0,249.0
104204,2025-02-04,CUST01992,Non-stick Pan Set,Home & Kitchen,South,Retail Store,2,1299.0,2598.0
107728,2025-12-27,CUST02572,Laptop Stand,Electronics,North,Online,1,799.0,799.0
101369,2024-05-26,CUST01246,Cotton T-Shirt,Fashion,South,Marketplace,1,509.15,509.15
102669,2024-10-07,CUST00647,Air Fryer,Home & Kitchen,North,Marketplace,1,2974.15,2974.15
105885,2025-08-02,CUST00289,Non-stick Pan Set,Home & Kitchen,West,Retail Store,1,1299.0,1299.0
101521,2024-06-12,CUST02255,USB-C Cable,Electronics,West,Online,1,249.0,249.0
104032,2025-01-18,CUST01255,Yoga Mat,Sports & Fitness,South,Retail Store,1,599.0,599.0
107292,2025-11-24,CUST00774,Storage Containers,Home & Kitchen,South,Retail Store,3,499.0,1497.0
105033,2025-05-01,CUST01326,Non-stick Pan Set,Home & Kitchen,East,Online,1,1039.2,1039.2
101206,2024-05-07,CUST02314,Wireless Earbuds,Electronics,South,Marketplace,1,1499.0,1499.0
105299,2025-06-02,CUST00524,Blender,Home & Kitchen,North,Online,1,1599.0,1599.0
102333,2024-09-08,CUST02277,Running Shoes,Fashion,Central,Online,1,2499.0,2499.0
106095,2025-08-23,CUST01489,Sunglasses,Fashion,North,Online,1,799.0,799.0
105880,2025-08-02,CUST02027,Denim Jacket,Fashion,Central,Online,1,1999.0,1999.0
103850,2024-12-30,CUST00578,USB-C Cable,Electronics,North,Online,2,224.1,448.2
104227,2025-02-07,CUST00004,Resistance Bands,Sports & Fitness,South,Online,1,399.0,399.0
104618,2025-03-21,CUST02299,Hair Dryer,Beauty & Personal Care,South,Marketplace,1,1199.0,1199.0
100956,2024-04-09,CUST00902,Yoga Mat,Sports & Fitness,West,Retail Store,1,599.0,599.0
105010,2025-04-28,CUST00866,Non-stick Pan Set,Home & Kitchen,East,Online,1,1299.0,1299.0
100860,2024-03-31,CUST02376,Non-stick Pan Set,Home & Kitchen,Central,Online,1,1299.0,1299.0
102034,2024-08-09,CUST01122,Sunscreen SPF50,Beauty & Personal Care,East,Online,2,449.0,898.0
101316,2024-05-19,CUST01330,Sunglasses,Fashion,Central,Online,2,799.0,1598.0
102400,2024-09-14,CUST01960,Blender,Home & Kitchen,South,Online,1,1279.2,1279.2
106548,2025-10-04,CUST00807,Sunscreen SPF50,BEAUTY & PERSONAL CARE,North,Online,2,404.1,808.2
104720,2025-03-30,CUST01835,Hair Dryer,Beauty & Personal Care,South,Online,1,1079.1,1079.1
104785,2025-04-06,CUST02425,Laptop Stand,Electronics,West,Online,1,719.1,719.1
103905,2025-01-03,CUST00070,Dumbbell Set,Sports & Fitness,North,Online,1,2199.0,2199.0
106199,2025-09-03,CUST00760,Power Bank,Electronics,West,Online,1,899.0,899.0
101367,2024-05-25,CUST02491,Denim Jacket,Fashion,Central,Online,1,1699.15,1699.15
103044,2024-11-01,CUST00280,Air Fryer,Home & Kitchen,South,Online,3,3499.0,10497.0
103925,2025-01-05,CUST01696,Bluetooth Speaker,Electronics,Central,Marketplace,1,1709.1,1709.1
106523,2025-10-03,CUST01555,Air Fryer,Home & Kitchen,Central,Online,1,3499.0,3499.0
104707,2025-03-29,CUST02287,Yoga Mat,Sports & Fitness,West,Online,1,599.0,599.0
102507,2024-09-23,CUST01873,Cotton T-Shirt,Fashion,North,Retail Store,2,539.1,1078.2
100463,2024-02-19,CUST01922,Trimmer,Beauty & Personal Care,South,Retail Store,1,999.0,999.0
101574,2024-06-19,CUST00948,Resistance Bands,Sports & Fitness,East,Marketplace,1,399.0,399.0
104889,2025-04-17,CUST02172,Bluetooth Speaker,Electronics,South,Online,1,1709.1,1709.1
100309,2024-02-02,CUST01803,Non-stick Pan Set,Home & Kitchen,East,Retail Store,1,1299.0,1299.0
102122,2024-08-18,CUST01837,Storage Containers,Home & Kitchen,East,Marketplace,1,499.0,499.0
100580,2024-03-02,CUST02223,Yoga Mat,Sports & Fitness,North,Online,1,599.0,599.0
104202,2025-02-04,CUST00828,Sunscreen SPF50,Beauty & Personal Care,South,Retail Store,1,449.0,449.0
101706,2024-07-06,CUST00864,Bluetooth Speaker,Electronics,South,Retail Store,1,1519.2,1519.2
106800,2025-10-22,CUST01003,Non-stick Pan Set,Home & Kitchen,North,Online,1,1299.0,1299.0
103787,2024-12-24,CUST01407,Non-stick Pan Set,Home & Kitchen,West,Online,1,1104.15,1104.15
105108,2025-05-10,CUST01097,Water Bottle,Sports & Fitness,West,Online,1,349.0,349.0
105909,2025-08-05,CUST01588,Trimmer,Beauty & Personal Care,North,Online,1,799.2,799.2
102995,2024-10-28,CUST01348,Bluetooth Speaker,Electronics,South,Online,1,1899.0,1899.0
105131,2025-05-11,CUST00002,Trimmer,Beauty & Personal Care,South,Marketplace,1,849.15,849.15
105433,2025-06-16,CUST00438,Air Fryer,Home & Kitchen,East,Retail Store,2,3499.0,6998.0
102038,2024-08-09,CUST00769,Dumbbell Set,Sports & Fitness,East,Online,1,2199.0,2199.0
106175,2025-08-31,CUST00091,Sunglasses,Fashion,West,Online,1,799.0,799.0
106050,2025-08-18,CUST01440,Smartwatch,Electronics,East,Online,1,2999.0,2999.0
102096,2024-08-16,CUST01256,Wireless Earbuds,Electronics,East,Online,2,1499.0,2998.0
100871,2024-04-01,CUST00414,Water Bottle,Sports & Fitness,Central,Online,1,349.0,349.0
106177,2025-09-01,CUST01063,Wireless Earbuds,Electronics,East,Online,1,1499.0,1499.0
105741,2025-07-19,CUST00926,Dumbbell Set,Sports & Fitness,East,Retail Store,2,2199.0,4398.0
103050,2024-11-01,CUST01095,Air Fryer,Home & Kitchen,South,Retail Store,1,3499.0,3499.0
107610,2025-12-17,CUST01812,Non-stick Pan Set,Home & Kitchen,North,Marketplace,1,1299.0,1299.0
102657,2024-10-06,CUST01749,Resistance Bands,Sports & Fitness,West,Online,1,399.0,399.0
105674,2025-07-12,CUST01420,Running Shoes,Fashion,West,Online,2,2499.0,4998.0
103503,2024-12-01,CUST00557,Non-stick Pan Set,Home & Kitchen,Central,Retail Store,1,1299.0,1299.0
104358,2025-02-22,CUST00310,Dumbbell Set,Sports & Fitness,South,Retail Store,1,2199.0,2199.0
100977,2024-04-12,CUST02319,Backpack,Fashion,East,Marketplace,1,1189.15,1189.15
103353,2024-11-20,CUST01415,Cotton T-Shirt,Fashion,South,Online,2,599.0,1198.0
100958,2024-04-09,CUST01560,Storage Containers,Home & Kitchen,East,Online,3,499.0,1497.0
105270,2025-05-27,CUST01826,Laptop Stand,Electronics,North,Marketplace,1,799.0,799.0
103700,2024-12-18,CUST01270,Electric Kettle,Home & Kitchen,East,Retail Store,1,899.0,899.0
101341,2024-05-21,CUST01714,Electric Kettle,Home & Kitchen,Central,Online,1,899.0,899.0
101823,2024-07-17,CUST01466,Blender,Home & Kitchen,North,Online,1,1599.0,1599.0
102330,2024-09-08,CUST00483,Backpack,Fashion,Central,Online,1,1399.0,1399.0
105606,2025-07-05,CUST00481,USB-C Cable,Electronics,Central,Retail Store,1,224.1,224.1
101930,2024-07-28,CUST02486,Resistance Bands,Sports & Fitness,South,Online,1,399.0,399.0
103881,2025-01-01,CUST01918,Trimmer,Beauty & Personal Care,West,Online,1,999.0,999.0
106451,2025-09-28,CUST01607,Blender,Home & Kitchen,West,Online,1,1439.1,1439.1
106459,2025-09-28,CUST00503,Sunscreen SPF50,Beauty & Personal Care,Central,Online,1,449.0,449.0
100354,2024-02-07,CUST02542,Power Bank,Electronics,South,Online,1,719.2,719.2
104828,2025-04-10,CUST01787,Cotton T-Shirt,Fashion,South,Marketplace,1,599.0,599.0
101446,2024-06-03,CUST01704,Cotton T-Shirt,Fashion,East,Marketplace,1,599.0,599.0
104799,2025-04-07,CUST02559,Blender,Home & Kitchen,East,Marketplace,1,1599.0,1599.0
102727,2024-10-10,CUST02566,Blender,Home & Kitchen,South,Marketplace,1,1279.2,1279.2
107180,2025-11-16,CUST00092,Air Fryer,Home & Kitchen,West,Online,1,3149.1,3149.1
104257,2025-02-10,CUST00669,Dumbbell Set,Sports & Fitness,South,Marketplace,1,2199.0,2199.0
103201,2024-11-11,CUST00708,Laptop Stand,Electronics,South,Online,1,799.0,799.0
105861,2025-07-31,CUST00619,Blender,Home & Kitchen,North,Retail Store,1,1599.0,1599.0
106704,2025-10-16,CUST02070,Storage Containers,Home & Kitchen,West,Online,1,399.2,399.2
101386,2024-05-27,CUST01176,Electric Kettle,Home & Kitchen,Central,Online,1,899.0,899.0
107768,2025-12-29,CUST02566,Resistance Bands,Sports & Fitness,South,Online,1,399.0,399.0
103722,2024-12-20,CUST01558,Backpack,Fashion,Central,Marketplace,1,1189.15,1189.15
100502,2024-02-23,CUST01778,Air Fryer,Home & Kitchen,East,Online,1,3499.0,3499.0
103525,2024-12-03,CUST01347,Resistance Bands,Sports & Fitness,West,Online,1,399.0,399.0
106759,2025-10-19,CUST00350,Sunglasses,Fashion,South,Retail Store,1,799.0,799.0
107740,2025-12-28,CUST00230,Non-stick Pan Set,Home & Kitchen,East,Retail Store,1,1299.0,1299.0
102105,2024-08-16,CUST02396,Resistance Bands,Sports & Fitness,,Online,1,399.0,399.0
102234,2024-08-30,CUST02173,Cotton T-Shirt,Fashion,East,Marketplace,1,599.0,599.0
107258,2025-11-22,CUST00181,Smartwatch,Electronics,West,Retail Store,1,2999.0,2999.0
101008,2024-04-14,CUST01785,Cotton T-Shirt,Fashion,South,Online,1,599.0,599.0
107340,2025-11-27,CUST02128,Denim Jacket,Fashion,Central,Online,1,1999.0,1999.0
107299,2025-11-24,CUST00649,Smartwatch,Electronics,East,Online,1,2399.2,2399.2
102172,2024-08-22,CUST01056,Trimmer,Beauty & Personal Care,South,Marketplace,1,999.0,999.0
105384,2025-06-10,CUST00101,Resistance Bands,Sports & Fitness,East,Online,2,399.0,798.0
104465,2025-03-05,CUST01132,Resistance Bands,Sports & Fitness,South,Online,2,319.2,638.4
103217,2024-11-12,CUST02163,Denim Jacket,Fashion,North,Online,1,1699.15,1699.15
107194,2025-11-17,CUST02063,Laptop Stand,Electronics,South,Marketplace,1,799.0,799.0
105661,2025-07-11,CUST01745,Wireless Earbuds,Electronics,North,Online,1,1499.0,1499.0
101319,2024-05-19,CUST00062,Sunscreen SPF50,Beauty & Personal Care,West,Online,1,449.0,449.0
104590,2025-03-17,CUST00309,Face Serum,Beauty & Personal Care,West,Online,1,699.0,699.0
103983,2025-01-12,CUST02302,Dumbbell Set,Sports & Fitness,East,Marketplace,1,1869.15,1869.15
104430,2025-03-01,CUST00538,Hair Dryer,Beauty & Personal Care,West,Marketplace,1,1079.1,1079.1
101476,2024-06-07,CUST01780,Sunglasses,Fashion,South,Online,1,799.0,799.0
100680,2024-03-11,CUST02277,Yoga Mat,Sports & Fitness,South,Online,2,479.2,958.4
105235,2025-05-24,CUST02479,Water Bottle,Sports & Fitness,North,Retail Store,2,349.0,698.0
105318,2025-06-03,CUST01432,Face Serum,Beauty & Personal Care,West,Online,1,559.2,559.2
106142,2025-08-28,CUST02048,Electric Kettle,Home & Kitchen,South,Online,1,899.0,899.0
103927,2025-01-05,CUST02182,Non-stick Pan Set,Home & Kitchen,North,Marketplace,1,1299.0,1299.0
100381,2024-02-10,CUST01151,Cotton T-Shirt,Fashion,North,Online,3,599.0,1797.0
106430,2025-09-26,CUST00108,Resistance Bands,Sports & Fitness,East,Online,2,399.0,798.0
104164,2025-01-31,CUST01902,Smartwatch,Electronics,East,Online,2,2999.0,5998.0
106354,2025-09-19,CUST02217,Smartwatch,Electronics,South,Retail Store,1,2399.2,2399.2
106062,2025-08-20,CUST00245,Sunglasses,Fashion,East,Online,1,799.0,799.0
101883,2024-07-23,CUST02336,Non-stick Pan Set,Home & Kitchen,South,Online,1,1039.2,1039.2
100478,2024-02-21,CUST00269,Trimmer,Beauty & Personal Care,East,Online,1,999.0,999.0
107040,2025-11-08,CUST02323,Yoga Mat,Sports & Fitness,North,Online,1,539.1,539.1
102383,2024-09-13,CUST02128,Yoga Mat,Sports & Fitness,South,Marketplace,3,509.15,1527.45
105269,2025-05-27,CUST00070,Face Serum,Beauty & Personal Care,West,Marketplace,1,699.0,699.0
107431,2025-12-03,CUST00469,Sunglasses,Fashion,East,Marketplace,1,799.0,799.0
102360,2024-09-11,CUST02051,Electric Kettle,Home & Kitchen,West,Online,1,899.0,899.0
100426,2024-02-16,CUST00275,Resistance Bands,Sports & Fitness,South,Marketplace,1,359.1,359.1
106001,2025-08-14,CUST02526,USB-C Cable,Electronics,South,Retail Store,1,249.0,249.0
102256,2024-09-01,CUST01910,Bluetooth Speaker,Electronics,South,Retail Store,1,1899.0,1899.0
101334,2024-05-21,CUST01313,Blender,Home & Kitchen,South,Online,3,1599.0,4797.0
100200,2024-01-22,CUST00250,Dumbbell Set,Sports & Fitness,North,Online,1,2199.0,2199.0
105688,2025-07-13,CUST01383,Hair Dryer,Beauty & Personal Care,West,Online,3,1079.1,3237.3
101939,2024-07-30,CUST00876,Trimmer,Beauty & Personal Care,South,Retail Store,1,849.15,849.15
100144,2024-01-18,CUST01061,Storage Containers,Home & Kitchen,North,Marketplace,1,499.0,499.0
103821,2024-12-28,CUST02567,Sunscreen SPF50,BEAUTY & PERSONAL CARE,West,Retail Store,1,404.1,404.1
104346,2025-02-20,CUST01300,Storage Containers,Home & Kitchen,South,Online,1,499.0,499.0
106810,2025-10-22,CUST02061,Non-stick Pan Set,Home & Kitchen,West,Marketplace,1,1169.1,1169.1
100305,2024-02-01,CUST01509,Hair Dryer,Beauty & Personal Care,West,Retail Store,2,1199.0,2398.0
101455,2024-06-05,CUST01080,Cotton T-Shirt,Fashion,North,Marketplace,2,599.0,1198.0
104789,2025-04-06,CUST00163,Hair Dryer,Beauty & Personal Care,South,Retail Store,2,1199.0,2398.0
104514,2025-03-10,CUST01128,Wireless Earbuds,Electronics,North,Online,2,1349.1,2698.2
100912,2024-04-05,CUST01166,Sunglasses,Fashion,West,Retail Store,1,799.0,799.0
107132,2025-11-13,CUST02355,Bluetooth Speaker,Electronics,North,Online,2,1899.0,3798.0
102597,2024-10-02,CUST01206,Running Shoes,Fashion,,Marketplace,1,2499.0,2499.0
104682,2025-03-27,CUST01920,Trimmer,Beauty & Personal Care,West,Online,1,999.0,999.0
105370,2025-06-08,CUST00750,Bluetooth Speaker,Electronics,Central,Marketplace,1,1899.0,1899.0
102310,2024-09-07,CUST02516,Non-stick Pan Set,Home & Kitchen,Central,Online,1,1039.2,1039.2
102113,2024-08-17,CUST02430,Face Serum,Beauty & Personal Care,West,Online,1,699.0,699.0
107232,2025-11-20,CUST01246,Trimmer,Beauty & Personal Care,South,Online,1,799.2,799.2
100594,2024-03-03,CUST02285,Bluetooth Speaker,Electronics,South,Retail Store,1,1899.0,1899.0
103571,2024-12-07,CUST02452,Sunglasses,Fashion,North,Retail Store,1,679.15,679.15
103534,2024-12-04,CUST01802,Water Bottle,Sports & Fitness,South,Online,1,314.1,314.1
101289,2024-05-17,CUST01304,Smartwatch,Electronics,West,Online,1,2999.0,2999.0
101656,2024-06-29,CUST02325,Water Bottle,Sports & Fitness,West,Online,2,296.65,593.3
105009,2025-04-28,CUST01854,Denim Jacket,Fashion,West,Online,1,1999.0,1999.0
106063,2025-08-20,CUST02279,Face Serum,Beauty & Personal Care,South,Online,1,699.0,699.0
102132,2024-08-18,CUST02303,Blender,Home & Kitchen,East,Online,1,1599.0,1599.0
100766,2024-03-21,CUST01442,Air Fryer,Home & Kitchen,North,Marketplace,3,3499.0,10497.0
107565,2025-12-13,CUST01288,Trimmer,Beauty & Personal Care,,Retail Store,1,999.0,999.0
106621,2025-10-10,CUST01059,Non-stick Pan Set,Home & Kitchen,,Retail Store,1,1299.0,1299.0
100147,2024-01-18,CUST00986,Sunglasses,Fashion,East,Retail Store,1,719.1,719.1
105230,2025-05-23,CUST01650,Blender,Home & Kitchen,South,Online,1,1599.0,1599.0
100395,2024-02-12,CUST01841,Power Bank,Electronics,East,Online,1,899.0,899.0
105990,2025-08-12,CUST01453,Denim Jacket,Fashion,West,Online,1,1799.1,1799.1
103809,2024-12-26,CUST00241,Backpack,Fashion,North,Marketplace,1,1189.15,1189.15
100046,2024-01-06,CUST01770,Denim Jacket,Fashion,South,Online,1,1699.15,1699.15
103495,2024-11-30,CUST02154,Cotton T-Shirt,Fashion,South,Retail Store,3,599.0,1797.0
105715,2025-07-16,CUST01716,USB-C Cable,Electronics,North,Online,2,249.0,498.0
103337,2024-11-20,CUST01523,Yoga Mat,Sports & Fitness,North,Retail Store,1,599.0,599.0
104418,2025-02-28,CUST00419,Laptop Stand,Electronics,South,Retail Store,1,799.0,799.0
102160,2024-08-21,CUST00473,Smartwatch,Electronics,North,Retail Store,1,2999.0,2999.0
101958,2024-08-01,CUST01594,Sunscreen SPF50,Beauty & Personal Care,Central,Online,1,449.0,449.0
104953,2025-04-23,CUST00100,Trimmer,Beauty & Personal Care,South,Marketplace,1,999.0,999.0
105713,2025-07-15,CUST00242,Laptop Stand,Electronics,South,Online,1,799.0,799.0
102185,2024-08-24,CUST02180,Water Bottle,Sports & Fitness,West,Online,1,349.0,349.0
106985,2025-11-04,CUST00899,Resistance Bands,Sports & Fitness,East,Retail Store,3,399.0,1197.0
107558,2025-12-13,CUST01489,Blender,Home & Kitchen,North,Online,2,1599.0,3198.0
106278,2025-09-11,CUST01498,Non-stick Pan Set,Home & Kitchen,Central,Online,1,1299.0,1299.0
103498,2024-11-30,CUST01307,Blender,Home & Kitchen,South,Online,3,1279.2,3837.6
102072,2024-08-12,CUST02197,Non-stick Pan Set,Home & Kitchen,West,Online,3,1299.0,3897.0
101368,2024-05-25,CUST02410,Storage Containers,Home & Kitchen,Central,Retail Store,1,399.2,399.2
103096,2024-11-04,CUST00353,Backpack,Fashion,South,Online,1,1399.0,1399.0
102365,2024-09-11,CUST01177,Bluetooth Speaker,Electronics,West,Online,1,1899.0,1899.0
107551,2025-12-12,CUST00276,Electric Kettle,Home & Kitchen,North,Marketplace,1,899.0,899.0
100931,2024-04-07,CUST01461,Laptop Stand,Electronics,South,Marketplace,1,799.0,799.0
103513,2024-12-01,CUST02415,Non-stick Pan Set,Home & Kitchen,North,Marketplace,1,1104.15,1104.15
102976,2024-10-27,CUST02273,Dumbbell Set,Sports & Fitness,North,Online,1,2199.0,2199.0
105797,2025-07-24,CUST01961,Power Bank,Electronics,North,Online,1,899.0,899.0
104575,2025-03-16,CUST00042,Smartwatch,Electronics,East,Online,1,2999.0,2999.0
103142,2024-11-08,CUST02250,Trimmer,Beauty & Personal Care,West,Marketplace,1,999.0,999.0
106592,2025-10-07,CUST01208,Smartwatch,Electronics,East,Retail Store,2,2999.0,5998.0
102582,2024-10-01,CUST01198,Air Fryer,Home & Kitchen,South,Online,2,3499.0,6998.0
106847,2025-10-25,CUST02485,Laptop Stand,Electronics,East,Online,1,719.1,719.1
100607,2024-03-04,CUST01413,Smartwatch,Electronics,West,Online,2,2999.0,5998.0
100075,2024-01-08,CUST01638,Running Shoes,Fashion,West,Online,1,2499.0,2499.0
105920,2025-08-05,CUST02322,Sunglasses,Fashion,East,Retail Store,1,799.0,799.0
101323,2024-05-20,CUST01108,Hair Dryer,Beauty & Personal Care,South,Online,1,1199.0,1199.0
105673,2025-07-12,CUST00979,Non-stick Pan Set,Home & Kitchen,East,Marketplace,1,1104.15,1104.15
106108,2025-08-24,CUST00239,Smartwatch,Electronics,South,Retail Store,1,2999.0,2999.0
100114,2024-01-13,CUST01866,Storage Containers,Home & Kitchen,West,Marketplace,1,499.0,499.0
103914,2025-01-05,CUST01272,Sunscreen SPF50,Beauty & Personal Care,East,Marketplace,1,359.2,359.2
100987,2024-04-13,CUST00261,Water Bottle,Sports & Fitness,West,Online,1,296.65,296.65
107111,2025-11-12,CUST01825,Blender,Home & Kitchen,West,Online,2,1599.0,3198.0
104844,2025-04-12,CUST00358,Bluetooth Speaker,Electronics,North,Online,1,1899.0,1899.0
100223,2024-01-25,CUST00670,Denim Jacket,Fashion,West,Marketplace,1,1999.0,1999.0
105445,2025-06-17,CUST00394,Power Bank,Electronics,North,Online,1,809.1,809.1
105599,2025-07-05,CUST01905,Denim Jacket,Fashion,West,Retail Store,1,1999.0,1999.0
101993,2024-08-04,CUST01940,Smartwatch,Electronics,North,Online,1,2699.1,2699.1
106637,2025-10-11,CUST00991,Wireless Earbuds,Electronics,South,Online,3,1499.0,4497.0
104132,2025-01-27,CUST00899,Blender,Home & Kitchen,North,Retail Store,1,1599.0,1599.0
104927,2025-04-21,CUST01907,Trimmer,Beauty & Personal Care,East,Retail Store,1,999.0,999.0
105663,2025-07-11,CUST02122,Backpack,Fashion,North,Online,1,1399.0,1399.0
106528,2025-10-03,CUST01327,Wireless Earbuds,Electronics,East,Marketplace,1,1499.0,1499.0
101762,2024-07-13,CUST00636,Smartwatch,Electronics,West,Retail Store,1,2999.0,2999.0
104444,2025-03-02,CUST01332,Trimmer,Beauty & Personal Care,North,Online,1,999.0,999.0
104264,2025-02-10,CUST00311,Backpack,Fashion,Central,Online,1,1399.0,1399.0
104181,2025-02-02,CUST00782,Power Bank,Electronics,East,Online,1,899.0,899.0
104213,2025-02-05,CUST02153,Backpack,Fashion,,Online,1,1189.15,1189.15
104044,2025-01-19,CUST00016,Yoga Mat,Sports & Fitness,Central,Online,1,599.0,599.0
103457,2024-11-28,CUST02031,Cotton T-Shirt,Fashion,West,Marketplace,1,599.0,599.0
100531,2024-02-26,CUST00534,Resistance Bands,Sports & Fitness,South,Online,2,339.15,678.3
105491,2025-06-22,CUST02105,Bluetooth Speaker,Electronics,South,Retail Store,1,1899.0,1899.0
102591,2024-10-02,CUST02075,Sunscreen SPF50,Beauty & Personal Care,South,Online,1,449.0,449.0
105125,2025-05-11,CUST00629,Air Fryer,Home & Kitchen,West,Retail Store,1,3499.0,3499.0
103955,2025-01-10,CUST02357,Yoga Mat,Sports & Fitness,East,Retail Store,1,599.0,599.0
107636,2025-12-20,CUST01133,Sunscreen SPF50,Beauty & Personal Care,West,Online,1,449.0,449.0
103631,2024-12-13,CUST01208,Face Serum,Beauty & Personal Care,East,Online,1,699.0,699.0
102522,2024-09-25,CUST00779,Wireless Earbuds,Electronics,West,Online,1,1499.0,1499.0
105064,2025-05-04,CUST01671,Blender,Home & Kitchen,South,Retail Store,2,1599.0,3198.0
103052,2024-11-01,CUST01396,Running Shoes,Fashion,West,Marketplace,1,2499.0,2499.0
106137,2025-08-27,CUST02146,Face Serum,Beauty & Personal Care,East,Marketplace,1,699.0,699.0
105792,2025-07-23,CUST02562,Resistance Bands,Sports & Fitness,Central,Retail Store,2,339.15,678.3
106418,2025-09-25,CUST00581,Yoga Mat,Sports & Fitness,South,Retail Store,1,599.0,599.0
105721,2025-07-16,CUST01164,Hair Dryer,Beauty & Personal Care,Central,Marketplace,1,1199.0,1199.0
107097,2025-11-11,CUST00630,Electric Kettle,Home & Kitchen,West,Online,1,764.15,764.15
106561,2025-10-05,CUST01385,Backpack,Fashion,South,Retail Store,1,1189.15,1189.15
107382,2025-11-30,CUST02566,Power Bank,Electronics,Central,Marketplace,2,899.0,1798.0
103205,2024-11-11,CUST01446,Air Fryer,Home & Kitchen,South,Online,1,3149.1,3149.1
105629,2025-07-07,CUST00235,Non-stick Pan Set,Home & Kitchen,North,Online,1,1299.0,1299.0
105972,2025-08-10,CUST02380,Trimmer,Beauty & Personal Care,South,Online,1,999.0,999.0
101780,2024-07-14,CUST02241,Denim Jacket,Fashion,South,Online,1,1999.0,1999.0
101026,2024-04-17,CUST02173,Water Bottle,Sports & Fitness,West,Retail Store,1,314.1,314.1
103779,2024-12-23,CUST01065,Air Fryer,Home & Kitchen,East,Marketplace,1,3499.0,3499.0
100082,2024-01-09,CUST00094,Resistance Bands,Sports & Fitness,South,Online,1,399.0,399.0
107485,2025-12-06,CUST01463,Bluetooth Speaker,Electronics,South,Online,1,1899.0,1899.0
102031,2024-08-08,CUST01954,Resistance Bands,Sports & Fitness,North,Online,1,399.0,399.0
104055,2025-01-20,CUST02286,Face Serum,Beauty & Personal Care,East,Retail Store,1,699.0,699.0
101793,2024-07-15,CUST02487,Blender,Home & Kitchen,Central,Online,1,1439.1,1439.1
107475,2025-12-06,CUST00763,Storage Containers,Home & Kitchen,East,Online,1,499.0,499.0
105573,2025-07-02,CUST00469,Electric Kettle,Home & Kitchen,West,Online,1,899.0,899.0
102717,2024-10-10,CUST00516,Electric Kettle,Home & Kitchen,East,Retail Store,1,719.2,719.2
103820,2024-12-28,CUST00742,Power Bank,Electronics,Central,Marketplace,2,899.0,1798.0
102674,2024-10-07,CUST01805,Storage Containers,Home & Kitchen,North,Marketplace,1,499.0,499.0
105574,2025-07-02,CUST01278,Power Bank,Electronics,,Online,1,899.0,899.0
107476,2025-12-06,CUST01499,USB-C Cable,Electronics,South,Online,2,249.0,498.0
104654,2025-03-23,CUST01491,Dumbbell Set,Sports & Fitness,West,Online,1,2199.0,2199.0
103502,2024-11-30,CUST02346,Face Serum,Beauty & Personal Care,South,Online,1,594.15,594.15
102564,2024-09-29,CUST00268,Yoga Mat,Sports & Fitness,South,Marketplace,1,599.0,599.0
103403,2024-11-24,CUST02108,Hair Dryer,Beauty & Personal Care,South,Online,1,1199.0,1199.0
107617,2025-12-18,CUST01603,Resistance Bands,Sports & Fitness,South,Retail Store,2,399.0,798.0
101957,2024-08-01,CUST01387,Air Fryer,Home & Kitchen,South,Online,1,3499.0,3499.0
105726,2025-07-17,CUST01843,USB-C Cable,Electronics,West,Online,1,249.0,249.0
103870,2024-12-31,CUST01119,Smartwatch,Electronics,North,Online,1,2999.0,2999.0
106317,2025-09-14,CUST01600,Air Fryer,Home & Kitchen,West,Retail Store,1,3499.0,3499.0
104137,2025-01-27,CUST00330,Laptop Stand,Electronics,South,Online,1,799.0,799.0
105801,2025-07-25,CUST01054,Hair Dryer,Beauty & Personal Care,South,Online,1,1199.0,1199.0
107319,2025-11-26,CUST01284,Power Bank,Electronics,South,Online,1,899.0,899.0
106797,2025-10-22,CUST01155,Electric Kettle,Home & Kitchen,North,Online,1,764.15,764.15
103137,2024-11-07,CUST02539,Face Serum,Beauty & Personal Care,West,Online,3,699.0,2097.0
100312,2024-02-02,CUST01298,Denim Jacket,Fashion,East,Marketplace,1,1999.0,1999.0
101632,2024-06-27,CUST01406,Running Shoes,Fashion,East,Online,1,2499.0,2499.0
104261,2025-02-10,CUST02224,Smartwatch,Electronics,South,Online,1,2999.0,2999.0
102068,2024-08-12,CUST01249,Hair Dryer,Beauty & Personal Care,West,Marketplace,1,1199.0,1199.0
101427,2024-06-01,CUST00061,USB-C Cable,Electronics,North,Marketplace,2,224.1,448.2
102003,2024-08-06,CUST00901,Non-stick Pan Set,Home & Kitchen,South,Retail Store,1,1299.0,1299.0
104454,2025-03-03,CUST01251,Backpack,Fashion,South,Retail Store,1,1399.0,1399.0
107497,2025-12-07,CUST00276,Sunscreen SPF50,Beauty & Personal Care,Central,Online,1,404.1,404.1
103811,2024-12-27,CUST01680,Power Bank,Electronics,Central,Online,1,899.0,899.0
105467,2025-06-19,CUST02143,Dumbbell Set,Sports & Fitness,South,Online,2,2199.0,4398.0
106183,2025-09-01,CUST00681,Electric Kettle,Home & Kitchen,,Marketplace,1,899.0,899.0
102338,2024-09-08,CUST00862,Power Bank,Electronics,North,Online,1,899.0,899.0
102441,2024-09-17,CUST00949,USB-C Cable,Electronics,North,Retail Store,2,249.0,498.0
100129,2024-01-15,CUST00866,Wireless Earbuds,Electronics,South,Retail Store,2,1499.0,2998.0
101010,2024-04-14,CUST02272,Dumbbell Set,Sports & Fitness,East,Online,1,2199.0,2199.0
101814,2024-07-17,CUST02467,Storage Containers,Home & Kitchen,East,Online,1,499.0,499.0
101291,2024-05-18,CUST00599,Bluetooth Speaker,Electronics,West,Retail Store,1,1899.0,1899.0
104754,2025-04-03,CUST01812,Cotton T-Shirt,Fashion,Central,Retail Store,1,599.0,599.0
105343,2025-06-06,CUST02189,Blender,Home & Kitchen,West,Online,1,1599.0,1599.0
103874,2025-01-01,CUST00882,Sunglasses,Fashion,West,Online,1,799.0,799.0
105198,2025-05-19,CUST01998,Backpack,Fashion,Central,Online,1,1399.0,1399.0
102772,2024-10-13,CUST00651,Sunglasses,Fashion,Central,Online,1,639.2,639.2
100202,2024-01-23,CUST01956,Non-stick Pan Set,Home & Kitchen,East,Retail Store,1,1299.0,1299.0
106908,2025-10-29,CUST01301,Water Bottle,Sports & Fitness,West,Online,1,279.2,279.2
107575,2025-12-14,CUST02392,Hair Dryer,Beauty & Personal Care,Central,Online,1,1019.15,1019.15
105518,2025-06-26,CUST01892,Trimmer,Beauty & Personal Care,South,Marketplace,1,849.15,849.15
100955,2024-04-09,CUST02481,Power Bank,Electronics,West,Online,2,899.0,1798.0
102419,2024-09-15,CUST02462,Water Bottle,Sports & Fitness,South,Retail Store,2,349.0,698.0
104021,2025-01-17,CUST02101,Storage Containers,Home & Kitchen,South,Online,2,499.0,998.0
100830,2024-03-28,CUST01302,Hair Dryer,Beauty & Personal Care,East,Retail Store,1,1199.0,1199.0
102362,2024-09-11,CUST00309,Blender,Home & Kitchen,West,Online,2,1599.0,3198.0
106921,2025-10-30,CUST00356,Yoga Mat,Sports & Fitness,North,Online,2,539.1,1078.2
104690,2025-03-27,CUST00598,Yoga Mat,Sports & Fitness,West,Retail Store,1,539.1,539.1
103908,2025-01-04,CUST00071,Electric Kettle,Home & Kitchen,East,Retail Store,1,719.2,719.2
100971,2024-04-11,CUST01998,Backpack,Fashion,North,Online,1,1399.0,1399.0
100203,2024-01-23,CUST00570,Blender,Home & Kitchen,North,Retail Store,1,1599.0,1599.0
105822,2025-07-27,CUST01019,Sunglasses,Fashion,North,Online,1,639.2,639.2
100983,2024-04-12,CUST02341,Backpack,Fashion,West,Online,2,1399.0,2798.0
103697,2024-12-17,CUST00561,Water Bottle,Sports & Fitness,South,Online,1,349.0,349.0
103319,2024-11-19,CUST00352,Non-stick Pan Set,Home & Kitchen,South,Retail Store,1,1299.0,1299.0
106215,2025-09-05,CUST02389,Sunglasses,Fashion,Central,Online,2,799.0,1598.0
104913,2025-04-19,CUST00684,Cotton T-Shirt,Fashion,East,Online,1,599.0,599.0
102381,2024-09-12,CUST01636,Electric Kettle,HOME & KITCHEN,South,Online,1,899.0,899.0
102487,2024-09-21,CUST02595,Face Serum,Beauty & Personal Care,West,Retail Store,1,699.0,699.0
107396,2025-11-30,CUST00403,Electric Kettle,Home & Kitchen,West,Online,1,899.0,899.0
103098,2024-11-04,CUST02083,Yoga Mat,Sports & Fitness,South,Retail Store,1,599.0,599.0
107070,2025-11-09,CUST01500,Blender,Home & Kitchen,West,Online,1,1599.0,1599.0
103090,2024-11-03,CUST02023,Wireless Earbuds,Electronics,North,Marketplace,3,1499.0,4497.0
101188,2024-05-05,CUST01107,Dumbbell Set,SPORTS & FITNESS,South,Retail Store,1,2199.0,2199.0
104448,2025-03-03,CUST02303,Resistance Bands,Sports & Fitness,Central,Marketplace,1,399.0,399.0
103920,2025-01-05,CUST01235,Bluetooth Speaker,Electronics,Central,Marketplace,1,1899.0,1899.0
105852,2025-07-30,CUST00313,Trimmer,Beauty & Personal Care,,Online,1,999.0,999.0
101596,2024-06-23,CUST02126,Electric Kettle,Home & Kitchen,South,Online,1,809.1,809.1
104093,2025-01-23,CUST00923,Storage Containers,Home & Kitchen,South,Online,3,449.1,1347.3
100043,2024-01-06,CUST01545,Cotton T-Shirt,Fashion,North,Marketplace,1,599.0,599.0
107687,2025-12-24,CUST00082,Smartwatch,Electronics,West,Online,2,2699.1,5398.2
103348,2024-11-20,CUST01219,Power Bank,Electronics,Central,Online,1,899.0,899.0
107064,2025-11-09,CUST01933,Wireless Earbuds,Electronics,South,Online,2,1349.1,2698.2
105169,2025-05-16,CUST00750,Non-stick Pan Set,Home & Kitchen,South,Online,1,1299.0,1299.0
101274,2024-05-15,CUST00536,Storage Containers,Home & Kitchen,West,Online,1,499.0,499.0
102183,2024-08-24,CUST00964,Denim Jacket,FASHION,Central,Marketplace,1,1999.0,1999.0
100575,2024-03-02,CUST01533,Power Bank,Electronics,West,Online,1,899.0,899.0
101921,2024-07-27,CUST02243,Face Serum,Beauty & Personal Care,South,Marketplace,2,699.0,1398.0
107225,2025-11-19,CUST01047,Resistance Bands,Sports & Fitness,Central,Marketplace,1,359.1,359.1
100857,2024-03-31,CUST00613,Laptop Stand,Electronics,North,Online,1,799.0,799.0
101809,2024-07-17,CUST00602,Wireless Earbuds,Electronics,West,Online,2,1499.0,2998.0
102621,2024-10-04,CUST00750,Bluetooth Speaker,Electronics,East,Marketplace,1,1899.0,1899.0
104915,2025-04-19,CUST02567,Yoga Mat,Sports & Fitness,West,Marketplace,2,599.0,1198.0
101847,2024-07-20,CUST01419,Blender,Home & Kitchen,South,Online,1,1599.0,1599.0
104972,2025-04-25,CUST01086,Trimmer,Beauty & Personal Care,South,Online,1,999.0,999.0
104035,2025-01-18,CUST02510,Cotton T-Shirt,Fashion,East,Online,1,599.0,599.0
104200,2025-02-04,CUST01078,Running Shoes,Fashion,West,Retail Store,1,2499.0,2499.0
106054,2025-08-19,CUST00528,Air Fryer,Home & Kitchen,South,Online,1,3499.0,3499.0
102459,2024-09-18,CUST00344,Face Serum,Beauty & Personal Care,North,Retail Store,1,699.0,699.0
104890,2025-04-17,CUST00942,Cotton T-Shirt,Fashion,Central,Online,1,509.15,509.15
104701,2025-03-29,CUST02331,Sunglasses,Fashion,West,Online,1,799.0,799.0
100989,2024-04-13,CUST00777,Non-stick Pan Set,Home & Kitchen,South,Marketplace,1,1104.15,1104.15
105330,2025-06-04,CUST01108,Water Bottle,Sports & Fitness,West,Online,1,349.0,349.0
106917,2025-10-29,CUST02557,Sunscreen SPF50,Beauty & Personal Care,East,Online,1,381.65,381.65
101434,2024-06-02,CUST00159,Storage Containers,Home & Kitchen,East,Online,1,399.2,399.2
104481,2025-03-07,CUST02199,Hair Dryer,Beauty & Personal Care,East,Online,1,1199.0,1199.0
104990,2025-04-26,CUST02523,Wireless Earbuds,Electronics,North,Retail Store,1,1499.0,1499.0
104153,2025-01-30,CUST02475,Backpack,Fashion,South,Online,1,1399.0,1399.0
100712,2024-03-14,CUST02069,USB-C Cable,Electronics,South,Online,1,249.0,249.0
102373,2024-09-12,CUST01633,Cotton T-Shirt,Fashion,North,Retail Store,1,479.2,479.2
103851,2024-12-30,CUST00265,Sunscreen SPF50,Beauty & Personal Care,North,Online,1,404.1,404.1
104452,2025-03-03,CUST02089,Backpack,Fashion,East,Retail Store,1,1399.0,1399.0
103566,2024-12-07,CUST01374,Cotton T-Shirt,Fashion,West,Online,1,599.0,599.0
101019,2024-04-16,CUST02020,Face Serum,Beauty & Personal Care,North,Marketplace,1,699.0,699.0
103888,2025-01-02,CUST02023,Laptop Stand,Electronics,North,Marketplace,2,719.1,1438.2
107296,2025-11-24,CUST00309,Smartwatch,Electronics,North,Marketplace,2,2999.0,5998.0
103297,2024-11-17,CUST00155,Denim Jacket,Fashion,North,Online,1,1999.0,1999.0
102964,2024-10-26,CUST02146,Hair Dryer,Beauty & Personal Care,North,Retail Store,1,1199.0,1199.0
104404,2025-02-26,CUST01923,Sunscreen SPF50,Beauty & Personal Care,South,Marketplace,2,449.0,898.0
103462,2024-11-28,CUST01316,Power Bank,Electronics,East,Retail Store,1,899.0,899.0
104910,2025-04-19,CUST02168,Blender,Home & Kitchen,North,Retail Store,1,1599.0,1599.0
104138,2025-01-27,CUST01521,Power Bank,Electronics,South,Online,3,899.0,2697.0
106002,2025-08-14,CUST00612,Air Fryer,Home & Kitchen,Central,Online,1,3499.0,3499.0
105502,2025-06-23,CUST01448,Bluetooth Speaker,Electronics,East,Online,2,1899.0,3798.0
105974,2025-08-11,CUST01361,Dumbbell Set,Sports & Fitness,East,Retail Store,1,2199.0,2199.0
101682,2024-07-02,CUST02048,Water Bottle,Sports & Fitness,South,Marketplace,1,349.0,349.0
104979,2025-04-25,CUST01715,Running Shoes,Fashion,North,Online,1,2124.15,2124.15
101970,2024-08-03,CUST02095,Denim Jacket,Fashion,North,Online,1,1999.0,1999.0
104795,2025-04-07,CUST01921,Laptop Stand,Electronics,North,Marketplace,1,719.1,719.1
106193,2025-09-02,CUST00001,Running Shoes,Fashion,,Online,1,1999.2,1999.2
102052,2024-08-10,CUST01825,Bluetooth Speaker,Electronics,East,Online,1,1899.0,1899.0
107544,2025-12-11,CUST00123,Power Bank,Electronics,North,Online,3,899.0,2697.0
104312,2025-02-16,CUST01186,Denim Jacket,Fashion,East,Online,2,1699.15,3398.3
102147,2024-08-21,CUST01778,Denim Jacket,Fashion,North,Online,1,1999.0,1999.0
102323,2024-09-07,CUST00024,Storage Containers,Home & Kitchen,West,Retail Store,1,449.1,449.1
102697,2024-10-08,CUST02152,Laptop Stand,Electronics,East,Online,1,639.2,639.2
102483,2024-09-21,CUST01561,Resistance Bands,Sports & Fitness,Central,Online,1,399.0,399.0
101371,2024-05-26,CUST02120,Laptop Stand,Electronics,West,Retail Store,3,799.0,2397.0
101567,2024-06-18,CUST01627,Water Bottle,Sports & Fitness,,Online,1,279.2,279.2
103597,2024-12-09,CUST02124,Hair Dryer,Beauty & Personal Care,North,Online,2,1199.0,2398.0
103772,2024-12-23,CUST02075,Dumbbell Set,Sports & Fitness,South,Marketplace,1,2199.0,2199.0
107742,2025-12-28,CUST00971,Smartwatch,Electronics,Central,Marketplace,1,2999.0,2999.0
104355,2025-02-22,CUST00834,Denim Jacket,Fashion,South,Online,1,1699.15,1699.15
101517,2024-06-12,CUST00831,Resistance Bands,Sports & Fitness,North,Online,2,359.1,718.2
103994,2025-01-13,CUST01804,Wireless Earbuds,Electronics,North,Retail Store,1,1199.2,1199.2
105863,2025-07-31,CUST01896,Non-stick Pan Set,Home & Kitchen,West,Online,1,1299.0,1299.0
107686,2025-12-24,CUST00212,Trimmer,Beauty & Personal Care,North,Online,1,999.0,999.0
102187,2024-08-24,CUST00332,Sunglasses,Fashion,Central,Online,1,639.2,639.2
103309,2024-11-18,CUST02224,Water Bottle,Sports & Fitness,West,Online,1,349.0,349.0
103732,2024-12-21,CUST01278,Face Serum,Beauty & Personal Care,East,Online,1,699.0,699.0
105252,2025-05-25,CUST00443,Storage Containers,Home & Kitchen,South,Online,2,499.0,998.0
101038,2024-04-18,CUST01828,Water Bottle,Sports & Fitness,North,Retail Store,1,349.0,349.0
102438,2024-09-16,CUST02083,Resistance Bands,Sports & Fitness,Central,Marketplace,1,399.0,399.0
103000,2024-10-28,CUST00309,Air Fryer,Home & Kitchen,East,Retail Store,1,3499.0,3499.0
101511,2024-06-11,CUST02218,Water Bottle,Sports & Fitness,East,Online,1,349.0,349.0
100412,2024-02-14,CUST00934,Yoga Mat,Sports & Fitness,North,Retail Store,3,599.0,1797.0
106232,2025-09-06,CUST01299,Storage Containers,Home & Kitchen,South,Online,2,449.1,898.2
107678,2025-12-23,CUST00952,Running Shoes,Fashion,South,Online,2,2249.1,4498.2
104076,2025-01-22,CUST01025,Yoga Mat,Sports & Fitness,North,Online,2,599.0,1198.0
101302,2024-05-18,CUST00672,Power Bank,Electronics,West,Online,1,899.0,899.0
103260,2024-11-15,CUST01519,Yoga Mat,Sports & Fitness,West,Online,2,599.0,1198.0
105393,2025-06-11,CUST01299,Air Fryer,Home & Kitchen,North,Online,1,3499.0,3499.0
101318,2024-05-19,CUST02529,Denim Jacket,Fashion,Central,Retail Store,1,1699.15,1699.15
103317,2024-11-19,CUST02138,Blender,Home & Kitchen,North,Online,1,1599.0,1599.0
100778,2024-03-22,CUST00638,Water Bottle,Sports & Fitness,North,Online,1,296.65,296.65
106386,2025-09-22,CUST01963,Wireless Earbuds,Electronics,South,Online,1,1499.0,1499.0
106783,2025-10-20,CUST00165,Sunglasses,Fashion,South,Online,1,719.1,719.1
104672,2025-03-25,CUST01905,Sunscreen SPF50,Beauty & Personal Care,North,Online,2,449.0,898.0
104855,2025-04-12,CUST00380,Electric Kettle,Home & Kitchen,South,Retail Store,1,899.0,899.0
102368,2024-09-11,CUST00720,Bluetooth Speaker,Electronics,North,Online,1,1899.0,1899.0
102477,2024-09-20,CUST01632,Sunglasses,Fashion,Central,Marketplace,3,799.0,2397.0
104891,2025-04-17,CUST00398,Laptop Stand,Electronics,Central,Retail Store,2,799.0,1598.0
105414,2025-06-14,CUST01694,Power Bank,Electronics,West,Online,2,899.0,1798.0
104170,2025-02-01,CUST01554,Hair Dryer,Beauty & Personal Care,East,Retail Store,1,1199.0,1199.0
100026,2024-01-03,CUST01748,Sunglasses,Fashion,South,Retail Store,1,719.1,719.1
103393,2024-11-23,CUST01426,Power Bank,Electronics,South,Marketplace,1,764.15,764.15
101409,2024-05-30,CUST02490,Wireless Earbuds,Electronics,Central,Online,2,1499.0,2998.0
105223,2025-05-22,CUST01397,Air Fryer,Home & Kitchen,East,Marketplace,1,3149.1,3149.1
101140,2024-04-28,CUST02513,Wireless Earbuds,Electronics,West,Online,1,1499.0,1499.0
100506,2024-02-23,CUST00844,Power Bank,Electronics,West,Marketplace,2,899.0,1798.0
101561,2024-06-17,CUST01592,Resistance Bands,Sports & Fitness,North,Online,1,399.0,399.0
107647,2025-12-21,CUST01493,Running Shoes,Fashion,South,Online,1,2499.0,2499.0
101121,2024-04-27,CUST00679,Electric Kettle,Home & Kitchen,East,Marketplace,1,809.1,809.1
107430,2025-12-03,CUST01621,Sunscreen SPF50,Beauty & Personal Care,South,Online,1,449.0,449.0
104683,2025-03-27,CUST01268,Blender,Home & Kitchen,North,Retail Store,2,1439.1,2878.2
100602,2024-03-03,CUST01820,Running Shoes,Fashion,West,Retail Store,1,2499.0,2499.0
104708,2025-03-29,CUST00673,Electric Kettle,Home & Kitchen,North,Marketplace,1,899.0,899.0
103942,2025-01-08,CUST01616,Wireless Earbuds,Electronics,North,Online,2,1349.1,2698.2
105186,2025-05-17,CUST02195,Air Fryer,Home & Kitchen,East,Retail Store,2,3499.0,6998.0
102738,2024-10-11,CUST02121,Non-stick Pan Set,Home & Kitchen,North,Online,2,1299.0,2598.0
105632,2025-07-07,CUST00692,Electric Kettle,Home & Kitchen,East,Marketplace,1,899.0,899.0
103852,2024-12-30,CUST01264,Laptop Stand,Electronics,West,Online,3,719.1,2157.3
105505,2025-06-24,CUST01197,Air Fryer,Home & Kitchen,North,Marketplace,1,3499.0,3499.0
102614,2024-10-03,CUST00175,Smartwatch,Electronics,East,Retail Store,2,2999.0,5998.0
100349,2024-02-06,CUST00646,Storage Containers,Home & Kitchen,South,Online,2,499.0,998.0
104982,2025-04-26,CUST00664,Trimmer,Beauty & Personal Care,East,Retail Store,1,999.0,999.0
107683,2025-12-24,CUST01424,Running Shoes,Fashion,East,Online,1,2499.0,2499.0
107063,2025-11-09,CUST00610,Air Fryer,Home & Kitchen,Central,Online,2,3149.1,6298.2
104879,2025-04-16,CUST00141,USB-C Cable,Electronics,North,Online,1,249.0,249.0
107251,2025-11-21,CUST01514,Hair Dryer,Beauty & Personal Care,West,Online,1,1019.15,1019.15
106310,2025-09-14,CUST00658,Dumbbell Set,Sports & Fitness,East,Online,2,2199.0,4398.0
100630,2024-03-06,CUST02286,Face Serum,Beauty & Personal Care,North,Online,2,594.15,1188.3
106435,2025-09-27,CUST02573,Power Bank,Electronics,South,Retail Store,1,719.2,719.2
102549,2024-09-28,CUST00273,Wireless Earbuds,Electronics,East,Online,2,1499.0,2998.0
106084,2025-08-22,CUST02456,Face Serum,Beauty & Personal Care,West,Online,1,699.0,699.0
100409,2024-02-14,CUST01565,Laptop Stand,Electronics,North,Retail Store,2,799.0,1598.0
103392,2024-11-23,CUST01543,Storage Containers,Home & Kitchen,North,Online,1,499.0,499.0
100165,2024-01-20,CUST01253,Bluetooth Speaker,Electronics,Central,Online,1,1899.0,1899.0
107240,2025-11-20,CUST00006,Non-stick Pan Set,Home & Kitchen,South,Online,1,1299.0,1299.0
102337,2024-09-08,CUST00011,Dumbbell Set,Sports & Fitness,West,Online,1,2199.0,2199.0
104050,2025-01-19,CUST01743,Sunglasses,Fashion,East,Retail Store,2,799.0,1598.0
105746,2025-07-19,CUST01121,Face Serum,Beauty & Personal Care,North,Online,1,699.0,699.0
102427,2024-09-16,CUST02282,Running Shoes,Fashion,East,Retail Store,1,2499.0,2499.0
101088,2024-04-25,CUST02199,Non-stick Pan Set,Home & Kitchen,Central,Online,1,1299.0,1299.0
105819,2025-07-27,CUST00198,Hair Dryer,Beauty & Personal Care,East,Marketplace,1,1199.0,1199.0
105282,2025-05-30,CUST01288,Dumbbell Set,Sports & Fitness,South,Retail Store,1,2199.0,2199.0
103771,2024-12-23,CUST00974,Cotton T-Shirt,Fashion,North,Online,1,599.0,599.0
105964,2025-08-10,CUST02362,Sunscreen SPF50,Beauty & Personal Care,South,Online,1,449.0,449.0
105851,2025-07-30,CUST00869,Water Bottle,Sports & Fitness,West,Online,1,349.0,349.0
104391,2025-02-25,CUST00597,Electric Kettle,Home & Kitchen,East,Online,1,899.0,899.0
105062,2025-05-04,CUST00267,Blender,Home & Kitchen,Central,Retail Store,1,1439.1,1439.1
105919,2025-08-05,CUST01394,Sunscreen SPF50,Beauty & Personal Care,South,Retail Store,1,381.65,381.65
107236,2025-11-20,CUST00157,Resistance Bands,Sports & Fitness,West,Marketplace,1,399.0,399.0
102915,2024-10-23,CUST00036,Denim Jacket,Fashion,West,Retail Store,1,1999.0,1999.0
102861,2024-10-19,CUST01243,Electric Kettle,Home & Kitchen,South,Retail Store,1,719.2,719.2
102364,2024-09-11,CUST01482,Wireless Earbuds,Electronics,Central,Online,1,1274.15,1274.15
104625,2025-03-21,CUST01484,Cotton T-Shirt,Fashion,East,Marketplace,1,599.0,599.0
103882,2025-01-01,CUST00706,Electric Kettle,Home & Kitchen,Central,Retail Store,1,899.0,899.0
104124,2025-01-26,CUST01904,Electric Kettle,Home & Kitchen,West,Online,2,809.1,1618.2
106333,2025-09-16,CUST00421,Non-stick Pan Set,Home & Kitchen,South,Retail Store,1,1299.0,1299.0
105770,2025-07-21,CUST01942,Smartwatch,Electronics,West,Marketplace,1,2999.0,2999.0
100275,2024-01-29,CUST02440,Sunglasses,Fashion,South,Retail Store,1,799.0,799.0
101073,2024-04-22,CUST00085,Denim Jacket,Fashion,West,Online,1,1999.0,1999.0
105171,2025-05-16,CUST01477,Hair Dryer,Beauty & Personal Care,West,Marketplace,1,1199.0,1199.0
106182,2025-09-01,CUST01393,Resistance Bands,Sports & Fitness,South,Online,2,399.0,798.0
100676,2024-03-11,CUST00361,Bluetooth Speaker,Electronics,Central,Online,1,1899.0,1899.0
106913,2025-10-29,CUST01364,USB-C Cable,Electronics,East,Online,2,249.0,498.0
103383,2024-11-23,CUST01377,Bluetooth Speaker,Electronics,West,Online,1,1899.0,1899.0
106696,2025-10-16,CUST00073,Electric Kettle,Home & Kitchen,Central,Online,1,899.0,899.0
103705,2024-12-18,CUST00014,Sunglasses,Fashion,East,Online,1,679.15,679.15
100586,2024-03-02,CUST01361,Storage Containers,Home & Kitchen,Central,Marketplace,2,499.0,998.0
100838,2024-03-29,CUST00300,Dumbbell Set,Sports & Fitness,South,Online,1,2199.0,2199.0
104807,2025-04-08,CUST01866,Yoga Mat,Sports & Fitness,West,Online,1,509.15,509.15
104400,2025-02-26,CUST00273,Resistance Bands,Sports & Fitness,South,Marketplace,2,399.0,798.0
102616,2024-10-03,CUST02462,Hair Dryer,Beauty & Personal Care,West,Online,1,959.2,959.2
105347,2025-06-07,CUST01884,Sunscreen SPF50,Beauty & Personal Care,Central,Retail Store,1,449.0,449.0
102966,2024-10-26,CUST01340,Yoga Mat,Sports & Fitness,West,Online,2,599.0,1198.0
101438,2024-06-02,CUST00231,Non-stick Pan Set,Home & Kitchen,West,Marketplace,2,1299.0,2598.0
101554,2024-06-17,CUST01909,Smartwatch,Electronics,South,Retail Store,1,2999.0,2999.0
100817,2024-03-26,CUST00342,Electric Kettle,Home & Kitchen,East,Online,1,809.1,809.1
101244,2024-05-11,CUST00499,Yoga Mat,Sports & Fitness,Central,Online,1,599.0,599.0
104313,2025-02-16,CUST00495,Blender,Home & Kitchen,East,Retail Store,1,1599.0,1599.0
105054,2025-05-03,CUST00486,Bluetooth Speaker,Electronics,West,Marketplace,1,1899.0,1899.0
100303,2024-02-01,CUST00864,Sunscreen SPF50,Beauty & Personal Care,North,Online,1,449.0,449.0
102620,2024-10-04,CUST00578,Laptop Stand,Electronics,East,Online,2,799.0,1598.0
107298,2025-11-24,CUST00954,Hair Dryer,Beauty & Personal Care,South,Retail Store,1,1079.1,1079.1
102679,2024-10-07,CUST01353,Yoga Mat,Sports & Fitness,North,Retail Store,1,599.0,599.0
102486,2024-09-21,CUST02182,Storage Containers,Home & Kitchen,North,Online,1,424.15,424.15
103937,2025-01-07,CUST00329,Wireless Earbuds,Electronics,West,Online,1,1499.0,1499.0
107674,2025-12-23,CUST01001,Laptop Stand,Electronics,South,Online,1,639.2,639.2
103163,2024-11-09,CUST02451,Electric Kettle,Home & Kitchen,East,Online,1,899.0,899.0
101064,2024-04-22,CUST01696,Yoga Mat,Sports & Fitness,East,Online,1,599.0,599.0
100873,2024-04-01,CUST01567,Water Bottle,Sports & Fitness,North,Online,1,349.0,349.0
102820,2024-10-16,CUST00291,Yoga Mat,Sports & Fitness,Central,Online,1,599.0,599.0
106334,2025-09-16,CUST01490,USB-C Cable,Electronics,West,Online,2,249.0,498.0
100953,2024-04-09,CUST00379,Storage Containers,Home & Kitchen,East,Online,1,499.0,499.0
100160,2024-01-19,CUST02448,Backpack,Fashion,North,Marketplace,1,1399.0,1399.0
106887,2025-10-27,CUST02103,Electric Kettle,Home & Kitchen,North,Retail Store,1,899.0,899.0
100924,2024-04-06,CUST01692,Sunglasses,Fashion,Central,Marketplace,1,799.0,799.0
102771,2024-10-13,CUST01392,Resistance Bands,Sports & Fitness,South,Online,1,399.0,399.0
104156,2025-01-30,CUST01496,Hair Dryer,Beauty & Personal Care,South,Online,3,1199.0,3597.0
106979,2025-11-03,CUST00588,Electric Kettle,Home & Kitchen,East,Online,1,809.1,809.1
107609,2025-12-17,CUST00458,Blender,Home & Kitchen,South,Online,3,1599.0,4797.0
104335,2025-02-19,CUST01171,Smartwatch,Electronics,,Online,2,2999.0,5998.0
101976,2024-08-03,CUST00495,Sunglasses,Fashion,North,Retail Store,1,799.0,799.0
104120,2025-01-26,CUST00445,Non-stick Pan Set,Home & Kitchen,West,Online,1,1299.0,1299.0
106327,2025-09-15,CUST00740,Cotton T-Shirt,Fashion,South,Marketplace,2,599.0,1198.0
104780,2025-04-05,CUST01845,Smartwatch,Electronics,South,Online,1,2399.2,2399.2
103736,2024-12-21,CUST00762,Cotton T-Shirt,Fashion,West,Retail Store,1,599.0,599.0
102395,2024-09-14,CUST00793,Trimmer,Beauty & Personal Care,West,Online,1,899.1,899.1
106730,2025-10-18,CUST02231,Yoga Mat,Sports & Fitness,West,Online,1,599.0,599.0
103604,2024-12-10,CUST00027,Face Serum,Beauty & Personal Care,Central,Online,1,699.0,699.0
102057,2024-08-11,CUST00950,Denim Jacket,Fashion,North,Retail Store,3,1999.0,5997.0
104325,2025-02-18,CUST01003,Bluetooth Speaker,Electronics,West,Retail Store,1,1899.0,1899.0
100490,2024-02-22,CUST01971,Denim Jacket,Fashion,Central,Retail Store,1,1999.0,1999.0
107200,2025-11-18,CUST01798,Dumbbell Set,Sports & Fitness,North,Retail Store,1,1869.15,1869.15
103714,2024-12-19,CUST00765,Running Shoes,Fashion,North,Marketplace,1,2499.0,2499.0
104926,2025-04-21,CUST00427,Wireless Earbuds,Electronics,South,Online,1,1499.0,1499.0
105847,2025-07-30,CUST00016,Bluetooth Speaker,Electronics,West,Marketplace,1,1614.15,1614.15
100386,2024-02-11,CUST01946,Dumbbell Set,Sports & Fitness,West,Online,1,2199.0,2199.0
103489,2024-11-30,CUST00203,Water Bottle,Sports & Fitness,West,Online,1,349.0,349.0
102284,2024-09-04,CUST01017,Cotton T-Shirt,Fashion,East,Online,1,599.0,599.0
104112,2025-01-25,CUST02409,Electric Kettle,Home & Kitchen,West,Retail Store,1,899.0,899.0
101825,2024-07-18,CUST02446,Sunglasses,Fashion,West,Online,2,719.1,1438.2
104366,2025-02-23,CUST01430,Wireless Earbuds,Electronics,Central,Marketplace,1,1499.0,1499.0
105485,2025-06-21,CUST01549,Water Bottle,Sports & Fitness,East,Retail Store,1,349.0,349.0
104420,2025-02-28,CUST00081,Trimmer,Beauty & Personal Care,Central,Marketplace,1,999.0,999.0
101589,2024-06-21,CUST02153,Power Bank,Electronics,South,Online,1,899.0,899.0
107787,2025-12-31,CUST01157,Wireless Earbuds,Electronics,West,Marketplace,1,1499.0,1499.0
103349,2024-11-20,CUST01982,Yoga Mat,Sports & Fitness,Central,Online,1,479.2,479.2
107463,2025-12-05,CUST01562,Power Bank,Electronics,Central,Retail Store,1,764.15,764.15
101752,2024-07-11,CUST01488,Backpack,Fashion,Central,Retail Store,2,1399.0,2798.0
105247,2025-05-25,CUST00021,Air Fryer,Home & Kitchen,South,Marketplace,1,3149.1,3149.1
105401,2025-06-12,CUST02282,Sunglasses,Fashion,South,Retail Store,1,799.0,799.0
101232,2024-05-09,CUST01504,Yoga Mat,Sports & Fitness,West,Retail Store,2,479.2,958.4
104090,2025-01-23,CUST01171,Non-stick Pan Set,Home & Kitchen,North,Marketplace,1,1299.0,1299.0
105889,2025-08-03,CUST02075,Denim Jacket,Fashion,North,Online,2,1999.0,3998.0
105366,2025-06-08,CUST01202,Power Bank,Electronics,,Retail Store,2,899.0,1798.0
103161,2024-11-09,CUST01691,Resistance Bands,Sports & Fitness,North,Online,1,399.0,399.0
100964,2024-04-10,CUST00843,Backpack,Fashion,West,Retail Store,2,1399.0,2798.0
104594,2025-03-18,CUST00279,Trimmer,Beauty & Personal Care,East,Marketplace,1,799.2,799.2
100353,2024-02-07,CUST00043,USB-C Cable,Electronics,South,Marketplace,1,249.0,249.0
101839,2024-07-19,CUST00476,USB-C Cable,Electronics,South,Online,1,249.0,249.0
103946,2025-01-09,CUST00748,Power Bank,Electronics,South,Online,1,899.0,899.0
107451,2025-12-04,CUST00656,Dumbbell Set,Sports & Fitness,Central,Retail Store,1,2199.0,2199.0
100002,2024-01-01,CUST01642,Air Fryer,Home & Kitchen,West,Online,3,2974.15,8922.45
106659,2025-10-13,CUST02574,USB-C Cable,Electronics,North,Marketplace,1,249.0,249.0
104382,2025-02-24,CUST01388,Dumbbell Set,Sports & Fitness,North,Marketplace,1,2199.0,2199.0
107495,2025-12-07,CUST00633,Electric Kettle,Home & Kitchen,North,Online,1,899.0,899.0
105743,2025-07-19,CUST01986,Electric Kettle,Home & Kitchen,East,Retail Store,1,809.1,809.1
100784,2024-03-23,CUST01776,Cotton T-Shirt,Fashion,North,Retail Store,1,599.0,599.0
106315,2025-09-14,CUST02153,Bluetooth Speaker,Electronics,West,Online,2,1899.0,3798.0
105034,2025-05-01,CUST02093,Backpack,Fashion,Central,Online,3,1399.0,4197.0
102397,2024-09-14,CUST02436,Hair Dryer,Beauty & Personal Care,South,Online,1,1079.1,1079.1
106294,2025-09-12,CUST01236,Blender,Home & Kitchen,South,Online,1,1599.0,1599.0
100069,2024-01-08,CUST02597,Sunglasses,Fashion,East,Retail Store,1,679.15,679.15
100404,2024-02-13,CUST01892,Denim Jacket,Fashion,South,Retail Store,1,1699.15,1699.15
103435,2024-11-26,CUST00652,Trimmer,Beauty & Personal Care,North,Online,3,999.0,2997.0
104894,2025-04-17,CUST01348,Sunglasses,Fashion,South,Marketplace,3,799.0,2397.0
107765,2025-12-29,CUST00745,Denim Jacket,Fashion,East,Marketplace,1,1999.0,1999.0
106986,2025-11-04,CUST00206,USB-C Cable,Electronics,Central,Retail Store,1,249.0,249.0
104274,2025-02-12,CUST01779,Resistance Bands,Sports & Fitness,South,Marketplace,1,399.0,399.0
105050,2025-05-03,CUST00721,Trimmer,BEAUTY & PERSONAL CARE,South,Online,1,999.0,999.0
103429,2024-11-25,CUST00212,Resistance Bands,Sports & Fitness,Central,Marketplace,1,339.15,339.15
102140,2024-08-20,CUST00666,Cotton T-Shirt,Fashion,South,Online,1,479.2,479.2
101201,2024-05-06,CUST01469,Resistance Bands,Sports & Fitness,East,Online,1,399.0,399.0
106073,2025-08-21,CUST02203,Laptop Stand,Electronics,North,Online,1,799.0,799.0
102916,2024-10-23,CUST00341,Denim Jacket,Fashion,,Marketplace,1,1999.0,1999.0
102301,2024-09-06,CUST00349,Power Bank,Electronics,West,Online,2,899.0,1798.0
101757,2024-07-12,CUST01416,Cotton T-Shirt,Fashion,East,Online,2,599.0,1198.0
103487,2024-11-30,CUST00685,Trimmer,BEAUTY & PERSONAL CARE,North,Online,1,849.15,849.15
101578,2024-06-19,CUST02217,Hair Dryer,Beauty & Personal Care,Central,Marketplace,1,1079.1,1079.1
102720,2024-10-10,CUST00956,Sunglasses,Fashion,East,Online,2,799.0,1598.0
102242,2024-08-31,CUST01148,Storage Containers,Home & Kitchen,Central,Online,1,499.0,499.0
106790,2025-10-22,CUST00962,Wireless Earbuds,Electronics,West,Retail Store,1,1499.0,1499.0
102775,2024-10-13,CUST00662,Electric Kettle,Home & Kitchen,North,Retail Store,2,764.15,1528.3
101508,2024-06-10,CUST00466,Wireless Earbuds,Electronics,North,Online,1,1349.1,1349.1
105594,2025-07-04,CUST00355,Trimmer,Beauty & Personal Care,South,Online,1,999.0,999.0
103750,2024-12-22,CUST01373,Denim Jacket,Fashion,North,Online,2,1599.2,3198.4
102494,2024-09-22,CUST01929,Backpack,Fashion,West,Marketplace,1,1189.15,1189.15
106603,2025-10-08,CUST02256,Wireless Earbuds,Electronics,Central,Online,1,1499.0,1499.0
100539,2024-02-26,CUST01408,Air Fryer,Home & Kitchen,North,Retail Store,2,3499.0,6998.0
101331,2024-05-21,CUST00982,Bluetooth Speaker,Electronics,Central,Retail Store,1,1899.0,1899.0
102304,2024-09-06,CUST02172,Yoga Mat,Sports & Fitness,East,Online,1,599.0,599.0
102500,2024-09-23,CUST01695,Cotton T-Shirt,Fashion,West,Online,2,599.0,1198.0
101613,2024-06-24,CUST01946,Backpack,Fashion,South,Retail Store,1,1119.2,1119.2
101489,2024-06-08,CUST01892,Yoga Mat,Sports & Fitness,West,Online,2,479.2,958.4
102019,2024-08-07,CUST00458,Laptop Stand,Electronics,North,Online,1,799.0,799.0
101745,2024-07-11,CUST01220,Power Bank,ELECTRONICS,North,Marketplace,1,809.1,809.1
106871,2025-10-26,CUST02274,Power Bank,Electronics,South,Online,1,899.0,899.0
106253,2025-09-08,CUST02206,Running Shoes,Fashion,South,Online,1,2499.0,2499.0
107341,2025-11-27,CUST00119,Bluetooth Speaker,Electronics,West,Online,2,1899.0,3798.0
107217,2025-11-18,CUST01673,Storage Containers,Home & Kitchen,East,Retail Store,3,499.0,1497.0
107633,2025-12-19,CUST01959,Face Serum,Beauty & Personal Care,East,Online,1,629.1,629.1
105045,2025-05-03,CUST01082,Yoga Mat,Sports & Fitness,South,Online,1,599.0,599.0
104607,2025-03-19,CUST01404,Denim Jacket,Fashion,North,Marketplace,1,1999.0,1999.0
101394,2024-05-28,CUST01517,Sunglasses,Fashion,South,Online,2,799.0,1598.0
101509,2024-06-10,CUST01552,Wireless Earbuds,Electronics,West,Retail Store,1,1199.2,1199.2
101195,2024-05-06,CUST01837,Smartwatch,Electronics,Central,Retail Store,1,2999.0,2999.0
106737,2025-10-18,CUST00438,Blender,Home & Kitchen,North,Online,1,1439.1,1439.1
105428,2025-06-16,CUST00835,USB-C Cable,Electronics,South,Online,1,249.0,249.0
105406,2025-06-13,CUST01068,Face Serum,Beauty & Personal Care,West,Online,1,699.0,699.0
107600,2025-12-16,CUST01709,Running Shoes,Fashion,West,Online,3,2249.1,6747.3
106968,2025-11-02,CUST02500,Yoga Mat,Sports & Fitness,Central,Online,1,599.0,599.0
103801,2024-12-25,CUST01511,Yoga Mat,Sports & Fitness,East,Retail Store,1,479.2,479.2
106640,2025-10-12,CUST00591,Smartwatch,Electronics,South,Online,1,2999.0,2999.0
104678,2025-03-26,CUST02173,Denim Jacket,Fashion,East,Online,1,1999.0,1999.0
106265,2025-09-09,CUST02365,Running Shoes,Fashion,South,Retail Store,1,1999.2,1999.2
101932,2024-07-28,CUST00471,Air Fryer,Home & Kitchen,South,Online,1,3499.0,3499.0
102813,2024-10-16,CUST01828,Storage Containers,HOME & KITCHEN,South,Online,2,449.1,898.2
103975,2025-01-11,CUST00110,Laptop Stand,Electronics,East,Retail Store,1,719.1,719.1
102540,2024-09-28,CUST01992,Face Serum,Beauty & Personal Care,North,Retail Store,1,699.0,699.0
102670,2024-10-07,CUST01592,Smartwatch,Electronics,Central,Retail Store,2,2999.0,5998.0
107694,2025-12-25,CUST02083,Trimmer,Beauty & Personal Care,Central,Online,1,999.0,999.0
103720,2024-12-20,CUST00940,Electric Kettle,Home & Kitchen,West,Retail Store,1,899.0,899.0
106498,2025-10-01,CUST00808,Hair Dryer,Beauty & Personal Care,South,Retail Store,1,1019.15,1019.15
103249,2024-11-14,CUST01807,Sunscreen SPF50,Beauty & Personal Care,West,Marketplace,1,449.0,449.0
104760,2025-04-03,CUST02198,Face Serum,Beauty & Personal Care,North,Retail Store,1,699.0,699.0
102823,2024-10-16,CUST01282,Resistance Bands,Sports & Fitness,South,Marketplace,1,399.0,399.0
100574,2024-03-01,CUST00885,USB-C Cable,Electronics,West,Online,1,249.0,249.0
100697,2024-03-13,CUST01166,Cotton T-Shirt,Fashion,West,Marketplace,1,479.2,479.2
105508,2025-06-24,CUST01082,Blender,Home & Kitchen,East,Online,1,1439.1,1439.1
107270,2025-11-22,CUST00207,Non-stick Pan Set,Home & Kitchen,East,Online,2,1299.0,2598.0
106936,2025-10-31,CUST00007,Trimmer,Beauty & Personal Care,East,Online,1,999.0,999.0
106688,2025-10-15,CUST00950,Running Shoes,Fashion,South,Retail Store,2,2249.1,4498.2
107139,2025-11-14,CUST02330,Yoga Mat,Sports & Fitness,South,Online,1,539.1,539.1
106591,2025-10-07,CUST01253,Wireless Earbuds,Electronics,East,Marketplace,1,1499.0,1499.0
102188,2024-08-24,CUST01473,Resistance Bands,Sports & Fitness,South,Marketplace,1,399.0,399.0
104023,2025-01-17,CUST00384,Backpack,Fashion,West,Online,1,1399.0,1399.0
106380,2025-09-21,CUST01244,Cotton T-Shirt,Fashion,East,Online,1,599.0,599.0
102046,2024-08-10,CUST00141,Storage Containers,Home & Kitchen,Central,Marketplace,1,499.0,499.0
100283,2024-01-30,CUST01071,Power Bank,Electronics,South,Marketplace,1,899.0,899.0
100259,2024-01-28,CUST01658,Storage Containers,Home & Kitchen,West,Retail Store,1,499.0,499.0
102665,2024-10-06,CUST00278,Cotton T-Shirt,Fashion,East,Online,1,479.2,479.2
105908,2025-08-04,CUST00889,Bluetooth Speaker,Electronics,East,Marketplace,1,1899.0,1899.0
105894,2025-08-03,CUST01804,Power Bank,Electronics,West,Retail Store,1,764.15,764.15
106494,2025-10-01,CUST02442,Non-stick Pan Set,Home & Kitchen,East,Marketplace,1,1104.15,1104.15
103234,2024-11-13,CUST02431,Hair Dryer,Beauty & Personal Care,East,Retail Store,1,1199.0,1199.0
100726,2024-03-16,CUST01765,Smartwatch,Electronics,North,Marketplace,1,2999.0,2999.0
101637,2024-06-28,CUST00064,Non-stick Pan Set,Home & Kitchen,East,Marketplace,1,1299.0,1299.0
104774,2025-04-05,CUST00688,Hair Dryer,Beauty & Personal Care,South,Retail Store,1,1199.0,1199.0
107712,2025-12-26,CUST01021,Sunscreen SPF50,Beauty & Personal Care,South,Online,1,449.0,449.0
105249,2025-05-25,CUST01056,Water Bottle,Sports & Fitness,East,Retail Store,2,349.0,698.0
105443,2025-06-17,CUST00971,Wireless Earbuds,Electronics,North,Online,2,1349.1,2698.2
100056,2024-01-07,CUST01910,USB-C Cable,Electronics,North,Retail Store,2,249.0,498.0
106349,2025-09-18,CUST01756,Denim Jacket,Fashion,South,Retail Store,3,1999.0,5997.0
106694,2025-10-15,CUST00369,Cotton T-Shirt,Fashion,Central,Online,1,599.0,599.0
101412,2024-05-30,CUST01994,Denim Jacket,Fashion,South,Retail Store,1,1999.0,1999.0
106673,2025-10-14,CUST02445,Cotton T-Shirt,Fashion,West,Online,1,599.0,599.0
102215,2024-08-27,CUST01003,Laptop Stand,Electronics,West,Retail Store,1,799.0,799.0
107618,2025-12-18,CUST00659,Face Serum,Beauty & Personal Care,East,Retail Store,1,699.0,699.0
105458,2025-06-18,CUST01063,Non-stick Pan Set,Home & Kitchen,East,Online,1,1299.0,1299.0
102936,2024-10-24,CUST01595,Wireless Earbuds,Electronics,East,Retail Store,1,1274.15,1274.15
100889,2024-04-02,CUST01712,Smartwatch,Electronics,North,Online,1,2999.0,2999.0
102955,2024-10-25,CUST00122,Cotton T-Shirt,Fashion,East,Online,1,539.1,539.1
101688,2024-07-03,CUST00803,Blender,Home & Kitchen,North,Marketplace,1,1599.0,1599.0
101820,2024-07-17,CUST00472,Hair Dryer,Beauty & Personal Care,East,Marketplace,1,1199.0,1199.0
103704,2024-12-18,CUST02186,Face Serum,Beauty & Personal Care,North,Online,1,699.0,699.0
101973,2024-08-03,CUST00544,Sunscreen SPF50,Beauty & Personal Care,South,Online,2,449.0,898.0
100715,2024-03-15,CUST00539,Laptop Stand,Electronics,East,Online,2,799.0,1598.0
104702,2025-03-29,CUST00880,Non-stick Pan Set,Home & Kitchen,Central,Retail Store,1,1299.0,1299.0
105153,2025-05-14,CUST00340,Dumbbell Set,Sports & Fitness,West,Online,1,2199.0,2199.0
102287,2024-09-04,CUST01916,Power Bank,Electronics,South,Online,1,764.15,764.15
107305,2025-11-25,CUST01550,Dumbbell Set,Sports & Fitness,South,Marketplace,1,2199.0,2199.0
101549,2024-06-16,CUST00579,Bluetooth Speaker,Electronics,East,Online,1,1899.0,1899.0
106379,2025-09-21,CUST01663,Running Shoes,Fashion,South,Online,2,2124.15,4248.3
102849,2024-10-19,CUST00976,Cotton T-Shirt,Fashion,South,Online,1,599.0,599.0
104714,2025-03-29,CUST02552,Smartwatch,Electronics,Central,Marketplace,1,2999.0,2999.0
100124,2024-01-14,CUST00265,Non-stick Pan Set,Home & Kitchen,East,Marketplace,1,1299.0,1299.0
107079,2025-11-09,CUST00201,Cotton T-Shirt,Fashion,South,Online,1,599.0,599.0
104431,2025-03-01,CUST00831,Sunglasses,Fashion,West,Retail Store,2,719.1,1438.2
107201,2025-11-18,CUST01460,Yoga Mat,Sports & Fitness,East,Online,1,599.0,599.0
107112,2025-11-12,CUST00185,Running Shoes,Fashion,,Online,1,2499.0,2499.0
104401,2025-02-26,CUST00988,Electric Kettle,Home & Kitchen,East,Online,1,899.0,899.0
100981,2024-04-12,CUST00508,Sunglasses,Fashion,West,Marketplace,1,799.0,799.0
107343,2025-11-28,CUST01357,Blender,Home & Kitchen,Central,Marketplace,1,1439.1,1439.1
100176,2024-01-20,CUST02320,Air Fryer,Home & Kitchen,West,Marketplace,1,3499.0,3499.0
100582,2024-03-02,CUST02398,Cotton T-Shirt,Fashion,East,Online,1,599.0,599.0
106264,2025-09-09,CUST00936,Blender,Home & Kitchen,Central,Online,1,1439.1,1439.1
101617,2024-06-25,CUST02099,Wireless Earbuds,Electronics,North,Marketplace,2,1499.0,2998.0
106864,2025-10-26,CUST00176,Denim Jacket,Fashion,North,Retail Store,1,1999.0,1999.0
105291,2025-06-01,CUST02171,Dumbbell Set,Sports & Fitness,South,Online,1,2199.0,2199.0
102877,2024-10-21,CUST00345,Sunglasses,Fashion,East,Online,3,719.1,2157.3
106571,2025-10-06,CUST02031,Denim Jacket,Fashion,South,Marketplace,2,1699.15,3398.3
103244,2024-11-14,CUST01647,Smartwatch,Electronics,North,Marketplace,2,2999.0,5998.0
105921,2025-08-05,CUST01774,Sunscreen SPF50,Beauty & Personal Care,East,Online,3,449.0,1347.0
105976,2025-08-11,CUST02160,Sunscreen SPF50,Beauty & Personal Care,East,Retail Store,2,449.0,898.0
106078,2025-08-21,CUST00858,Face Serum,Beauty & Personal Care,Central,Marketplace,1,699.0,699.0
101862,2024-07-21,CUST02416,Air Fryer,Home & Kitchen,South,Online,2,2799.2,5598.4
105447,2025-06-17,CUST01246,USB-C Cable,Electronics,West,Retail Store,1,249.0,249.0
103576,2024-12-07,CUST01889,USB-C Cable,Electronics,North,Online,1,249.0,249.0
103607,2024-12-10,CUST00279,Laptop Stand,Electronics,South,Marketplace,1,799.0,799.0
107378,2025-11-29,CUST00542,USB-C Cable,Electronics,Central,Online,1,249.0,249.0
102975,2024-10-27,CUST02394,Wireless Earbuds,Electronics,East,Online,1,1499.0,1499.0
104506,2025-03-09,CUST00385,Dumbbell Set,Sports & Fitness,East,Marketplace,1,2199.0,2199.0
104772,2025-04-04,CUST00493,Wireless Earbuds,Electronics,Central,Retail Store,1,1499.0,1499.0
100298,2024-02-01,CUST01940,Laptop Stand,Electronics,Central,Online,1,719.1,719.1
100926,2024-04-06,CUST02340,Sunscreen SPF50,Beauty & Personal Care,Central,Marketplace,1,404.1,404.1
104119,2025-01-26,CUST02312,Laptop Stand,Electronics,Central,Online,1,639.2,639.2
106407,2025-09-24,CUST01369,Face Serum,Beauty & Personal Care,West,Retail Store,1,699.0,699.0
102116,2024-08-18,CUST00029,Bluetooth Speaker,Electronics,South,Online,1,1614.15,1614.15
104825,2025-04-10,CUST01208,Power Bank,Electronics,North,Retail Store,1,899.0,899.0
101308,2024-05-19,CUST02179,Blender,Home & Kitchen,East,Retail Store,2,1599.0,3198.0
104768,2025-04-04,CUST00608,Power Bank,Electronics,East,Marketplace,1,899.0,899.0
101673,2024-07-01,CUST00937,Backpack,Fashion,North,Online,1,1399.0,1399.0
101200,2024-05-06,CUST00928,Air Fryer,Home & Kitchen,North,Retail Store,1,3499.0,3499.0
102230,2024-08-29,CUST01795,Storage Containers,Home & Kitchen,South,Retail Store,1,499.0,499.0
107749,2025-12-28,CUST02209,Backpack,Fashion,East,Online,1,1119.2,1119.2
100294,2024-02-01,CUST02002,Laptop Stand,Electronics,South,Retail Store,1,719.1,719.1
102691,2024-10-08,CUST01392,Air Fryer,Home & Kitchen,North,Online,2,3499.0,6998.0
104223,2025-02-07,CUST00440,Bluetooth Speaker,Electronics,South,Online,1,1899.0,1899.0
102580,2024-10-01,CUST01850,Resistance Bands,Sports & Fitness,East,Marketplace,1,399.0,399.0
106460,2025-09-28,CUST01634,Electric Kettle,Home & Kitchen,North,Retail Store,1,899.0,899.0
106320,2025-09-15,CUST00647,Hair Dryer,Beauty & Personal Care,Central,Marketplace,2,1199.0,2398.0
100693,2024-03-12,CUST02346,Storage Containers,Home & Kitchen,West,Marketplace,1,499.0,499.0
100687,2024-03-12,CUST00841,Yoga Mat,Sports & Fitness,South,Online,1,599.0,599.0
100818,2024-03-26,CUST00744,Electric Kettle,Home & Kitchen,North,Online,1,899.0,899.0
100217,2024-01-24,CUST01368,Face Serum,Beauty & Personal Care,Central,Online,1,699.0,699.0
103326,2024-11-19,CUST02317,Wireless Earbuds,Electronics,South,Marketplace,1,1499.0,1499.0
104249,2025-02-09,CUST01541,Running Shoes,Fashion,West,Online,1,2499.0,2499.0
106965,2025-11-02,CUST02553,Face Serum,Beauty & Personal Care,North,Retail Store,1,629.1,629.1
106089,2025-08-22,CUST01781,Laptop Stand,Electronics,North,Online,1,719.1,719.1
103890,2025-01-02,CUST01198,Electric Kettle,Home & Kitchen,North,Online,1,899.0,899.0
107162,2025-11-15,CUST01888,Cotton T-Shirt,Fashion,North,Online,1,599.0,599.0
107449,2025-12-04,CUST02154,Smartwatch,Electronics,East,Marketplace,1,2399.2,2399.2
106105,2025-08-23,CUST01071,Sunscreen SPF50,Beauty & Personal Care,South,Online,1,449.0,449.0
100479,2024-02-21,CUST01786,Laptop Stand,Electronics,East,Marketplace,1,719.1,719.1
105379,2025-06-10,CUST01127,Power Bank,Electronics,South,Online,1,899.0,899.0
105701,2025-07-14,CUST00568,Face Serum,Beauty & Personal Care,East,Retail Store,2,699.0,1398.0
106385,2025-09-21,CUST01427,Bluetooth Speaker,Electronics,West,Online,3,1899.0,5697.0
105763,2025-07-20,CUST02064,Backpack,Fashion,North,Online,1,1399.0,1399.0
107622,2025-12-18,CUST01736,Resistance Bands,Sports & Fitness,Central,Online,1,399.0,399.0
103199,2024-11-11,CUST00886,Running Shoes,Fashion,West,Online,1,2499.0,2499.0
100813,2024-03-25,CUST01113,Denim Jacket,Fashion,North,Online,1,1999.0,1999.0
104347,2025-02-20,CUST01281,Wireless Earbuds,Electronics,South,Online,1,1499.0,1499.0
100844,2024-03-30,CUST01317,Water Bottle,Sports & Fitness,Central,Retail Store,1,349.0,349.0
106222,2025-09-05,CUST00778,Dumbbell Set,Sports & Fitness,South,Online,1,2199.0,2199.0
103057,2024-11-01,CUST01603,Denim Jacket,Fashion,East,Online,1,1999.0,1999.0
102376,2024-09-12,CUST02205,Backpack,Fashion,East,Retail Store,1,1259.1,1259.1
104070,2025-01-21,CUST02017,Resistance Bands,Sports & Fitness,West,Online,1,399.0,399.0
102033,2024-08-08,CUST01652,Cotton T-Shirt,Fashion,Central,Retail Store,2,479.2,958.4
100968,2024-04-11,CUST00746,Trimmer,Beauty & Personal Care,East,Retail Store,1,999.0,999.0
107031,2025-11-07,CUST02016,Trimmer,Beauty & Personal Care,West,Retail Store,1,899.1,899.1
106828,2025-10-24,CUST02032,Air Fryer,Home & Kitchen,North,Retail Store,2,3499.0,6998.0
100973,2024-04-11,CUST01849,Bluetooth Speaker,Electronics,North,Retail Store,1,1709.1,1709.1
101897,2024-07-25,CUST00363,Sunglasses,Fashion,North,Online,1,799.0,799.0
104343,2025-02-20,CUST00875,Resistance Bands,Sports & Fitness,West,Marketplace,1,399.0,399.0
102705,2024-10-09,CUST00468,Sunglasses,Fashion,East,Retail Store,1,799.0,799.0
106300,2025-09-13,CUST02166,Air Fryer,Home & Kitchen,Central,Online,2,3499.0,6998.0
107680,2025-12-23,CUST00435,Water Bottle,Sports & Fitness,South,Online,1,349.0,349.0
106738,2025-10-18,CUST00799,Cotton T-Shirt,Fashion,South,Marketplace,1,599.0,599.0
103375,2024-11-22,CUST02045,Power Bank,Electronics,North,Marketplace,1,719.2,719.2
106411,2025-09-24,CUST01730,Power Bank,Electronics,South,Marketplace,2,899.0,1798.0
105019,2025-04-29,CUST01924,Water Bottle,Sports & Fitness,North,Online,1,349.0,349.0
106470,2025-09-29,CUST00573,Air Fryer,Home & Kitchen,South,Online,1,3499.0,3499.0
106793,2025-10-22,CUST00470,Dumbbell Set,Sports & Fitness,South,Online,1,2199.0,2199.0
105602,2025-07-05,CUST00561,Sunscreen SPF50,Beauty & Personal Care,,Online,1,449.0,449.0
102952,2024-10-25,CUST01990,Trimmer,Beauty & Personal Care,South,Retail Store,1,999.0,999.0
101346,2024-05-22,CUST01422,Air Fryer,Home & Kitchen,West,Retail Store,1,3499.0,3499.0
106944,2025-10-31,CUST02153,Dumbbell Set,Sports & Fitness,South,Online,1,2199.0,2199.0
100976,2024-04-12,CUST01374,Air Fryer,Home & Kitchen,North,Online,1,3499.0,3499.0
106594,2025-10-08,CUST00468,Hair Dryer,Beauty & Personal Care,,Online,1,1199.0,1199.0
105742,2025-07-19,CUST00045,Denim Jacket,Fashion,South,Online,1,1999.0,1999.0
105776,2025-07-21,CUST00142,Power Bank,Electronics,North,Online,1,899.0,899.0
100510,2024-02-24,CUST01492,Power Bank,Electronics,North,Online,1,899.0,899.0
100123,2024-01-14,CUST02118,Air Fryer,Home & Kitchen,Central,Retail Store,1,3499.0,3499.0
106949,2025-11-01,CUST01242,Sunglasses,Fashion,West,Online,1,799.0,799.0
105631,2025-07-07,CUST00174,Sunscreen SPF50,Beauty & Personal Care,East,Retail Store,1,381.65,381.65
107011,2025-11-06,CUST00526,Wireless Earbuds,Electronics,Central,Online,1,1499.0,1499.0
101711,2024-07-07,CUST02358,Running Shoes,FASHION,South,Marketplace,1,2499.0,2499.0
102101,2024-08-16,CUST01888,Hair Dryer,Beauty & Personal Care,East,Online,2,1199.0,2398.0
100870,2024-04-01,CUST01035,Running Shoes,Fashion,South,Marketplace,1,2249.1,2249.1
107022,2025-11-06,CUST02437,Face Serum,Beauty & Personal Care,West,Retail Store,1,699.0,699.0
101031,2024-04-17,CUST01805,Water Bottle,Sports & Fitness,South,Retail Store,1,349.0,349.0
103464,2024-11-28,CUST00545,Cotton T-Shirt,Fashion,South,Marketplace,1,599.0,599.0
104853,2025-04-12,CUST01889,Laptop Stand,Electronics,Central,Online,1,799.0,799.0
101999,2024-08-05,CUST01820,Cotton T-Shirt,Fashion,North,Marketplace,1,479.2,479.2
103591,2024-12-09,CUST02101,Blender,Home & Kitchen,North,Online,1,1599.0,1599.0
101157,2024-05-01,CUST00892,Hair Dryer,Beauty & Personal Care,North,Retail Store,1,1199.0,1199.0
103157,2024-11-09,CUST01561,Hair Dryer,Beauty & Personal Care,Central,Retail Store,2,1199.0,2398.0
106212,2025-09-05,CUST01496,Sunglasses,FASHION,East,Online,1,799.0,799.0
107199,2025-11-17,CUST01092,Hair Dryer,Beauty & Personal Care,Central,Marketplace,2,1199.0,2398.0
104429,2025-03-01,CUST00467,Trimmer,Beauty & Personal Care,North,Retail Store,1,999.0,999.0
105689,2025-07-13,CUST02032,Bluetooth Speaker,Electronics,West,Online,1,1899.0,1899.0
101576,2024-06-19,CUST02340,USB-C Cable,Electronics,South,Online,3,249.0,747.0
107274,2025-11-22,CUST00137,Yoga Mat,Sports & Fitness,North,Marketplace,2,599.0,1198.0
100062,2024-01-07,CUST02421,Power Bank,Electronics,North,Online,1,899.0,899.0
100473,2024-02-20,CUST00938,Yoga Mat,Sports & Fitness,West,Online,1,599.0,599.0
104998,2025-04-27,CUST01535,Denim Jacket,Fashion,Central,Retail Store,1,1799.1,1799.1
103455,2024-11-28,CUST01847,Water Bottle,Sports & Fitness,East,Retail Store,2,349.0,698.0
100866,2024-03-31,CUST01047,Sunscreen SPF50,Beauty & Personal Care,South,Online,1,449.0,449.0
103584,2024-12-08,CUST02138,Electric Kettle,Home & Kitchen,East,Online,1,899.0,899.0
107377,2025-11-29,CUST00399,Blender,Home & Kitchen,North,Retail Store,1,1599.0,1599.0
105426,2025-06-15,CUST00136,Non-stick Pan Set,Home & Kitchen,Central,Marketplace,1,1299.0,1299.0
103615,2024-12-11,CUST00940,Face Serum,Beauty & Personal Care,North,Retail Store,2,629.1,1258.2
105439,2025-06-16,CUST00554,Water Bottle,SPORTS & FITNESS,South,Online,1,349.0,349.0
104838,2025-04-11,CUST02169,Sunglasses,Fashion,,Marketplace,1,639.2,639.2
107502,2025-12-07,CUST00792,Electric Kettle,Home & Kitchen,South,Online,1,899.0,899.0
103389,2024-11-23,CUST01054,Backpack,Fashion,East,Retail Store,1,1399.0,1399.0
107313,2025-11-25,CUST00627,Denim Jacket,Fashion,Central,Marketplace,2,1799.1,3598.2
102181,2024-08-23,CUST00382,Backpack,Fashion,East,Online,2,1189.15,2378.3
104744,2025-03-31,CUST00955,Face Serum,Beauty & Personal Care,West,Retail Store,1,629.1,629.1
103282,2024-11-17,CUST01831,Sunglasses,Fashion,South,Online,1,679.15,679.15
107304,2025-11-25,CUST01480,Sunscreen SPF50,Beauty & Personal Care,South,Online,2,449.0,898.0
101629,2024-06-27,CUST02105,Water Bottle,Sports & Fitness,West,Online,1,314.1,314.1
105489,2025-06-22,CUST00585,USB-C Cable,Electronics,South,Online,2,249.0,498.0
102439,2024-09-16,CUST01789,Yoga Mat,Sports & Fitness,North,Retail Store,1,599.0,599.0
101150,2024-04-30,CUST01365,Denim Jacket,Fashion,East,Online,1,1599.2,1599.2
101161,2024-05-01,CUST01923,Sunglasses,Fashion,West,Retail Store,1,799.0,799.0
107158,2025-11-15,CUST02078,USB-C Cable,Electronics,East,Marketplace,1,249.0,249.0
100257,2024-01-28,CUST00133,Backpack,Fashion,Central,Online,2,1399.0,2798.0
102599,2024-10-02,CUST01954,Sunscreen SPF50,Beauty & Personal Care,Central,Online,1,449.0,449.0
104730,2025-03-30,CUST00144,Sunglasses,Fashion,South,Marketplace,1,799.0,799.0
106974,2025-11-02,CUST00993,Water Bottle,Sports & Fitness,East,Retail Store,1,349.0,349.0
104874,2025-04-15,CUST01195,Trimmer,Beauty & Personal Care,East,Online,1,999.0,999.0
101106,2024-04-26,CUST02461,Cotton T-Shirt,Fashion,East,Online,1,599.0,599.0
106198,2025-09-03,CUST01763,Hair Dryer,Beauty & Personal Care,West,Retail Store,1,1019.15,1019.15
106480,2025-10-01,CUST02191,Sunscreen SPF50,Beauty & Personal Care,North,Retail Store,2,359.2,718.4
103408,2024-11-24,CUST01133,Storage Containers,Home & Kitchen,South,Online,2,499.0,998.0
100558,2024-02-29,CUST00899,Non-stick Pan Set,Home & Kitchen,West,Marketplace,1,1039.2,1039.2
101851,2024-07-20,CUST02327,Electric Kettle,Home & Kitchen,South,Online,2,899.0,1798.0
106082,2025-08-21,CUST01821,Resistance Bands,Sports & Fitness,East,Retail Store,1,359.1,359.1
102089,2024-08-15,CUST01875,Blender,Home & Kitchen,North,Online,1,1599.0,1599.0
102900,2024-10-22,CUST00515,Running Shoes,Fashion,East,Online,1,2499.0,2499.0
103221,2024-11-12,CUST01620,Air Fryer,Home & Kitchen,West,Retail Store,3,3499.0,10497.0
100262,2024-01-28,CUST00341,Electric Kettle,Home & Kitchen,North,Retail Store,1,764.15,764.15
106549,2025-10-05,CUST00641,Denim Jacket,Fashion,South,Online,1,1999.0,1999.0
106228,2025-09-06,CUST01856,Dumbbell Set,Sports & Fitness,East,Online,1,1869.15,1869.15
106976,2025-11-02,CUST00417,Trimmer,Beauty & Personal Care,North,Online,1,899.1,899.1
100628,2024-03-06,CUST00643,Air Fryer,Home & Kitchen,West,Online,1,3499.0,3499.0
101890,2024-07-24,CUST00941,Smartwatch,Electronics,South,Online,1,2999.0,2999.0
103043,2024-10-31,CUST01884,Water Bottle,Sports & Fitness,West,Online,1,349.0,349.0
104306,2025-02-16,CUST00487,Blender,Home & Kitchen,West,Retail Store,1,1599.0,1599.0
102079,2024-08-13,CUST01971,Sunglasses,Fashion,West,Retail Store,1,679.15,679.15
103586,2024-12-08,CUST02451,Electric Kettle,Home & Kitchen,West,Online,2,899.0,1798.0
105454,2025-06-17,CUST02000,Trimmer,Beauty & Personal Care,North,Online,1,999.0,999.0
106329,2025-09-15,CUST02080,Denim Jacket,Fashion,North,Retail Store,1,1999.0,1999.0
104305,2025-02-16,CUST00804,Dumbbell Set,Sports & Fitness,East,Retail Store,1,1979.1,1979.1
105245,2025-05-25,CUST02156,Resistance Bands,Sports & Fitness,West,Online,1,359.1,359.1
106010,2025-08-14,CUST02046,Yoga Mat,Sports & Fitness,North,Online,1,599.0,599.0
101607,2024-06-24,CUST01385,Bluetooth Speaker,Electronics,North,Online,1,1899.0,1899.0
101021,2024-04-16,CUST02291,Air Fryer,Home & Kitchen,East,Retail Store,1,3499.0,3499.0
100609,2024-03-04,CUST02177,Blender,Home & Kitchen,South,Online,1,1599.0,1599.0
101404,2024-05-29,CUST01034,Hair Dryer,Beauty & Personal Care,South,Retail Store,3,1199.0,3597.0
106431,2025-09-26,CUST01372,Blender,Home & Kitchen,East,Online,3,1599.0,4797.0
103255,2024-11-14,CUST02589,Water Bottle,Sports & Fitness,South,Online,1,349.0,349.0
102097,2024-08-16,CUST01216,Wireless Earbuds,Electronics,West,Online,1,1499.0,1499.0
100210,2024-01-23,CUST01002,Power Bank,Electronics,South,Online,1,899.0,899.0
103799,2024-12-25,CUST00124,Blender,Home & Kitchen,East,Marketplace,1,1599.0,1599.0
103540,2024-12-04,CUST01735,Bluetooth Speaker,Electronics,Central,Marketplace,1,1899.0,1899.0
100154,2024-01-19,CUST01288,Face Serum,Beauty & Personal Care,North,Online,1,629.1,629.1
105870,2025-08-01,CUST01929,Dumbbell Set,Sports & Fitness,East,Marketplace,1,2199.0,2199.0
101591,2024-06-22,CUST00060,Hair Dryer,Beauty & Personal Care,West,Online,1,1199.0,1199.0
102443,2024-09-17,CUST02568,Laptop Stand,Electronics,South,Online,1,799.0,799.0
101148,2024-04-29,CUST00318,Cotton T-Shirt,Fashion,West,Retail Store,1,599.0,599.0
103428,2024-11-25,CUST01810,Sunglasses,Fashion,East,Online,1,719.1,719.1
101968,2024-08-02,CUST01148,Bluetooth Speaker,Electronics,North,Online,1,1899.0,1899.0
103207,2024-11-11,CUST01804,Power Bank,Electronics,West,Online,1,899.0,899.0
102434,2024-09-16,CUST00612,Smartwatch,Electronics,West,Online,2,2399.2,4798.4
101634,2024-06-28,CUST00437,Wireless Earbuds,Electronics,West,Marketplace,1,1349.1,1349.1
103293,2024-11-17,CUST02484,Sunglasses,Fashion,North,Online,1,799.0,799.0
106186,2025-09-02,CUST00056,Blender,Home & Kitchen,South,Online,2,1279.2,2558.4
100598,2024-03-03,CUST01953,Hair Dryer,Beauty & Personal Care,West,Retail Store,1,1199.0,1199.0
103138,2024-11-07,CUST02392,Resistance Bands,Sports & Fitness,,Retail Store,1,399.0,399.0
106028,2025-08-16,CUST00395,Electric Kettle,Home & Kitchen,North,Online,1,899.0,899.0
101657,2024-06-29,CUST00835,Blender,Home & Kitchen,North,Retail Store,1,1599.0,1599.0
104777,2025-04-05,CUST02428,Sunglasses,Fashion,Central,Marketplace,2,679.15,1358.3
106675,2025-10-14,CUST02211,Cotton T-Shirt,Fashion,East,Retail Store,1,599.0,599.0
103298,2024-11-17,CUST02115,Dumbbell Set,Sports & Fitness,North,Marketplace,1,1979.1,1979.1
101566,2024-06-18,CUST02502,Running Shoes,Fashion,South,Online,1,2249.1,2249.1
106247,2025-09-08,CUST02225,Electric Kettle,Home & Kitchen,South,Online,1,899.0,899.0
105425,2025-06-15,CUST01076,Backpack,Fashion,South,Online,1,1399.0,1399.0
106184,2025-09-01,CUST01433,Face Serum,Beauty & Personal Care,South,Online,1,699.0,699.0
101519,2024-06-12,CUST01152,Yoga Mat,Sports & Fitness,South,Online,1,599.0,599.0
106384,2025-09-21,CUST00101,Yoga Mat,Sports & Fitness,East,Marketplace,1,539.1,539.1
106553,2025-10-05,CUST02210,Water Bottle,Sports & Fitness,East,Online,1,349.0,349.0
104318,2025-02-17,CUST01649,Electric Kettle,Home & Kitchen,North,Online,1,899.0,899.0
100226,2024-01-25,CUST01933,Electric Kettle,Home & Kitchen,West,Online,1,899.0,899.0
105304,2025-06-02,CUST00761,Smartwatch,ELECTRONICS,West,Online,1,2999.0,2999.0
106909,2025-10-29,CUST02212,Face Serum,Beauty & Personal Care,Central,Online,1,699.0,699.0
102518,2024-09-24,CUST02440,Backpack,Fashion,West,Online,1,1119.2,1119.2
106540,2025-10-04,CUST01178,Face Serum,Beauty & Personal Care,South,Marketplace,1,699.0,699.0
102394,2024-09-14,CUST00621,Laptop Stand,Electronics,South,Retail Store,1,679.15,679.15
101761,2024-07-13,CUST01295,Wireless Earbuds,Electronics,Central,Online,1,1499.0,1499.0
101361,2024-05-25,CUST01076,Wireless Earbuds,Electronics,South,Marketplace,1,1499.0,1499.0
103305,2024-11-18,CUST00320,Smartwatch,Electronics,South,Online,2,2549.15,5098.3
102325,2024-09-08,CUST00428,Water Bottle,Sports & Fitness,West,Marketplace,1,314.1,314.1
105444,2025-06-17,CUST02333,Sunglasses,Fashion,Central,Retail Store,1,799.0,799.0
106731,2025-10-18,CUST01954,Wireless Earbuds,Electronics,East,Online,1,1349.1,1349.1
105589,2025-07-04,CUST01187,Running Shoes,Fashion,West,Retail Store,1,1999.2,1999.2
103559,2024-12-06,CUST01978,Bluetooth Speaker,Electronics,South,Marketplace,1,1899.0,1899.0
106658,2025-10-13,CUST00052,Electric Kettle,Home & Kitchen,East,Retail Store,3,899.0,2697.0
101834,2024-07-18,CUST02259,Denim Jacket,Fashion,,Online,1,1999.0,1999.0
103662,2024-12-15,CUST02415,Storage Containers,Home & Kitchen,Central,Online,1,499.0,499.0
102010,2024-08-07,CUST01924,Resistance Bands,Sports & Fitness,East,Retail Store,1,399.0,399.0
103658,2024-12-15,CUST01536,Yoga Mat,Sports & Fitness,West,Online,1,599.0,599.0
104302,2025-02-15,CUST02483,Sunscreen SPF50,Beauty & Personal Care,West,Marketplace,1,449.0,449.0
105124,2025-05-11,CUST00156,Face Serum,Beauty & Personal Care,West,Retail Store,1,629.1,629.1
104188,2025-02-02,CUST02199,Dumbbell Set,Sports & Fitness,West,Retail Store,1,1869.15,1869.15
106485,2025-10-01,CUST01557,Blender,Home & Kitchen,West,Online,1,1599.0,1599.0
105143,2025-05-12,CUST00100,Non-stick Pan Set,Home & Kitchen,West,Online,1,1299.0,1299.0
103858,2024-12-31,CUST02004,Dumbbell Set,Sports & Fitness,South,Online,1,2199.0,2199.0
100694,2024-03-12,CUST01248,Backpack,Fashion,Central,Online,1,1399.0,1399.0
106914,2025-10-29,CUST01030,Laptop Stand,Electronics,East,Retail Store,1,799.0,799.0
107057,2025-11-08,CUST00013,Sunscreen SPF50,Beauty & Personal Care,South,Marketplace,1,449.0,449.0
106861,2025-10-26,CUST00232,Dumbbell Set,Sports & Fitness,West,Online,2,2199.0,4398.0
102613,2024-10-03,CUST00287,Electric Kettle,Home & Kitchen,North,Online,1,809.1,809.1
101187,2024-05-05,CUST01696,Dumbbell Set,Sports & Fitness,South,Marketplace,2,1759.2,3518.4
101370,2024-05-26,CUST00723,Resistance Bands,Sports & Fitness,North,Retail Store,1,399.0,399.0
101908,2024-07-26,CUST00980,Resistance Bands,Sports & Fitness,East,Retail Store,1,399.0,399.0
104089,2025-01-23,CUST02004,Cotton T-Shirt,Fashion,West,Online,1,599.0,599.0
102478,2024-09-20,CUST01646,Face Serum,Beauty & Personal Care,East,Retail Store,1,699.0,699.0
100017,2024-01-02,CUST01819,Cotton T-Shirt,Fashion,South,Marketplace,0,599.0,599.0
102515,2024-09-24,CUST01279,Smartwatch,Electronics,West,Online,1,2999.0,2999.0
107178,2025-11-16,CUST01581,Non-stick Pan Set,Home & Kitchen,South,Online,1,1299.0,1299.0
102206,2024-08-26,CUST01580,Laptop Stand,Electronics,West,Online,1,799.0,799.0
103596,2024-12-09,CUST00168,Smartwatch,Electronics,North,Online,3,2999.0,8997.0
101487,2024-06-08,CUST02046,Blender,Home & Kitchen,West,Online,1,1599.0,1599.0
101677,2024-07-02,CUST01681,Resistance Bands,Sports & Fitness,South,Online,2,399.0,798.0
105281,2025-05-29,CUST02598,Non-stick Pan Set,Home & Kitchen,West,Retail Store,1,1104.15,1104.15
102354,2024-09-10,CUST00647,Air Fryer,Home & Kitchen,East,Online,1,3499.0,3499.0
100657,2024-03-09,CUST01783,Power Bank,Electronics,West,Retail Store,1,899.0,899.0
101572,2024-06-18,CUST02061,Sunglasses,Fashion,East,Marketplace,1,799.0,799.0
101738,2024-07-10,CUST01983,Dumbbell Set,Sports & Fitness,South,Online,1,2199.0,2199.0
105516,2025-06-25,CUST01467,Blender,Home & Kitchen,North,Retail Store,2,1599.0,3198.0
103856,2024-12-30,CUST01384,Sunglasses,Fashion,East,Online,1,799.0,799.0
104496,2025-03-08,CUST01002,Electric Kettle,Home & Kitchen,West,Marketplace,1,719.2,719.2
102847,2024-10-19,CUST00948,Electric Kettle,Home & Kitchen,West,Marketplace,1,899.0,899.0
102981,2024-10-27,CUST01820,Dumbbell Set,Sports & Fitness,North,Online,1,2199.0,2199.0
100619,2024-03-05,CUST02090,Storage Containers,Home & Kitchen,South,Marketplace,1,499.0,499.0
104605,2025-03-19,CUST00057,USB-C Cable,Electronics,South,Online,1,199.2,199.2
106224,2025-09-06,CUST02341,Running Shoes,Fashion,South,Online,1,2499.0,2499.0
102848,2024-10-19,CUST02522,Laptop Stand,Electronics,Central,Retail Store,3,799.0,2397.0
107455,2025-12-04,CUST00389,Laptop Stand,Electronics,West,Retail Store,1,719.1,719.1
106839,2025-10-25,CUST00251,Running Shoes,Fashion,East,Online,1,1999.2,1999.2
100868,2024-04-01,CUST01364,Trimmer,Beauty & Personal Care,East,Online,2,999.0,1998.0
102508,2024-09-23,CUST02431,Running Shoes,Fashion,West,Online,2,2499.0,4998.0
104983,2025-04-26,CUST02388,Running Shoes,Fashion,North,Online,1,2499.0,2499.0
102111,2024-08-17,CUST00187,Cotton T-Shirt,Fashion,South,Online,1,599.0,599.0
104696,2025-03-28,CUST00605,Sunscreen SPF50,Beauty & Personal Care,North,Marketplace,1,449.0,449.0
106559,2025-10-05,CUST00214,Face Serum,Beauty & Personal Care,South,Retail Store,1,699.0,699.0
100458,2024-02-19,CUST02185,Non-stick Pan Set,Home & Kitchen,South,Online,1,1299.0,1299.0
106514,2025-10-03,CUST00437,Dumbbell Set,Sports & Fitness,West,Marketplace,1,2199.0,2199.0
105214,2025-05-21,CUST00380,Yoga Mat,Sports & Fitness,North,Marketplace,1,599.0,599.0
104967,2025-04-24,CUST00378,Denim Jacket,Fashion,West,Online,2,1799.1,3598.2
100791,2024-03-23,CUST01315,Smartwatch,Electronics,Central,Retail Store,2,2999.0,5998.0
106631,2025-10-11,CUST02388,Cotton T-Shirt,Fashion,Central,Online,2,599.0,1198.0
103608,2024-12-10,CUST02149,Power Bank,Electronics,Central,Online,2,899.0,1798.0
103823,2024-12-28,CUST00835,Dumbbell Set,Sports & Fitness,South,Online,1,2199.0,2199.0
102261,2024-09-01,CUST01830,Resistance Bands,Sports & Fitness,North,Online,1,399.0,399.0
107126,2025-11-13,CUST00748,Storage Containers,Home & Kitchen,South,Marketplace,1,499.0,499.0
102809,2024-10-16,CUST02100,Cotton T-Shirt,Fashion,South,Online,1,599.0,599.0
105051,2025-05-03,CUST01121,USB-C Cable,Electronics,Central,Online,1,249.0,249.0
103519,2024-12-02,CUST02347,Running Shoes,Fashion,West,Retail Store,1,1999.2,1999.2
104747,2025-04-01,CUST01096,Bluetooth Speaker,Electronics,West,Marketplace,1,1899.0,1899.0
100734,2024-03-16,CUST00080,Yoga Mat,Sports & Fitness,South,Marketplace,1,479.2,479.2
107562,2025-12-13,CUST01782,Storage Containers,Home & Kitchen,North,Online,1,499.0,499.0
104476,2025-03-06,CUST02085,Denim Jacket,Fashion,East,Marketplace,1,1999.0,1999.0
103959,2025-01-10,CUST00233,Dumbbell Set,Sports & Fitness,North,Online,1,2199.0,2199.0
102134,2024-08-19,CUST00527,Laptop Stand,Electronics,South,Retail Store,2,799.0,1598.0
105053,2025-05-03,CUST02388,Backpack,Fashion,South,Online,1,1399.0,1399.0
104268,2025-02-11,CUST01537,Denim Jacket,Fashion,Central,Online,1,1999.0,1999.0
101945,2024-07-30,CUST01876,Water Bottle,Sports & Fitness,North,Retail Store,1,349.0,349.0
102280,2024-09-04,CUST01931,Water Bottle,Sports & Fitness,West,Marketplace,1,349.0,349.0
100660,2024-03-09,CUST01223,Running Shoes,Fashion,South,Online,1,2499.0,2499.0
102431,2024-09-16,CUST02456,Running Shoes,Fashion,East,Retail Store,1,2499.0,2499.0
103752,2024-12-22,CUST00384,Resistance Bands,Sports & Fitness,South,Online,2,359.1,718.2
102529,2024-09-26,CUST00253,USB-C Cable,Electronics,South,Retail Store,2,249.0,498.0
106217,2025-09-05,CUST01617,Resistance Bands,Sports & Fitness,West,Marketplace,2,339.15,678.3
105191,2025-05-18,CUST00584,Backpack,Fashion,Central,Retail Store,2,1189.15,2378.3
107038,2025-11-08,CUST00638,Backpack,Fashion,North,Online,1,1119.2,1119.2
106789,2025-10-22,CUST00840,Trimmer,Beauty & Personal Care,South,Online,1,999.0,999.0
106316,2025-09-14,CUST00066,Laptop Stand,Electronics,West,Marketplace,1,799.0,799.0
100643,2024-03-08,CUST00651,USB-C Cable,Electronics,West,Online,1,249.0,249.0
100169,2024-01-20,CUST02393,Sunscreen SPF50,Beauty & Personal Care,South,Online,1,404.1,404.1
101518,2024-06-12,CUST00896,Face Serum,Beauty & Personal Care,Central,Online,1,629.1,629.1
101801,2024-07-16,CUST01602,Cotton T-Shirt,Fashion,South,Marketplace,1,599.0,599.0
106219,2025-09-05,CUST00326,Trimmer,Beauty & Personal Care,South,Online,3,999.0,2997.0
103395,2024-11-23,CUST00430,Running Shoes,Fashion,,Retail Store,1,2249.1,2249.1
101918,2024-07-27,CUST00483,Blender,Home & Kitchen,South,Online,2,1599.0,3198.0
100273,2024-01-29,CUST00586,Hair Dryer,Beauty & Personal Care,West,Marketplace,3,1019.15,3057.45
105312,2025-06-02,CUST01699,Yoga Mat,Sports & Fitness,South,Online,1,599.0,599.0
102469,2024-09-20,CUST00783,Backpack,Fashion,Central,Online,1,1399.0,1399.0
105215,2025-05-21,CUST00010,Sunscreen SPF50,Beauty & Personal Care,West,Retail Store,1,449.0,449.0
107490,2025-12-07,CUST00606,Wireless Earbuds,Electronics,Central,Marketplace,1,1499.0,1499.0
107364,2025-11-29,CUST01874,Dumbbell Set,Sports & Fitness,West,Online,1,2199.0,2199.0
101067,2024-04-22,CUST00096,Wireless Earbuds,Electronics,East,Marketplace,1,1499.0,1499.0
106201,2025-09-03,CUST00623,Wireless Earbuds,Electronics,North,Retail Store,1,1499.0,1499.0
100495,2024-02-22,CUST00003,Denim Jacket,Fashion,North,Online,1,1999.0,1999.0
104912,2025-04-19,CUST01845,Face Serum,Beauty & Personal Care,South,Retail Store,1,699.0,699.0
101913,2024-07-27,CUST02136,Dumbbell Set,Sports & Fitness,South,Online,1,2199.0,2199.0
103647,2024-12-14,CUST01590,Laptop Stand,Electronics,East,Retail Store,1,799.0,799.0
100039,2024-01-05,CUST02040,Sunglasses,Fashion,North,Online,2,719.1,1438.2
100307,2024-02-01,CUST00442,Smartwatch,Electronics,West,Online,1,2999.0,2999.0
103741,2024-12-21,CUST01170,Blender,Home & Kitchen,South,Online,1,1599.0,1599.0
104103,2025-01-24,CUST01955,Resistance Bands,Sports & Fitness,West,Retail Store,1,399.0,399.0
103153,2024-11-08,CUST02134,Yoga Mat,Sports & Fitness,West,Online,2,599.0,1198.0
102830,2024-10-17,CUST01693,Bluetooth Speaker,Electronics,South,Marketplace,2,1899.0,3798.0
100782,2024-03-22,CUST00952,Bluetooth Speaker,Electronics,North,Online,3,1899.0,5697.0
105287,2025-05-30,CUST02071,Electric Kettle,Home & Kitchen,South,Retail Store,1,899.0,899.0
100535,2024-02-26,CUST00862,Running Shoes,Fashion,East,Online,2,2499.0,4998.0
100584,2024-03-02,CUST02532,Laptop Stand,Electronics,North,Retail Store,2,799.0,1598.0
106940,2025-10-31,CUST02377,Blender,Home & Kitchen,East,Retail Store,1,1599.0,1599.0
104144,2025-01-28,CUST02399,Laptop Stand,Electronics,West,Marketplace,3,799.0,2397.0
104419,2025-02-28,CUST01005,Running Shoes,Fashion,East,Online,1,2499.0,2499.0
103797,2024-12-25,CUST00485,Denim Jacket,Fashion,North,Online,2,1999.0,3998.0
107458,2025-12-05,CUST02341,Yoga Mat,Sports & Fitness,South,Retail Store,1,599.0,599.0
107639,2025-12-20,CUST02376,Electric Kettle,Home & Kitchen,North,Online,1,899.0,899.0
102862,2024-10-19,CUST02190,Laptop Stand,Electronics,North,Online,1,799.0,799.0
100317,2024-02-02,CUST02446,Bluetooth Speaker,Electronics,North,Retail Store,1,1899.0,1899.0
102198,2024-08-25,CUST01624,USB-C Cable,Electronics,East,Online,1,224.1,224.1
106511,2025-10-03,CUST00059,Wireless Earbuds,Electronics,East,Online,1,1499.0,1499.0
102565,2024-09-29,CUST00813,Dumbbell Set,Sports & Fitness,Central,Online,1,2199.0,2199.0
107026,2025-11-07,CUST00893,Hair Dryer,Beauty & Personal Care,West,Online,1,1199.0,1199.0
107453,2025-12-04,CUST01047,Hair Dryer,Beauty & Personal Care,Central,Retail Store,2,1199.0,2398.0
101795,2024-07-15,CUST01385,Running Shoes,Fashion,Central,Online,2,2499.0,4998.0
107245,2025-11-21,CUST02236,Bluetooth Speaker,Electronics,Central,Online,1,1899.0,1899.0
106618,2025-10-09,CUST02006,Cotton T-Shirt,Fashion,West,Marketplace,1,599.0,599.0
100272,2024-01-29,CUST01059,Cotton T-Shirt,Fashion,East,Retail Store,2,599.0,1198.0
100549,2024-02-28,CUST01684,Laptop Stand,Electronics,South,Retail Store,1,799.0,799.0
101693,2024-07-04,CUST02559,Dumbbell Set,Sports & Fitness,South,Retail Store,1,2199.0,2199.0
105816,2025-07-26,CUST01821,Running Shoes,Fashion,South,Retail Store,1,2249.1,2249.1
103526,2024-12-03,CUST02023,Storage Containers,Home & Kitchen,East,Retail Store,1,499.0,499.0
103013,2024-10-29,CUST02184,Electric Kettle,Home & Kitchen,North,Marketplace,2,899.0,1798.0
107469,2025-12-05,CUST02045,Bluetooth Speaker,Electronics,East,Online,1,1614.15,1614.15
107487,2025-12-06,CUST01674,Backpack,Fashion,South,Marketplace,1,1259.1,1259.1
102391,2024-09-13,CUST01081,Running Shoes,Fashion,South,Online,1,2249.1,2249.1
103877,2025-01-01,CUST00385,Resistance Bands,Sports & Fitness,North,Online,1,399.0,399.0
104695,2025-03-28,CUST02525,Electric Kettle,Home & Kitchen,South,Online,1,899.0,899.0
105786,2025-07-22,CUST01577,Air Fryer,HOME & KITCHEN,Central,Online,1,3499.0,3499.0
100895,2024-04-03,CUST00319,Hair Dryer,Beauty & Personal Care,East,Marketplace,3,1199.0,3597.0
105664,2025-07-11,CUST02467,Air Fryer,Home & Kitchen,North,Online,1,3499.0,3499.0
105872,2025-08-01,CUST00264,Trimmer,Beauty & Personal Care,West,Online,2,999.0,1998.0
104667,2025-03-25,CUST01366,Laptop Stand,Electronics,West,Retail Store,1,719.1,719.1
102000,2024-08-05,CUST00308,Running Shoes,Fashion,West,Marketplace,2,2249.1,4498.2
102123,2024-08-18,CUST02070,Non-stick Pan Set,Home & Kitchen,North,Marketplace,1,1299.0,1299.0
104158,2025-01-30,CUST01568,Resistance Bands,Sports & Fitness,West,Online,1,359.1,359.1
101248,2024-05-11,CUST02045,Yoga Mat,Sports & Fitness,East,Online,1,509.15,509.15
104488,2025-03-07,CUST00232,Non-stick Pan Set,Home & Kitchen,West,Online,1,1299.0,1299.0
101260,2024-05-13,CUST02516,Power Bank,ELECTRONICS,South,Online,1,899.0,899.0
100810,2024-03-25,CUST01890,Storage Containers,Home & Kitchen,West,Online,1,499.0,499.0
106389,2025-09-22,CUST02477,Running Shoes,Fashion,North,Retail Store,1,2499.0,2499.0
101050,2024-04-20,CUST00499,Smartwatch,Electronics,North,Retail Store,1,2999.0,2999.0
101879,2024-07-22,CUST02204,Blender,Home & Kitchen,Central,Online,1,1599.0,1599.0
102880,2024-10-21,CUST02172,Sunscreen SPF50,Beauty & Personal Care,Central,Online,1,404.1,404.1
100108,2024-01-13,CUST00285,Electric Kettle,Home & Kitchen,East,Retail Store,1,764.15,764.15
106250,2025-09-08,CUST01369,Power Bank,Electronics,West,Retail Store,1,899.0,899.0
100674,2024-03-10,CUST01738,Denim Jacket,Fashion,West,Marketplace,1,1799.1,1799.1
106960,2025-11-01,CUST01782,Bluetooth Speaker,Electronics,East,Online,1,1899.0,1899.0
104762,2025-04-03,CUST00304,Power Bank,Electronics,North,Retail Store,1,899.0,899.0
104606,2025-03-19,CUST00428,Trimmer,Beauty & Personal Care,South,Marketplace,2,999.0,1998.0
106276,2025-09-10,CUST00508,Sunscreen SPF50,Beauty & Personal Care,West,Online,1,449.0,449.0
106693,2025-10-15,CUST00440,Trimmer,Beauty & Personal Care,West,Online,1,999.0,999.0
105737,2025-07-18,CUST00989,Sunglasses,Fashion,North,Online,1,799.0,799.0
106589,2025-10-07,CUST01038,Bluetooth Speaker,Electronics,West,Online,1,1709.1,1709.1
105456,2025-06-18,CUST01110,Sunglasses,Fashion,West,Online,1,799.0,799.0
101533,2024-06-14,CUST01670,Trimmer,Beauty & Personal Care,West,Online,1,999.0,999.0
104963,2025-04-24,CUST01017,USB-C Cable,Electronics,North,Online,1,249.0,249.0
101856,2024-07-20,CUST02415,Resistance Bands,Sports & Fitness,West,Retail Store,1,399.0,399.0
105833,2025-07-28,CUST02246,Storage Containers,Home & Kitchen,East,Online,2,499.0,998.0
100212,2024-01-24,CUST01767,Non-stick Pan Set,Home & Kitchen,North,Online,1,1299.0,1299.0
103148,2024-11-08,CUST01106,Storage Containers,Home & Kitchen,North,Online,1,424.15,424.15
105157,2025-05-15,CUST00964,Sunglasses,Fashion,South,Online,1,799.0,799.0
102257,2024-09-01,CUST01947,Non-stick Pan Set,Home & Kitchen,North,Online,1,1299.0,1299.0
102106,2024-08-17,CUST00611,Denim Jacket,Fashion,Central,Online,1,1999.0,1999.0
103269,2024-11-16,CUST00179,Laptop Stand,Electronics,South,Online,1,799.0,799.0
107554,2025-12-12,CUST00250,Trimmer,Beauty & Personal Care,North,Retail Store,1,999.0,999.0
101974,2024-08-03,CUST01084,Sunglasses,Fashion,South,Online,1,799.0,799.0
104686,2025-03-27,CUST01802,Face Serum,Beauty & Personal Care,South,Retail Store,2,629.1,1258.2
107607,2025-12-17,CUST01232,Electric Kettle,Home & Kitchen,Central,Marketplace,1,809.1,809.1
101502,2024-06-10,CUST02140,Water Bottle,Sports & Fitness,Central,Retail Store,3,279.2,837.6
104183,2025-02-02,CUST00622,Dumbbell Set,Sports & Fitness,South,Retail Store,1,2199.0,2199.0
100647,2024-03-08,CUST01333,Yoga Mat,Sports & Fitness,,Retail Store,1,479.2,479.2
103634,2024-12-13,CUST01332,Sunscreen SPF50,Beauty & Personal Care,East,Online,1,449.0,449.0
100772,2024-03-21,CUST02154,Sunglasses,Fashion,Central,Online,0,719.1,719.1
100704,2024-03-13,CUST00191,Power Bank,Electronics,North,Online,1,809.1,809.1
103588,2024-12-09,CUST02433,Denim Jacket,Fashion,South,Marketplace,1,1999.0,1999.0
101250,2024-05-12,CUST00930,Face Serum,Beauty & Personal Care,West,Marketplace,1,699.0,699.0
104805,2025-04-08,CUST01674,Bluetooth Speaker,Electronics,West,Marketplace,1,1614.15,1614.15
102473,2024-09-20,CUST00810,Sunscreen SPF50,Beauty & Personal Care,North,Retail Store,1,381.65,381.65
106948,2025-11-01,CUST02017,Air Fryer,Home & Kitchen,North,Online,1,3499.0,3499.0
107327,2025-11-27,CUST01235,Sunscreen SPF50,Beauty & Personal Care,Central,Retail Store,1,449.0,449.0
101861,2024-07-21,CUST02041,Water Bottle,Sports & Fitness,East,Online,2,349.0,698.0
106225,2025-09-06,CUST00560,USB-C Cable,Electronics,East,Online,1,211.65,211.65
100710,2024-03-14,CUST02362,Denim Jacket,Fashion,West,Retail Store,1,1999.0,1999.0
102673,2024-10-07,CUST00123,Laptop Stand,Electronics,East,Online,1,799.0,799.0
104515,2025-03-11,CUST00185,Cotton T-Shirt,Fashion,West,Online,1,599.0,599.0
101462,2024-06-05,CUST00780,Cotton T-Shirt,Fashion,West,Online,1,509.15,509.15
101485,2024-06-08,CUST00546,Cotton T-Shirt,Fashion,South,Online,1,599.0,599.0
102546,2024-09-28,CUST01670,Dumbbell Set,Sports & Fitness,South,Online,1,2199.0,2199.0
100231,2024-01-25,CUST01467,Laptop Stand,Electronics,Central,Retail Store,1,799.0,799.0
101357,2024-05-25,CUST01145,Hair Dryer,Beauty & Personal Care,North,Retail Store,1,1199.0,1199.0
103012,2024-10-29,CUST00155,Sunscreen SPF50,Beauty & Personal Care,North,Online,1,449.0,449.0
100852,2024-03-31,CUST00489,Denim Jacket,Fashion,West,Online,1,1599.2,1599.2
101005,2024-04-14,CUST00195,Trimmer,Beauty & Personal Care,East,Retail Store,1,899.1,899.1
101997,2024-08-05,CUST01501,USB-C Cable,Electronics,Central,Online,1,249.0,249.0
101835,2024-07-19,CUST01546,Smartwatch,Electronics,North,Retail Store,1,2999.0,2999.0
103974,2025-01-11,CUST01035,Backpack,Fashion,South,Online,1,1119.2,1119.2
107441,2025-12-03,CUST02287,Blender,Home & Kitchen,West,Retail Store,1,1599.0,1599.0
104533,2025-03-12,CUST00578,Non-stick Pan Set,Home & Kitchen,South,Retail Store,1,1299.0,1299.0
101317,2024-05-19,CUST01217,Electric Kettle,Home & Kitchen,East,Online,3,764.15,2292.45
103328,2024-11-19,CUST00395,Denim Jacket,Fashion,North,Retail Store,1,1999.0,1999.0
101624,2024-06-26,CUST00380,Sunglasses,Fashion,North,Online,1,799.0,799.0
101481,2024-06-08,CUST02020,Backpack,Fashion,West,Online,1,1259.1,1259.1
103834,2024-12-29,CUST01082,Electric Kettle,Home & Kitchen,South,Online,1,899.0,899.0
105745,2025-07-19,CUST02375,Water Bottle,Sports & Fitness,West,Online,1,349.0,349.0
105100,2025-05-08,CUST02139,Storage Containers,Home & Kitchen,East,Online,1,499.0,499.0
101279,2024-05-15,CUST02129,Hair Dryer,Beauty & Personal Care,West,Online,1,1199.0,1199.0
103081,2024-11-03,CUST00637,Running Shoes,Fashion,West,Online,1,2499.0,2499.0
101824,2024-07-17,CUST02565,Storage Containers,Home & Kitchen,Central,Retail Store,1,449.1,449.1
101054,2024-04-20,CUST01437,Denim Jacket,Fashion,North,Marketplace,2,1999.0,3998.0
104146,2025-01-28,CUST01139,Storage Containers,Home & Kitchen,East,Online,2,499.0,998.0
105933,2025-08-07,CUST00369,Storage Containers,Home & Kitchen,North,Retail Store,1,499.0,499.0
100476,2024-02-21,CUST02078,Non-stick Pan Set,Home & Kitchen,Central,Online,1,1299.0,1299.0
106449,2025-09-28,CUST01803,Laptop Stand,Electronics,North,Marketplace,1,799.0,799.0
102283,2024-09-04,CUST02010,Denim Jacket,Fashion,North,Online,2,1999.0,3998.0
103712,2024-12-19,CUST00888,Wireless Earbuds,Electronics,West,Online,1,1499.0,1499.0
103147,2024-11-08,CUST01731,Power Bank,Electronics,South,Marketplace,1,764.15,764.15
105643,2025-07-08,CUST00211,Power Bank,Electronics,East,Online,1,899.0,899.0
100336,2024-02-04,CUST01076,Power Bank,Electronics,North,Marketplace,2,899.0,1798.0
102618,2024-10-03,CUST01885,Denim Jacket,Fashion,East,Marketplace,1,1999.0,1999.0
103663,2024-12-15,CUST02182,USB-C Cable,Electronics,East,Online,2,249.0,498.0
100089,2024-01-10,CUST00312,Face Serum,Beauty & Personal Care,South,Marketplace,3,629.1,1887.3
100875,2024-04-01,CUST00718,Blender,Home & Kitchen,East,Online,1,1599.0,1599.0
107294,2025-11-24,CUST02391,Water Bottle,Sports & Fitness,North,Retail Store,1,314.1,314.1
100544,2024-02-27,CUST02381,Trimmer,Beauty & Personal Care,South,Marketplace,3,999.0,2997.0
105338,2025-06-05,CUST01763,Wireless Earbuds,Electronics,Central,Online,2,1499.0,2998.0
103001,2024-10-28,CUST00734,Laptop Stand,Electronics,West,Retail Store,1,799.0,799.0
102761,2024-10-12,CUST00787,Trimmer,Beauty & Personal Care,South,Marketplace,1,999.0,999.0
107783,2025-12-31,CUST00840,Resistance Bands,Sports & Fitness,East,Online,1,399.0,399.0
101881,2024-07-22,CUST00659,Face Serum,BEAUTY & PERSONAL CARE,North,Online,2,699.0,1398.0
107648,2025-12-21,CUST00868,Cotton T-Shirt,Fashion,South,Online,1,599.0,599.0
100927,2024-04-07,CUST00378,Backpack,Fashion,Central,Online,1,1399.0,1399.0
106366,2025-09-20,CUST01096,Denim Jacket,Fashion,North,Marketplace,1,1999.0,1999.0
100320,2024-02-02,CUST00651,Electric Kettle,Home & Kitchen,South,Retail Store,3,719.2,2157.6
104616,2025-03-20,CUST00189,Hair Dryer,Beauty & Personal Care,North,Marketplace,1,1199.0,1199.0
106031,2025-08-16,CUST01312,Face Serum,Beauty & Personal Care,East,Online,1,699.0,699.0
100879,2024-04-01,CUST02437,Hair Dryer,Beauty & Personal Care,South,Online,1,1199.0,1199.0
103995,2025-01-13,CUST01988,Water Bottle,Sports & Fitness,South,Retail Store,1,349.0,349.0
104922,2025-04-20,CUST00167,Laptop Stand,Electronics,North,Retail Store,1,799.0,799.0
103247,2024-11-14,CUST01406,Water Bottle,Sports & Fitness,West,Retail Store,1,314.1,314.1
105387,2025-06-10,CUST00919,Trimmer,Beauty & Personal Care,East,Marketplace,2,999.0,1998.0
103079,2024-11-03,CUST01524,USB-C Cable,Electronics,East,Online,2,249.0,498.0
103762,2024-12-22,CUST01631,Laptop Stand,Electronics,West,Online,1,719.1,719.1
104731,2025-03-30,CUST01715,Water Bottle,Sports & Fitness,North,Online,1,349.0,349.0
107764,2025-12-29,CUST01477,Yoga Mat,Sports & Fitness,South,Retail Store,1,599.0,599.0
104235,2025-02-08,CUST01218,Non-stick Pan Set,Home & Kitchen,South,Retail Store,1,1039.2,1039.2
104260,2025-02-10,CUST01309,Air Fryer,Home & Kitchen,East,Online,1,3149.1,3149.1
101619,2024-06-25,CUST01329,Sunscreen SPF50,BEAUTY & PERSONAL CARE,North,Retail Store,1,449.0,449.0
103727,2024-12-20,CUST00234,Hair Dryer,Beauty & Personal Care,East,Retail Store,1,1199.0,1199.0
107570,2025-12-13,CUST01813,Cotton T-Shirt,Fashion,North,Retail Store,1,599.0,599.0
105888,2025-08-02,CUST01833,Smartwatch,Electronics,North,Online,1,2999.0,2999.0
101046,2024-04-19,CUST02101,Laptop Stand,Electronics,Central,Retail Store,1,799.0,799.0
105057,2025-05-03,CUST02289,Running Shoes,Fashion,East,Marketplace,1,2124.15,2124.15
101751,2024-07-11,CUST00320,Storage Containers,Home & Kitchen,West,Online,1,499.0,499.0
105152,2025-05-14,CUST00233,Yoga Mat,Sports & Fitness,West,Online,1,539.1,539.1
103879,2025-01-01,CUST01141,Sunscreen SPF50,Beauty & Personal Care,South,Retail Store,2,449.0,898.0
105865,2025-07-31,CUST01265,USB-C Cable,Electronics,West,Retail Store,1,249.0,249.0
105601,2025-07-05,CUST02001,Sunglasses,Fashion,West,Online,1,799.0,799.0
103918,2025-01-05,CUST00309,Storage Containers,Home & Kitchen,Central,Marketplace,1,449.1,449.1
105190,2025-05-17,CUST01738,Power Bank,Electronics,West,Online,3,899.0,2697.0
101044,2024-04-19,CUST00692,Non-stick Pan Set,Home & Kitchen,East,Online,1,1169.1,1169.1
103011,2024-10-29,CUST00271,Hair Dryer,Beauty & Personal Care,South,Online,2,1199.0,2398.0
105156,2025-05-14,CUST00208,Cotton T-Shirt,Fashion,West,Marketplace,1,599.0,599.0
103291,2024-11-17,CUST01124,Dumbbell Set,Sports & Fitness,South,Online,1,2199.0,2199.0
107425,2025-12-02,CUST01439,Bluetooth Speaker,Electronics,East,Online,1,1899.0,1899.0
104752,2025-04-02,CUST01350,Denim Jacket,Fashion,East,Online,1,1799.1,1799.1
102065,2024-08-12,CUST01861,Denim Jacket,Fashion,North,Marketplace,3,1799.1,5397.3
102965,2024-10-26,CUST02434,Sunglasses,Fashion,Central,Online,1,799.0,799.0
100642,2024-03-08,CUST00492,Cotton T-Shirt,Fashion,West,Online,1,599.0,599.0
100138,2024-01-17,CUST02314,Bluetooth Speaker,Electronics,East,Online,1,1899.0,1899.0
100881,2024-04-02,CUST00447,Electric Kettle,Home & Kitchen,East,Retail Store,2,899.0,1798.0
101977,2024-08-03,CUST00010,Electric Kettle,Home & Kitchen,North,Online,1,809.1,809.1
101582,2024-06-20,CUST00215,Bluetooth Speaker,Electronics,North,Online,1,1519.2,1519.2
104794,2025-04-07,CUST01877,Power Bank,Electronics,West,Online,1,899.0,899.0
101098,2024-04-26,CUST01830,Non-stick Pan Set,Home & Kitchen,South,Online,1,1104.15,1104.15
106770,2025-10-20,CUST02348,Laptop Stand,Electronics,West,Online,1,799.0,799.0
107275,2025-11-22,CUST00486,Water Bottle,Sports & Fitness,South,Marketplace,2,349.0,698.0
106550,2025-10-05,CUST00378,Laptop Stand,Electronics,North,Online,1,799.0,799.0
106593,2025-10-07,CUST00905,USB-C Cable,Electronics,South,Online,1,249.0,249.0
101393,2024-05-28,CUST00735,Power Bank,Electronics,South,Online,1,899.0,899.0
102084,2024-08-14,CUST00448,Backpack,Fashion,North,Marketplace,2,1399.0,2798.0
101267,2024-05-14,CUST02406,Dumbbell Set,Sports & Fitness,South,Marketplace,1,1979.1,1979.1
106472,2025-09-29,CUST01901,Water Bottle,Sports & Fitness,Central,Online,3,349.0,1047.0
106462,2025-09-29,CUST00534,Denim Jacket,Fashion,South,Online,1,1999.0,1999.0
104232,2025-02-08,CUST02124,Sunglasses,Fashion,East,Marketplace,1,799.0,799.0
105266,2025-05-27,CUST01534,Resistance Bands,Sports & Fitness,Central,Online,1,399.0,399.0
102575,2024-09-30,CUST01179,Water Bottle,Sports & Fitness,North,Marketplace,1,349.0,349.0
102136,2024-08-19,CUST00425,Hair Dryer,Beauty & Personal Care,North,Retail Store,1,1199.0,1199.0
101504,2024-06-10,CUST00999,Smartwatch,Electronics,South,Retail Store,1,2549.15,2549.15
105459,2025-06-18,CUST00262,Blender,Home & Kitchen,Central,Online,1,1599.0,1599.0
107338,2025-11-27,CUST01630,Dumbbell Set,Sports & Fitness,East,Marketplace,1,2199.0,2199.0
103368,2024-11-22,CUST02035,Non-stick Pan Set,Home & Kitchen,West,Online,1,1104.15,1104.15
103730,2024-12-21,CUST02097,Electric Kettle,Home & Kitchen,East,Online,1,764.15,764.15
100149,2024-01-18,CUST00260,Denim Jacket,Fashion,North,Retail Store,1,1599.2,1599.2
100304,2024-02-01,CUST00186,Blender,Home & Kitchen,Central,Online,1,1439.1,1439.1
105114,2025-05-10,CUST02073,Running Shoes,Fashion,North,Retail Store,2,2499.0,4998.0
101925,2024-07-27,CUST02016,USB-C Cable,Electronics,East,Online,2,249.0,498.0
105149,2025-05-14,CUST02488,Hair Dryer,BEAUTY & PERSONAL CARE,,Online,2,1199.0,2398.0
107439,2025-12-03,CUST00960,Water Bottle,Sports & Fitness,South,Online,2,296.65,593.3
106510,2025-10-03,CUST00628,Sunglasses,Fashion,West,Marketplace,1,799.0,799.0
102638,2024-10-05,CUST02139,Bluetooth Speaker,Electronics,South,Marketplace,1,1899.0,1899.0
107365,2025-11-29,CUST01892,Dumbbell Set,SPORTS & FITNESS,South,Retail Store,1,2199.0,2199.0
101905,2024-07-26,CUST01737,Yoga Mat,Sports & Fitness,North,Online,1,599.0,599.0
107259,2025-11-22,CUST00448,Non-stick Pan Set,Home & Kitchen,East,Online,1,1299.0,1299.0
104295,2025-02-15,CUST00144,Running Shoes,Fashion,South,Online,1,2499.0,2499.0
103843,2024-12-29,CUST00422,USB-C Cable,Electronics,North,Retail Store,2,249.0,498.0
106903,2025-10-28,CUST02587,Sunscreen SPF50,Beauty & Personal Care,East,Marketplace,1,449.0,449.0
101769,2024-07-13,CUST01683,Water Bottle,Sports & Fitness,South,Online,1,349.0,349.0
102876,2024-10-21,CUST00290,Laptop Stand,Electronics,North,Online,1,799.0,799.0
102241,2024-08-31,CUST01033,Storage Containers,Home & Kitchen,East,Marketplace,2,499.0,998.0
104501,2025-03-09,CUST00745,Trimmer,Beauty & Personal Care,West,Retail Store,2,999.0,1998.0
107761,2025-12-29,CUST00986,Sunscreen SPF50,Beauty & Personal Care,North,Online,1,359.2,359.2
107786,2025-12-31,CUST00419,Sunglasses,Fashion,South,Online,1,639.2,639.2
100484,2024-02-21,CUST02270,USB-C Cable,Electronics,West,Online,1,249.0,249.0
105279,2025-05-29,CUST01573,USB-C Cable,Electronics,South,Online,1,249.0,249.0
105436,2025-06-16,CUST00561,Power Bank,Electronics,North,Online,1,899.0,899.0
101281,2024-05-15,CUST00817,Sunglasses,Fashion,South,Retail Store,2,799.0,1598.0
105128,2025-05-11,CUST00400,Trimmer,Beauty & Personal Care,West,Online,1,999.0,999.0
103681,2024-12-16,CUST00420,Blender,Home & Kitchen,East,Online,1,1279.2,1279.2
100792,2024-03-23,CUST01292,Yoga Mat,Sports & Fitness,West,Online,1,479.2,479.2
104896,2025-04-18,CUST02084,Resistance Bands,Sports & Fitness,South,Marketplace,1,359.1,359.1
106529,2025-10-04,CUST00670,Bluetooth Speaker,Electronics,Central,Online,1,1899.0,1899.0
101202,2024-05-06,CUST02011,Hair Dryer,Beauty & Personal Care,,Online,2,1199.0,2398.0
104519,2025-03-11,CUST00635,Sunscreen SPF50,BEAUTY & PERSONAL CARE,West,Online,1,449.0,449.0
103913,2025-01-05,CUST02027,Blender,Home & Kitchen,,Marketplace,1,1599.0,1599.0
102363,2024-09-11,CUST01279,Sunscreen SPF50,Beauty & Personal Care,South,Online,1,449.0,449.0
107756,2025-12-28,CUST01657,Resistance Bands,Sports & Fitness,South,Online,1,399.0,399.0
103070,2024-11-02,CUST01447,Sunscreen SPF50,Beauty & Personal Care,West,Online,2,359.2,718.4
103430,2024-11-25,CUST01772,Power Bank,Electronics,East,Online,2,899.0,1798.0
105980,2025-08-11,CUST02590,Face Serum,Beauty & Personal Care,South,Marketplace,1,699.0,699.0
107724,2025-12-27,CUST00698,Backpack,Fashion,North,Online,1,1119.2,1119.2
107757,2025-12-28,CUST02242,Bluetooth Speaker,Electronics,West,Online,3,1899.0,5697.0
105576,2025-07-02,CUST01432,Sunscreen SPF50,Beauty & Personal Care,East,Online,1,449.0,449.0
102592,2024-10-02,CUST00308,Sunscreen SPF50,Beauty & Personal Care,South,Retail Store,1,449.0,449.0
106025,2025-08-15,CUST01146,Non-stick Pan Set,Home & Kitchen,South,Online,1,1104.15,1104.15
102711,2024-10-09,CUST02201,Air Fryer,Home & Kitchen,North,Marketplace,1,3499.0,3499.0
105717,2025-07-16,CUST00381,Hair Dryer,Beauty & Personal Care,North,Marketplace,1,959.2,959.2
101530,2024-06-13,CUST00147,Yoga Mat,Sports & Fitness,South,Online,1,509.15,509.15
104999,2025-04-27,CUST00857,Bluetooth Speaker,Electronics,West,Online,1,1614.15,1614.15
102810,2024-10-16,CUST01204,Sunscreen SPF50,Beauty & Personal Care,East,Online,1,449.0,449.0
100686,2024-03-11,CUST01283,Face Serum,Beauty & Personal Care,East,Online,1,699.0,699.0
101552,2024-06-16,CUST00992,Dumbbell Set,Sports & Fitness,Central,Online,1,2199.0,2199.0
107456,2025-12-04,CUST01060,Hair Dryer,Beauty & Personal Care,East,Marketplace,2,1199.0,2398.0
104256,2025-02-10,CUST00497,Sunscreen SPF50,Beauty & Personal Care,East,Marketplace,2,449.0,898.0
105096,2025-05-08,CUST00787,Sunglasses,Fashion,East,Marketplace,1,799.0,799.0
103872,2025-01-01,CUST00841,Storage Containers,Home & Kitchen,East,Retail Store,1,499.0,499.0
105123,2025-05-11,CUST02495,Bluetooth Speaker,Electronics,South,Marketplace,2,1614.15,3228.3
100561,2024-02-29,CUST01810,Power Bank,Electronics,North,Online,1,899.0,899.0
102251,2024-09-01,CUST01073,Sunscreen SPF50,Beauty & Personal Care,South,Online,2,449.0,898.0
107289,2025-11-23,CUST02030,Resistance Bands,Sports & Fitness,Central,Online,1,399.0,399.0
103501,2024-11-30,CUST02208,Denim Jacket,Fashion,North,Online,1,1799.1,1799.1
102690,2024-10-08,CUST00633,Non-stick Pan Set,Home & Kitchen,South,Marketplace,1,1299.0,1299.0
104209,2025-02-05,CUST01738,Air Fryer,Home & Kitchen,South,Online,1,3499.0,3499.0
107599,2025-12-16,CUST02092,USB-C Cable,Electronics,South,Online,1,224.1,224.1
103380,2024-11-23,CUST01479,Dumbbell Set,Sports & Fitness,Central,Marketplace,1,2199.0,2199.0
103194,2024-11-10,CUST00200,Laptop Stand,Electronics,Central,Online,1,799.0,799.0
101447,2024-06-03,CUST01013,Wireless Earbuds,Electronics,East,Online,1,1499.0,1499.0
101953,2024-08-01,CUST02075,Face Serum,Beauty & Personal Care,West,Retail Store,1,699.0,699.0
100923,2024-04-06,CUST01732,Power Bank,Electronics,,Marketplace,1,899.0,899.0
101625,2024-06-26,CUST01754,Cotton T-Shirt,Fashion,East,Online,1,599.0,599.0
100311,2024-02-02,CUST00617,Trimmer,Beauty & Personal Care,West,Online,1,999.0,999.0
101320,2024-05-19,CUST00959,Blender,Home & Kitchen,North,Online,1,1599.0,1599.0
103532,2024-12-04,CUST01858,Air Fryer,Home & Kitchen,East,Marketplace,2,3499.0,6998.0
101664,2024-06-30,CUST01050,USB-C Cable,Electronics,North,Retail Store,1,249.0,249.0
100816,2024-03-26,CUST00616,Sunglasses,Fashion,Central,Retail Store,1,799.0,799.0
107074,2025-11-09,CUST01372,Wireless Earbuds,Electronics,West,Online,1,1499.0,1499.0
102267,2024-09-02,CUST00593,Electric Kettle,Home & Kitchen,East,Retail Store,1,764.15,764.15
101474,2024-06-07,CUST00677,Sunglasses,Fashion,South,Online,1,799.0,799.0
101774,2024-07-13,CUST01285,USB-C Cable,Electronics,South,Marketplace,1,211.65,211.65
104776,2025-04-05,CUST02414,Resistance Bands,Sports & Fitness,West,Marketplace,1,399.0,399.0
107198,2025-11-17,CUST02305,Electric Kettle,Home & Kitchen,North,Online,2,899.0,1798.0
101094,2024-04-25,CUST02354,Water Bottle,Sports & Fitness,Central,Online,1,349.0,349.0
104177,2025-02-01,CUST01619,Wireless Earbuds,Electronics,Central,Retail Store,1,1499.0,1499.0
101951,2024-07-31,CUST00139,Running Shoes,Fashion,Central,Online,1,2499.0,2499.0
106757,2025-10-19,CUST02165,Backpack,Fashion,North,Retail Store,2,1399.0,2798.0
103885,2025-01-01,CUST01797,Running Shoes,Fashion,North,Marketplace,1,2499.0,2499.0
107047,2025-11-08,CUST00476,Wireless Earbuds,Electronics,South,Online,2,1499.0,2998.0
107288,2025-11-23,CUST00326,Wireless Earbuds,Electronics,North,Marketplace,2,1499.0,2998.0
102801,2024-10-15,CUST02476,Water Bottle,Sports & Fitness,East,Marketplace,2,349.0,698.0
101240,2024-05-11,CUST00452,Dumbbell Set,Sports & Fitness,East,Online,1,2199.0,2199.0
100330,2024-02-03,CUST00029,Power Bank,Electronics,North,Marketplace,1,899.0,899.0
103103,2024-11-05,CUST02151,Running Shoes,Fashion,South,Retail Store,1,1999.2,1999.2
100243,2024-01-27,CUST02537,Power Bank,Electronics,West,Marketplace,1,809.1,809.1
107302,2025-11-25,CUST00965,Sunglasses,Fashion,South,Retail Store,1,679.15,679.15
104738,2025-03-31,CUST01431,Non-stick Pan Set,Home & Kitchen,South,Online,2,1299.0,2598.0
104793,2025-04-07,CUST00660,USB-C Cable,Electronics,West,Retail Store,1,249.0,249.0
102258,2024-09-01,CUST00298,Blender,Home & Kitchen,North,Online,3,1599.0,4797.0
106647,2025-10-12,CUST01273,Backpack,Fashion,South,Online,1,1399.0,1399.0
102819,2024-10-16,CUST01578,Sunscreen SPF50,Beauty & Personal Care,Central,Retail Store,1,449.0,449.0
103825,2024-12-28,CUST00212,Hair Dryer,Beauty & Personal Care,North,Online,2,1199.0,2398.0
100754,2024-03-19,CUST01535,Resistance Bands,Sports & Fitness,North,Retail Store,1,339.15,339.15
104532,2025-03-12,CUST02546,Electric Kettle,Home & Kitchen,West,Online,1,899.0,899.0
101564,2024-06-17,CUST00260,Backpack,Fashion,South,Marketplace,1,1119.2,1119.2
101935,2024-07-29,CUST02294,Backpack,Fashion,South,Retail Store,2,1399.0,2798.0
107477,2025-12-06,CUST02398,Backpack,Fashion,East,Retail Store,1,1399.0,1399.0
103494,2024-11-30,CUST02018,Storage Containers,Home & Kitchen,Central,Marketplace,1,499.0,499.0
103023,2024-10-30,CUST00123,Wireless Earbuds,Electronics,West,Retail Store,1,1199.2,1199.2
105809,2025-07-25,CUST01755,Trimmer,Beauty & Personal Care,East,Online,1,999.0,999.0
104648,2025-03-23,CUST01651,Non-stick Pan Set,HOME & KITCHEN,South,Retail Store,1,1104.15,1104.15
102649,2024-10-06,CUST02464,Trimmer,Beauty & Personal Care,West,Online,1,999.0,999.0
101857,2024-07-20,CUST02422,Resistance Bands,Sports & Fitness,Central,Online,1,359.1,359.1
104698,2025-03-28,CUST02108,Cotton T-Shirt,Fashion,South,Retail Store,1,539.1,539.1
103564,2024-12-06,CUST02292,Backpack,Fashion,Central,Online,2,1399.0,2798.0
101965,2024-08-02,CUST00903,Sunglasses,Fashion,South,Retail Store,1,679.15,679.15
101014,2024-04-15,CUST01679,Air Fryer,Home & Kitchen,West,Retail Store,1,3149.1,3149.1
105835,2025-07-28,CUST02556,Sunscreen SPF50,Beauty & Personal Care,West,Marketplace,1,449.0,449.0
101428,2024-06-01,CUST00519,Hair Dryer,Beauty & Personal Care,East,Retail Store,1,1199.0,1199.0
106109,2025-08-24,CUST01899,Denim Jacket,Fashion,South,Online,1,1999.0,1999.0
103323,2024-11-19,CUST01773,Non-stick Pan Set,Home & Kitchen,North,Marketplace,1,1039.2,1039.2
105483,2025-06-21,CUST01956,Laptop Stand,Electronics,South,Marketplace,1,799.0,799.0
101296,2024-05-18,CUST02299,Non-stick Pan Set,Home & Kitchen,East,Online,1,1299.0,1299.0
100467,2024-02-19,CUST01218,Wireless Earbuds,Electronics,Central,Online,1,1499.0,1499.0
104029,2025-01-18,CUST01926,Hair Dryer,Beauty & Personal Care,Central,Retail Store,1,1199.0,1199.0
105596,2025-07-04,CUST00520,Sunscreen SPF50,Beauty & Personal Care,Central,Online,1,449.0,449.0
100175,2024-01-20,CUST00461,Running Shoes,Fashion,East,Marketplace,1,2499.0,2499.0
104881,2025-04-16,CUST02076,Backpack,Fashion,East,Online,1,1399.0,1399.0
100278,2024-01-30,CUST00658,Face Serum,Beauty & Personal Care,West,Retail Store,1,629.1,629.1
101070,2024-04-22,CUST01081,Bluetooth Speaker,Electronics,West,Online,1,1519.2,1519.2
101549,2024-06-16,CUST00579,Bluetooth Speaker,Electronics,East,Online,1,1899.0,1899.0
101025,2024-04-17,CUST00696,Bluetooth Speaker,Electronics,East,Online,1,1899.0,1899.0
105562,2025-07-01,CUST01135,Wireless Earbuds,Electronics,Central,Online,1,1499.0,1499.0
106867,2025-10-26,CUST00642,Bluetooth Speaker,Electronics,East,Online,1,1899.0,1899.0
105037,2025-05-02,CUST00322,USB-C Cable,Electronics,Central,Marketplace,1,249.0,249.0
102835,2024-10-17,CUST02468,Blender,Home & Kitchen,East,Retail Store,1,1599.0,1599.0
106804,2025-10-22,CUST00333,Trimmer,Beauty & Personal Care,West,Marketplace,1,899.1,899.1
101467,2024-06-06,CUST01187,Electric Kettle,Home & Kitchen,North,Retail Store,1,899.0,899.0
105420,2025-06-14,CUST00523,Air Fryer,Home & Kitchen,South,Marketplace,1,3499.0,3499.0
106772,2025-10-20,CUST02318,Blender,Home & Kitchen,South,Online,2,1599.0,3198.0
105496,2025-06-23,CUST02359,Trimmer,Beauty & Personal Care,North,Marketplace,1,999.0,999.0
107078,2025-11-09,CUST00298,Resistance Bands,Sports & Fitness,East,Marketplace,1,399.0,399.0
105546,2025-06-29,CUST01794,Non-stick Pan Set,Home & Kitchen,West,Online,2,1299.0,2598.0
105003,2025-04-27,CUST00612,Electric Kettle,Home & Kitchen,North,Marketplace,2,899.0,1798.0
101714,2024-07-07,CUST01812,Running Shoes,Fashion,West,Online,1,2499.0,2499.0
103425,2024-11-25,CUST02120,Sunscreen SPF50,Beauty & Personal Care,South,Online,1,359.2,359.2
102612,2024-10-03,CUST01265,Laptop Stand,Electronics,South,Online,1,799.0,799.0
105992,2025-08-12,CUST01643,USB-C Cable,Electronics,North,Marketplace,1,249.0,249.0
100389,2024-02-11,CUST00898,Laptop Stand,Electronics,East,Retail Store,1,799.0,799.0
102071,2024-08-12,CUST02333,Storage Containers,Home & Kitchen,West,Online,1,499.0,499.0
103971,2025-01-11,CUST00732,Smartwatch,Electronics,South,Online,1,2549.15,2549.15
106896,2025-10-28,CUST01192,Storage Containers,Home & Kitchen,East,Online,1,499.0,499.0
106269,2025-09-10,CUST00959,Yoga Mat,Sports & Fitness,East,Marketplace,1,599.0,599.0
103496,2024-11-30,CUST00975,Laptop Stand,Electronics,West,Retail Store,2,799.0,1598.0
102822,2024-10-16,CUST01125,Laptop Stand,Electronics,West,Marketplace,1,799.0,799.0
104977,2025-04-25,CUST01804,Electric Kettle,Home & Kitchen,South,Marketplace,1,899.0,899.0
101425,2024-06-01,CUST01041,Bluetooth Speaker,Electronics,West,Online,1,1899.0,1899.0
103543,2024-12-04,CUST00845,Cotton T-Shirt,Fashion,North,Marketplace,1,599.0,599.0
107666,2025-12-22,CUST01967,Running Shoes,Fashion,East,Retail Store,1,2499.0,2499.0
103575,2024-12-07,CUST01368,Smartwatch,Electronics,,Online,1,2999.0,2999.0
100051,2024-01-07,CUST01203,Yoga Mat,Sports & Fitness,South,Retail Store,1,599.0,599.0
101888,2024-07-23,CUST00617,Dumbbell Set,Sports & Fitness,East,Online,1,1979.1,1979.1
105799,2025-07-24,CUST01439,Electric Kettle,Home & Kitchen,South,Retail Store,1,899.0,899.0
106588,2025-10-07,CUST02546,USB-C Cable,Electronics,West,Retail Store,2,249.0,498.0
103696,2024-12-17,CUST01455,Wireless Earbuds,Electronics,South,Marketplace,2,1499.0,2998.0
104230,2025-02-08,CUST00198,Face Serum,Beauty & Personal Care,South,Retail Store,1,629.1,629.1
105202,2025-05-19,CUST00653,Sunscreen SPF50,Beauty & Personal Care,West,Retail Store,3,449.0,1347.0
104800,2025-04-07,CUST02089,Sunglasses,Fashion,South,Online,1,679.15,679.15
100483,2024-02-21,CUST00855,Sunglasses,Fashion,West,Online,1,799.0,799.0
103394,2024-11-23,CUST02243,Storage Containers,Home & Kitchen,Central,Marketplace,1,499.0,499.0
105242,2025-05-25,CUST01123,Cotton T-Shirt,Fashion,South,Online,1,599.0,599.0
106135,2025-08-27,CUST01132,Water Bottle,Sports & Fitness,North,Online,1,349.0,349.0
102252,2024-09-01,CUST02349,Hair Dryer,Beauty & Personal Care,,Online,1,1199.0,1199.0
104163,2025-01-31,CUST02527,Cotton T-Shirt,Fashion,South,Online,1,599.0,599.0
106878,2025-10-27,CUST02364,Dumbbell Set,Sports & Fitness,North,Online,1,1869.15,1869.15
102314,2024-09-07,CUST01770,USB-C Cable,Electronics,East,Marketplace,1,199.2,199.2
102850,2024-10-19,CUST00285,Storage Containers,Home & Kitchen,South,Retail Store,1,399.2,399.2
107308,2025-11-25,CUST02065,Water Bottle,Sports & Fitness,North,Marketplace,1,314.1,314.1
103104,2024-11-05,CUST00452,Bluetooth Speaker,Electronics,West,Online,1,1614.15,1614.15
105004,2025-04-27,CUST01327,Yoga Mat,Sports & Fitness,South,Retail Store,1,599.0,599.0
104128,2025-01-26,CUST01109,Bluetooth Speaker,Electronics,South,Online,1,1899.0,1899.0
103868,2024-12-31,CUST02007,Cotton T-Shirt,Fashion,South,Online,1,479.2,479.2
102466,2024-09-19,CUST00327,Bluetooth Speaker,Electronics,North,Retail Store,1,1899.0,1899.0
102930,2024-10-24,CUST00697,Water Bottle,Sports & Fitness,North,Online,2,349.0,698.0
106777,2025-10-20,CUST01132,Blender,Home & Kitchen,West,Retail Store,1,1599.0,1599.0
107583,2025-12-15,CUST01268,Backpack,Fashion,North,Online,1,1399.0,1399.0
104107,2025-01-25,CUST02282,Smartwatch,Electronics,West,Marketplace,1,2999.0,2999.0
100065,2024-01-08,CUST02211,Air Fryer,Home & Kitchen,East,Online,1,3499.0,3499.0
107394,2025-11-30,CUST01606,Sunglasses,Fashion,North,Online,1,799.0,799.0
100777,2024-03-22,CUST00297,Backpack,Fashion,South,Online,1,1259.1,1259.1
104174,2025-02-01,CUST01896,Backpack,Fashion,Central,Online,1,1259.1,1259.1
104588,2025-03-17,CUST01176,Denim Jacket,Fashion,Central,Online,1,1999.0,1999.0
102735,2024-10-11,CUST00829,Backpack,Fashion,West,Marketplace,2,1399.0,2798.0
107280,2025-11-23,CUST02143,Storage Containers,Home & Kitchen,North,Retail Store,1,449.1,449.1
102581,2024-10-01,CUST01015,Laptop Stand,Electronics,West,Online,1,799.0,799.0
106210,2025-09-04,CUST02535,Water Bottle,Sports & Fitness,North,Online,1,279.2,279.2
104617,2025-03-21,CUST00813,Dumbbell Set,Sports & Fitness,West,Online,1,2199.0,2199.0
103484,2024-11-30,CUST02026,Blender,Home & Kitchen,North,Online,1,1599.0,1599.0
107627,2025-12-19,CUST02321,USB-C Cable,Electronics,South,Online,1,211.65,211.65
102345,2024-09-09,CUST02458,Electric Kettle,Home & Kitchen,East,Online,1,899.0,899.0
104688,2025-03-27,CUST02243,Face Serum,Beauty & Personal Care,North,Marketplace,1,699.0,699.0
102816,2024-10-16,CUST01828,Sunglasses,Fashion,East,Online,1,719.1,719.1
107334,2025-11-27,CUST00286,Denim Jacket,Fashion,West,Marketplace,1,1999.0,1999.0
105382,2025-06-10,CUST00865,Yoga Mat,Sports & Fitness,East,Retail Store,1,599.0,599.0
105940,2025-08-08,CUST00125,Dumbbell Set,Sports & Fitness,East,Marketplace,1,2199.0,2199.0
104027,2025-01-17,CUST01723,USB-C Cable,Electronics,North,Retail Store,1,249.0,249.0
100725,2024-03-16,CUST00928,Laptop Stand,Electronics,South,Online,1,799.0,799.0
107157,2025-11-15,CUST02563,Trimmer,Beauty & Personal Care,South,Online,1,999.0,999.0
106771,2025-10-20,CUST01877,Dumbbell Set,Sports & Fitness,Central,Online,1,1979.1,1979.1
107130,2025-11-13,CUST01582,Non-stick Pan Set,Home & Kitchen,Central,Online,1,1039.2,1039.2
107748,2025-12-28,CUST00614,Cotton T-Shirt,Fashion,East,Online,1,599.0,599.0
105309,2025-06-02,CUST02077,Denim Jacket,Fashion,South,Marketplace,1,1999.0,1999.0
107682,2025-12-24,CUST01622,Storage Containers,Home & Kitchen,East,Online,1,499.0,499.0
106396,2025-09-23,CUST02206,Power Bank,Electronics,West,Online,2,899.0,1798.0
107751,2025-12-28,CUST01778,Sunscreen SPF50,Beauty & Personal Care,West,Retail Store,1,381.65,381.65
105734,2025-07-18,CUST01463,Wireless Earbuds,Electronics,West,Marketplace,1,1349.1,1349.1
107615,2025-12-18,CUST01286,Smartwatch,Electronics,East,Retail Store,1,2399.2,2399.2
101736,2024-07-10,CUST01866,Air Fryer,Home & Kitchen,East,Retail Store,1,3499.0,3499.0
103125,2024-11-06,CUST01085,Wireless Earbuds,Electronics,East,Online,1,1499.0,1499.0
104941,2025-04-22,CUST02449,Dumbbell Set,Sports & Fitness,North,Retail Store,1,2199.0,2199.0
105079,2025-05-06,CUST02181,Dumbbell Set,Sports & Fitness,South,Online,1,2199.0,2199.0
104803,2025-04-07,CUST00951,Blender,Home & Kitchen,West,Retail Store,1,1599.0,1599.0
106632,2025-10-11,CUST01771,Air Fryer,Home & Kitchen,West,Online,1,3149.1,3149.1
105784,2025-07-22,CUST00933,Non-stick Pan Set,Home & Kitchen,West,Retail Store,2,1039.2,2078.4
105963,2025-08-10,CUST02154,Smartwatch,Electronics,East,Online,1,2999.0,2999.0
100274,2024-01-29,CUST02313,Bluetooth Speaker,Electronics,South,Online,1,1899.0,1899.0
105806,2025-07-25,CUST01071,Air Fryer,Home & Kitchen,South,Online,1,3499.0,3499.0
102945,2024-10-25,CUST00533,Laptop Stand,Electronics,North,Online,1,799.0,799.0
107446,2025-12-04,CUST00607,Face Serum,Beauty & Personal Care,South,Marketplace,1,699.0,699.0
105060,2025-05-04,CUST00559,Face Serum,Beauty & Personal Care,East,Online,1,594.15,594.15
107123,2025-11-13,CUST01240,Running Shoes,Fashion,North,Online,1,2124.15,2124.15
107606,2025-12-17,CUST01579,Cotton T-Shirt,Fashion,North,Retail Store,3,599.0,1797.0
107746,2025-12-28,CUST00660,Laptop Stand,Electronics,South,Retail Store,1,719.1,719.1
106556,2025-10-05,CUST01503,Sunglasses,Fashion,South,Online,1,799.0,799.0
105579,2025-07-02,CUST01963,Electric Kettle,Home & Kitchen,Central,Marketplace,1,899.0,899.0
105497,2025-06-23,CUST01887,Water Bottle,Sports & Fitness,Central,Online,1,349.0,349.0
101453,2024-06-04,CUST00421,Sunscreen SPF50,Beauty & Personal Care,East,Retail Store,1,449.0,449.0
102716,2024-10-10,CUST01915,Dumbbell Set,Sports & Fitness,West,Marketplace,1,2199.0,2199.0
104246,2025-02-09,CUST01586,USB-C Cable,Electronics,North,Online,1,199.2,199.2
102693,2024-10-08,CUST02084,Wireless Earbuds,Electronics,North,Online,2,1499.0,2998.0
102768,2024-10-12,CUST00732,Non-stick Pan Set,Home & Kitchen,North,Online,1,1299.0,1299.0
105854,2025-07-31,CUST01075,Electric Kettle,Home & Kitchen,North,Online,1,899.0,899.0
100219,2024-01-24,CUST01296,Non-stick Pan Set,Home & Kitchen,South,Marketplace,1,1299.0,1299.0
100240,2024-01-27,CUST01391,Hair Dryer,Beauty & Personal Care,Central,Retail Store,1,1199.0,1199.0
101132,2024-04-28,CUST01455,Smartwatch,Electronics,West,Online,2,2999.0,5998.0
107405,2025-12-01,CUST02332,Laptop Stand,Electronics,West,Online,1,799.0,799.0
103265,2024-11-16,CUST02104,Cotton T-Shirt,Fashion,East,Marketplace,1,599.0,599.0
106937,2025-10-31,CUST01315,Resistance Bands,Sports & Fitness,South,Online,1,399.0,399.0
102240,2024-08-31,CUST00394,Power Bank,Electronics,East,Online,1,809.1,809.1
106478,2025-09-30,CUST01647,Running Shoes,Fashion,West,Marketplace,1,2499.0,2499.0
105350,2025-06-07,CUST01261,Power Bank,Electronics,Central,Online,2,899.0,1798.0
105150,2025-05-14,CUST01561,Yoga Mat,Sports & Fitness,East,Retail Store,1,599.0,599.0
105765,2025-07-20,CUST00714,Sunglasses,Fashion,Central,Retail Store,1,719.1,719.1
101384,2024-05-27,CUST01203,Running Shoes,Fashion,North,Online,1,2499.0,2499.0
103075,2024-11-02,CUST01911,Storage Containers,Home & Kitchen,East,Online,1,499.0,499.0
104861,2025-04-13,CUST02393,Yoga Mat,Sports & Fitness,West,Retail Store,1,599.0,599.0
101358,2024-05-25,CUST00182,Trimmer,Beauty & Personal Care,North,Retail Store,1,999.0,999.0
104872,2025-04-15,CUST00731,Hair Dryer,Beauty & Personal Care,East,Retail Store,3,1199.0,3597.0
102631,2024-10-05,CUST01241,Trimmer,Beauty & Personal Care,East,Marketplace,1,849.15,849.15
102833,2024-10-17,CUST01451,Power Bank,Electronics,South,Online,1,899.0,899.0
100625,2024-03-06,CUST01081,Trimmer,Beauty & Personal Care,East,Online,2,999.0,1998.0
100840,2024-03-29,CUST01441,Non-stick Pan Set,Home & Kitchen,South,Retail Store,1,1299.0,1299.0
104724,2025-03-30,CUST01940,Backpack,Fashion,North,Marketplace,1,1259.1,1259.1
100324,2024-02-03,CUST01314,USB-C Cable,Electronics,East,Online,1,249.0,249.0
107780,2025-12-30,CUST01166,Dumbbell Set,Sports & Fitness,West,Online,1,2199.0,2199.0
107418,2025-12-02,CUST02009,Air Fryer,Home & Kitchen,West,Online,1,2974.15,2974.15
107714,2025-12-27,CUST01616,Hair Dryer,Beauty & Personal Care,South,Retail Store,1,1199.0,1199.0
101868,2024-07-21,CUST02304,Air Fryer,Home & Kitchen,Central,Online,1,3499.0,3499.0
105257,2025-05-26,CUST02361,Denim Jacket,Fashion,North,Online,1,1699.15,1699.15
102827,2024-10-16,CUST01670,Air Fryer,Home & Kitchen,Central,Retail Store,1,3149.1,3149.1
105173,2025-05-16,CUST00247,Electric Kettle,Home & Kitchen,East,Online,1,899.0,899.0
107117,2025-11-12,CUST01532,Yoga Mat,Sports & Fitness,East,Marketplace,2,599.0,1198.0
100438,2024-02-17,CUST01372,Power Bank,Electronics,South,Marketplace,1,899.0,899.0
100120,2024-01-14,CUST01536,Laptop Stand,Electronics,East,Online,1,799.0,799.0
107317,2025-11-26,CUST00764,Blender,Home & Kitchen,Central,Online,1,1599.0,1599.0
107731,2025-12-27,CUST01201,Electric Kettle,Home & Kitchen,West,Online,1,899.0,899.0
107325,2025-11-26,CUST01916,Cotton T-Shirt,Fashion,Central,Retail Store,1,599.0,599.0
105911,2025-08-05,CUST01837,Non-stick Pan Set,Home & Kitchen,West,Retail Store,1,1299.0,1299.0
101840,2024-07-19,CUST01369,Non-stick Pan Set,Home & Kitchen,East,Online,1,1299.0,1299.0
101027,2024-04-17,CUST00097,Dumbbell Set,Sports & Fitness,South,Online,1,2199.0,2199.0
103302,2024-11-18,CUST01767,Power Bank,Electronics,South,Marketplace,1,809.1,809.1
104173,2025-02-01,CUST02294,Backpack,Fashion,West,Online,1,1189.15,1189.15
103102,2024-11-05,CUST02442,Laptop Stand,Electronics,South,Online,1,799.0,799.0
100901,2024-04-03,CUST00257,Yoga Mat,Sports & Fitness,North,Online,1,599.0,599.0
104468,2025-03-05,CUST01904,Sunglasses,Fashion,North,Retail Store,2,679.15,1358.3
101205,2024-05-06,CUST01636,Water Bottle,Sports & Fitness,East,Online,1,349.0,349.0
107184,2025-11-16,CUST01667,Smartwatch,Electronics,South,Online,1,2999.0,2999.0
107777,2025-12-30,CUST00388,Blender,Home & Kitchen,North,Online,1,1599.0,1599.0
105038,2025-05-02,CUST02165,Denim Jacket,Fashion,East,Retail Store,3,1999.0,5997.0
106722,2025-10-17,CUST01042,Resistance Bands,Sports & Fitness,South,Retail Store,1,399.0,399.0
104051,2025-01-19,CUST00473,USB-C Cable,Electronics,South,Retail Store,1,249.0,249.0
106964,2025-11-02,CUST00399,Sunscreen SPF50,Beauty & Personal Care,North,Online,1,449.0,449.0
100553,2024-02-28,CUST00381,Face Serum,Beauty & Personal Care,West,Online,1,699.0,699.0
100407,2024-02-14,CUST01088,Sunscreen SPF50,Beauty & Personal Care,South,Online,1,449.0,449.0
106214,2025-09-05,CUST02184,Trimmer,Beauty & Personal Care,Central,Online,2,999.0,1998.0
107091,2025-11-10,CUST00992,Face Serum,Beauty & Personal Care,West,Marketplace,1,559.2,559.2
101614,2024-06-24,CUST02352,Trimmer,Beauty & Personal Care,South,Marketplace,2,999.0,1998.0
102935,2024-10-24,CUST00399,Cotton T-Shirt,Fashion,Central,Online,1,599.0,599.0
105065,2025-05-04,CUST00544,Hair Dryer,Beauty & Personal Care,East,Online,1,1199.0,1199.0
103299,2024-11-17,CUST01968,Face Serum,Beauty & Personal Care,Central,Online,1,594.15,594.15
102834,2024-10-17,CUST01985,Denim Jacket,Fashion,South,Online,1,1999.0,1999.0
107766,2025-12-29,CUST00170,Water Bottle,Sports & Fitness,Central,Online,1,314.1,314.1
106994,2025-11-04,CUST02108,Dumbbell Set,Sports & Fitness,Central,Online,1,1869.15,1869.15
102350,2024-09-10,CUST02278,Hair Dryer,Beauty & Personal Care,South,Online,2,1199.0,2398.0
105843,2025-07-29,CUST01882,Hair Dryer,Beauty & Personal Care,South,Retail Store,1,1199.0,1199.0
104786,2025-04-06,CUST01270,Air Fryer,Home & Kitchen,,Online,3,3499.0,10497.0
106957,2025-11-01,CUST02029,Bluetooth Speaker,Electronics,West,Online,2,1614.15,3228.3
103110,2024-11-05,CUST00052,Running Shoes,Fashion,South,Online,1,2499.0,2499.0
101739,2024-07-10,CUST02134,Backpack,Fashion,North,Online,1,1399.0,1399.0
100237,2024-01-26,CUST01116,Electric Kettle,Home & Kitchen,South,Online,1,719.2,719.2
107628,2025-12-19,CUST02219,Face Serum,Beauty & Personal Care,South,Online,1,629.1,629.1
106083,2025-08-22,CUST01406,Non-stick Pan Set,Home & Kitchen,North,Retail Store,1,1299.0,1299.0
106080,2025-08-21,CUST01244,Running Shoes,Fashion,West,Retail Store,1,2499.0,2499.0
103164,2024-11-09,CUST00722,Running Shoes,Fashion,North,Online,1,2499.0,2499.0
106939,2025-10-31,CUST02051,Resistance Bands,Sports & Fitness,East,Retail Store,2,399.0,798.0
100500,2024-02-23,CUST00635,Sunscreen SPF50,Beauty & Personal Care,West,Online,1,359.2,359.2
104919,2025-04-20,CUST02599,Storage Containers,Home & Kitchen,South,Marketplace,1,499.0,499.0
103626,2024-12-12,CUST00501,Denim Jacket,Fashion,North,Retail Store,1,1699.15,1699.15
103128,2024-11-07,CUST00217,Bluetooth Speaker,Electronics,Central,Online,1,1899.0,1899.0
100795,2024-03-24,CUST02246,Power Bank,Electronics,South,Retail Store,1,899.0,899.0
103359,2024-11-21,CUST00546,Sunglasses,Fashion,Central,Online,1,719.1,719.1
107285,2025-11-23,CUST00749,Yoga Mat,Sports & Fitness,South,Online,1,479.2,479.2
103292,2024-11-17,CUST00378,Resistance Bands,Sports & Fitness,South,Online,1,399.0,399.0
103973,2025-01-11,CUST01660,Water Bottle,Sports & Fitness,South,Marketplace,1,349.0,349.0
100991,2024-04-13,CUST00990,USB-C Cable,Electronics,West,Retail Store,1,211.65,211.65
104664,2025-03-25,CUST01769,Blender,Home & Kitchen,Central,Online,1,1599.0,1599.0
102436,2024-09-16,CUST01589,Air Fryer,Home & Kitchen,North,Online,1,3499.0,3499.0
103377,2024-11-23,CUST01812,Trimmer,Beauty & Personal Care,Central,Online,1,999.0,999.0
100391,2024-02-12,CUST01592,Resistance Bands,Sports & Fitness,West,Marketplace,2,399.0,798.0
104840,2025-04-11,CUST00789,Storage Containers,Home & Kitchen,North,Marketplace,1,499.0,499.0
102401,2024-09-14,CUST01967,Cotton T-Shirt,Fashion,East,Retail Store,1,599.0,599.0
101218,2024-05-07,CUST00980,Blender,Home & Kitchen,West,Retail Store,2,1599.0,3198.0
100236,2024-01-26,CUST02533,Blender,Home & Kitchen,North,Retail Store,2,1599.0,3198.0
100332,2024-02-03,CUST01285,Yoga Mat,Sports & Fitness,South,Online,1,599.0,599.0
104577,2025-03-16,CUST02378,Cotton T-Shirt,Fashion,East,Marketplace,1,599.0,599.0
106139,2025-08-28,CUST01521,Non-stick Pan Set,Home & Kitchen,West,Retail Store,1,1299.0,1299.0
106712,2025-10-17,CUST02483,Sunscreen SPF50,Beauty & Personal Care,Central,Online,1,449.0,449.0
103189,2024-11-10,CUST02039,Resistance Bands,Sports & Fitness,West,Retail Store,2,399.0,798.0
105774,2025-07-21,CUST01644,Water Bottle,Sports & Fitness,North,Marketplace,2,349.0,698.0
100045,2024-01-06,CUST00055,Denim Jacket,Fashion,North,Online,1,1999.0,1999.0
106245,2025-09-07,CUST00683,Yoga Mat,Sports & Fitness,South,Online,1,509.15,509.15
105565,2025-07-01,CUST02360,Yoga Mat,Sports & Fitness,East,Retail Store,1,599.0,599.0
107329,2025-11-27,CUST00655,Resistance Bands,Sports & Fitness,East,Retail Store,1,359.1,359.1
104217,2025-02-06,CUST01460,Denim Jacket,Fashion,North,Online,1,1999.0,1999.0
103437,2024-11-26,CUST02009,Electric Kettle,Home & Kitchen,North,Retail Store,1,899.0,899.0
107511,2025-12-08,CUST01386,Sunglasses,Fashion,West,Online,2,719.1,1438.2
103073,2024-11-02,CUST00476,Sunglasses,Fashion,East,Online,1,719.1,719.1
103135,2024-11-07,CUST01432,Non-stick Pan Set,Home & Kitchen,South,Online,2,1299.0,2598.0
105369,2025-06-08,CUST01288,Yoga Mat,Sports & Fitness,South,Marketplace,2,539.1,1078.2
104046,2025-01-19,CUST02304,Resistance Bands,Sports & Fitness,North,Online,1,399.0,399.0
105023,2025-04-29,CUST01436,Face Serum,Beauty & Personal Care,East,Online,1,699.0,699.0
106660,2025-10-13,CUST01491,Storage Containers,Home & Kitchen,Central,Online,1,424.15,424.15
101595,2024-06-23,CUST01277,Water Bottle,Sports & Fitness,Central,Online,1,296.65,296.65
100224,2024-01-25,CUST00137,Water Bottle,Sports & Fitness,Central,Online,2,349.0,698.0
104863,2025-04-14,CUST02551,Sunglasses,Fashion,West,Online,2,799.0,1598.0
104710,2025-03-29,CUST02522,Running Shoes,Fashion,East,Online,1,2249.1,2249.1
102892,2024-10-22,CUST00427,Blender,Home & Kitchen,South,Online,1,1599.0,1599.0
101246,2024-05-11,CUST01253,Sunscreen SPF50,Beauty & Personal Care,West,Retail Store,1,449.0,449.0
101541,2024-06-15,CUST00171,Wireless Earbuds,Electronics,South,Online,3,1499.0,4497.0
103538,2024-12-04,CUST00367,Hair Dryer,Beauty & Personal Care,East,Online,1,1079.1,1079.1
104149,2025-01-29,CUST00053,Trimmer,Beauty & Personal Care,South,Online,1,999.0,999.0
104626,2025-03-21,CUST00994,Denim Jacket,Fashion,South,Online,2,1999.0,3998.0
102534,2024-09-27,CUST00436,Bluetooth Speaker,Electronics,North,Online,1,1899.0,1899.0
105996,2025-08-13,CUST02069,Air Fryer,Home & Kitchen,North,Retail Store,1,3499.0,3499.0
107716,2025-12-27,CUST00334,Water Bottle,Sports & Fitness,South,Retail Store,1,296.65,296.65
100819,2024-03-26,CUST02259,Blender,Home & Kitchen,North,Online,1,1599.0,1599.0
103459,2024-11-28,CUST01795,Trimmer,Beauty & Personal Care,South,Online,1,999.0,999.0
100156,2024-01-19,CUST00187,Backpack,Fashion,North,Online,1,1399.0,1399.0
106745,2025-10-19,CUST00259,Storage Containers,Home & Kitchen,East,Online,1,399.2,399.2
107649,2025-12-21,CUST01963,USB-C Cable,Electronics,North,Retail Store,3,249.0,747.0
100249,2024-01-27,CUST00128,Running Shoes,Fashion,North,Online,1,2499.0,2499.0
104858,2025-04-13,CUST02101,Backpack,Fashion,South,Online,1,1399.0,1399.0
105991,2025-08-12,CUST01301,Blender,Home & Kitchen,North,Online,1,1599.0,1599.0
103928,2025-01-06,CUST01750,Wireless Earbuds,Electronics,South,Online,2,1349.1,2698.2
106126,2025-08-26,CUST01276,Storage Containers,Home & Kitchen,North,Marketplace,2,399.2,798.4
104015,2025-01-16,CUST00357,Face Serum,Beauty & Personal Care,North,Online,1,699.0,699.0
102637,2024-10-05,CUST00665,Air Fryer,Home & Kitchen,West,Retail Store,1,2974.15,2974.15
105227,2025-05-23,CUST00638,Cotton T-Shirt,Fashion,West,Online,1,599.0,599.0
104639,2025-03-23,CUST00063,Cotton T-Shirt,Fashion,East,Marketplace,1,599.0,599.0
100794,2024-03-24,CUST00837,Hair Dryer,Beauty & Personal Care,West,Online,1,959.2,959.2
101726,2024-07-09,CUST01458,Wireless Earbuds,Electronics,South,Online,1,1199.2,1199.2
103190,2024-11-10,CUST00682,Face Serum,Beauty & Personal Care,North,Online,1,594.15,594.15
102650,2024-10-06,CUST01752,Cotton T-Shirt,Fashion,East,Retail Store,1,539.1,539.1
100629,2024-03-06,CUST00528,Denim Jacket,Fashion,South,Online,1,1999.0,1999.0
106295,2025-09-12,CUST01482,Laptop Stand,Electronics,South,Online,1,799.0,799.0
107417,2025-12-02,CUST01979,Electric Kettle,Home & Kitchen,East,Online,2,899.0,1798.0
102340,2024-09-08,CUST02010,Wireless Earbuds,Electronics,North,Online,2,1499.0,2998.0
106526,2025-10-03,CUST02338,USB-C Cable,Electronics,West,Online,1,249.0,249.0
107613,2025-12-18,CUST00066,USB-C Cable,Electronics,South,Marketplace,1,249.0,249.0
106831,2025-10-24,CUST02123,Bluetooth Speaker,Electronics,South,Online,2,1709.1,3418.2
105464,2025-06-18,CUST01032,Bluetooth Speaker,Electronics,West,Online,1,1899.0,1899.0
101621,2024-06-25,CUST01284,Non-stick Pan Set,Home & Kitchen,Central,Online,2,1299.0,2598.0
107042,2025-11-08,CUST01651,Water Bottle,Sports & Fitness,Central,Online,1,349.0,349.0
101452,2024-06-04,CUST02377,Power Bank,Electronics,East,Online,1,809.1,809.1
102903,2024-10-23,CUST01782,Trimmer,Beauty & Personal Care,South,Online,3,799.2,2397.6
105168,2025-05-16,CUST00989,USB-C Cable,Electronics,South,Retail Store,1,249.0,249.0
104651,2025-03-23,CUST00677,Smartwatch,Electronics,North,Online,2,2999.0,5998.0
101829,2024-07-18,CUST00482,Backpack,Fashion,West,Online,2,1399.0,2798.0
100827,2024-03-28,CUST00120,Storage Containers,Home & Kitchen,South,Marketplace,1,499.0,499.0
101640,2024-06-28,CUST02209,Smartwatch,Electronics,West,Online,1,2549.15,2549.15
103865,2024-12-31,CUST01353,Non-stick Pan Set,Home & Kitchen,Central,Online,2,1299.0,2598.0
106081,2025-08-21,CUST00859,USB-C Cable,Electronics,East,Online,3,224.1,672.3
102914,2024-10-23,CUST01786,Resistance Bands,Sports & Fitness,Central,Online,1,399.0,399.0
105934,2025-08-08,CUST00159,Backpack,Fashion,West,Retail Store,1,1399.0,1399.0
103792,2024-12-25,CUST01443,Smartwatch,Electronics,East,Marketplace,1,2999.0,2999.0
102940,2024-10-25,CUST00429,Smartwatch,Electronics,South,Retail Store,1,2549.15,2549.15
103421,2024-11-25,CUST00401,Dumbbell Set,Sports & Fitness,South,Online,1,2199.0,2199.0
103997,2025-01-14,CUST00687,Storage Containers,Home & Kitchen,South,Online,3,499.0,1497.0
103768,2024-12-22,CUST01421,Yoga Mat,Sports & Fitness,West,Marketplace,1,599.0,599.0
100536,2024-02-26,CUST00664,Face Serum,Beauty & Personal Care,West,Retail Store,1,699.0,699.0
105907,2025-08-04,CUST00712,Resistance Bands,Sports & Fitness,Central,Online,1,319.2,319.2
102664,2024-10-06,CUST02479,USB-C Cable,Electronics,Central,Online,2,224.1,448.2
100155,2024-01-19,CUST02279,Non-stick Pan Set,Home & Kitchen,Central,Marketplace,3,1039.2,3117.6
103242,2024-11-14,CUST01701,Denim Jacket,Fashion,South,Online,1,1699.15,1699.15
105597,2025-07-04,CUST00761,Smartwatch,Electronics,East,Marketplace,1,2999.0,2999.0
103150,2024-11-08,CUST02337,Running Shoes,Fashion,North,Online,1,2499.0,2499.0
102953,2024-10-25,CUST00093,Hair Dryer,Beauty & Personal Care,North,Retail Store,1,1199.0,1199.0
101312,2024-05-19,CUST01820,Water Bottle,Sports & Fitness,West,Online,1,349.0,349.0
100323,2024-02-03,CUST02076,Running Shoes,Fashion,South,Online,1,2499.0,2499.0
105807,2025-07-25,CUST00704,Wireless Earbuds,Electronics,East,Online,2,1349.1,2698.2
104111,2025-01-25,CUST01328,Sunglasses,Fashion,East,Marketplace,1,799.0,799.0
103331,2024-11-19,CUST00504,Wireless Earbuds,Electronics,North,Marketplace,1,1499.0,1499.0
103986,2025-01-12,CUST01690,Air Fryer,Home & Kitchen,West,Online,1,3499.0,3499.0
101799,2024-07-16,CUST01324,Blender,Home & Kitchen,South,Online,1,1599.0,1599.0
106090,2025-08-22,CUST01650,Hair Dryer,Beauty & Personal Care,East,Online,1,1199.0,1199.0
100083,2024-01-09,CUST01471,Electric Kettle,Home & Kitchen,West,Retail Store,1,899.0,899.0
102561,2024-09-29,CUST02239,Hair Dryer,Beauty & Personal Care,South,Online,2,1019.15,2038.3
101944,2024-07-30,CUST01948,Laptop Stand,Electronics,West,Online,2,639.2,1278.4
101989,2024-08-04,CUST01659,Power Bank,Electronics,South,Retail Store,1,899.0,899.0
103537,2024-12-04,CUST00280,Water Bottle,Sports & Fitness,South,Retail Store,2,349.0,698.0
106769,2025-10-20,CUST01398,Running Shoes,Fashion,South,Retail Store,2,2499.0,4998.0
105480,2025-06-21,CUST00543,Denim Jacket,Fashion,South,Online,1,1799.1,1799.1
101575,2024-06-19,CUST01833,Running Shoes,Fashion,West,Marketplace,1,2499.0,2499.0
102978,2024-10-27,CUST02271,Sunscreen SPF50,Beauty & Personal Care,North,Retail Store,1,359.2,359.2
102724,2024-10-10,CUST02415,Backpack,Fashion,South,Online,1,1119.2,1119.2
103406,2024-11-24,CUST00241,Laptop Stand,Electronics,West,Online,2,679.15,1358.3
102059,2024-08-11,CUST00842,Laptop Stand,Electronics,East,Marketplace,1,799.0,799.0
101763,2024-07-13,CUST01357,Resistance Bands,Sports & Fitness,North,Retail Store,1,399.0,399.0
101495,2024-06-09,CUST00702,Sunscreen SPF50,Beauty & Personal Care,East,Online,1,404.1,404.1
104928,2025-04-21,CUST01572,Electric Kettle,Home & Kitchen,North,Retail Store,1,899.0,899.0
102081,2024-08-14,CUST00893,Cotton T-Shirt,Fashion,Central,Retail Store,1,599.0,599.0
101175,2024-05-04,CUST01305,Hair Dryer,Beauty & Personal Care,North,Retail Store,1,1199.0,1199.0
104510,2025-03-10,CUST00064,Denim Jacket,Fashion,North,Retail Store,1,1999.0,1999.0
102629,2024-10-05,CUST01505,Hair Dryer,Beauty & Personal Care,Central,Retail Store,1,1199.0,1199.0
105914,2025-08-05,CUST02540,Water Bottle,Sports & Fitness,North,Online,1,349.0,349.0
104262,2025-02-10,CUST00487,Blender,Home & Kitchen,Central,Online,3,1599.0,4797.0
107238,2025-11-20,CUST00478,Cotton T-Shirt,Fashion,West,Online,1,539.1,539.1
106252,2025-09-08,CUST02362,Wireless Earbuds,Electronics,North,Online,1,1499.0,1499.0
100615,2024-03-05,CUST01981,USB-C Cable,Electronics,North,Online,1,249.0,249.0
103094,2024-11-04,CUST01064,Cotton T-Shirt,Fashion,West,Online,2,599.0,1198.0
103451,2024-11-27,CUST00647,Running Shoes,Fashion,East,Online,1,1999.2,1999.2
101015,2024-04-15,CUST01860,Cotton T-Shirt,Fashion,North,Online,1,599.0,599.0
106234,2025-09-06,CUST02326,Water Bottle,Sports & Fitness,North,Online,2,349.0,698.0
103058,2024-11-01,CUST00348,Hair Dryer,Beauty & Personal Care,East,Online,1,1199.0,1199.0
107470,2025-12-06,CUST00318,Sunglasses,Fashion,North,Online,2,799.0,1598.0
106746,2025-10-19,CUST00770,Storage Containers,Home & Kitchen,Central,Online,1,499.0,499.0
105334,2025-06-05,CUST00716,Bluetooth Speaker,Electronics,North,Online,2,1899.0,3798.0
103906,2025-01-04,CUST00051,Blender,Home & Kitchen,Central,Online,1,1599.0,1599.0
102182,2024-08-23,CUST02466,Denim Jacket,Fashion,South,Retail Store,1,1999.0,1999.0
103419,2024-11-25,CUST02359,Bluetooth Speaker,Electronics,East,Online,2,1709.1,3418.2
104652,2025-03-23,CUST02377,Bluetooth Speaker,Electronics,South,Online,1,1899.0,1899.0
107176,2025-11-16,CUST00188,Resistance Bands,Sports & Fitness,West,Online,2,399.0,798.0
103101,2024-11-04,CUST00312,USB-C Cable,Electronics,West,Online,1,249.0,249.0
106465,2025-09-29,CUST01802,Hair Dryer,Beauty & Personal Care,South,Online,2,1199.0,2398.0
107559,2025-12-13,CUST01229,Running Shoes,Fashion,West,Retail Store,2,2499.0,4998.0
101212,2024-05-07,CUST00432,Denim Jacket,Fashion,East,Online,1,1699.15,1699.15
107524,2025-12-09,CUST02541,Denim Jacket,Fashion,North,Retail Store,1,1999.0,1999.0
100635,2024-03-07,CUST01561,Laptop Stand,Electronics,North,Online,1,799.0,799.0
106697,2025-10-16,CUST01358,Power Bank,Electronics,West,Marketplace,1,809.1,809.1
101056,2024-04-21,CUST00679,Cotton T-Shirt,FASHION,Central,Online,1,599.0,599.0
102341,2024-09-08,CUST00524,Hair Dryer,Beauty & Personal Care,East,Marketplace,1,1199.0,1199.0
105805,2025-07-25,CUST00849,Sunscreen SPF50,Beauty & Personal Care,South,Online,1,449.0,449.0
100797,2024-03-24,CUST00560,Air Fryer,Home & Kitchen,Central,Retail Store,2,3499.0,6998.0
107087,2025-11-10,CUST02542,Non-stick Pan Set,Home & Kitchen,West,Online,3,1299.0,3897.0
105188,2025-05-17,CUST02472,Face Serum,Beauty & Personal Care,South,Online,2,559.2,1118.4
104271,2025-02-11,CUST02388,Water Bottle,Sports & Fitness,Central,Online,1,296.65,296.65
102815,2024-10-16,CUST01976,Blender,Home & Kitchen,Central,Marketplace,1,1279.2,1279.2
104342,2025-02-20,CUST02530,Denim Jacket,Fashion,East,Retail Store,2,1999.0,3998.0
101081,2024-04-23,CUST00638,Hair Dryer,Beauty & Personal Care,Central,Online,1,1199.0,1199.0
101655,2024-06-29,CUST01498,Power Bank,Electronics,East,Marketplace,1,899.0,899.0
101608,2024-06-24,CUST02530,Blender,Home & Kitchen,West,Online,1,1599.0,1599.0
100145,2024-01-18,CUST00389,Cotton T-Shirt,Fashion,Central,Online,1,509.15,509.15
104242,2025-02-08,CUST02346,Wireless Earbuds,Electronics,West,Online,2,1499.0,2998.0
100091,2024-01-11,CUST02174,Storage Containers,Home & Kitchen,Central,Retail Store,2,399.2,798.4
100683,2024-03-11,CUST00712,Water Bottle,Sports & Fitness,South,Online,1,349.0,349.0
104407,2025-02-26,CUST02087,Laptop Stand,Electronics,South,Online,1,799.0,799.0
103432,2024-11-26,CUST02382,Sunglasses,Fashion,North,Retail Store,3,639.2,1917.6
100094,2024-01-11,CUST00117,Resistance Bands,Sports & Fitness,South,Online,1,399.0,399.0
100835,2024-03-28,CUST00715,Sunglasses,Fashion,South,Online,1,799.0,799.0
106053,2025-08-19,CUST00616,Electric Kettle,Home & Kitchen,Central,Online,1,899.0,899.0
105021,2025-04-29,CUST02528,Trimmer,Beauty & Personal Care,South,Retail Store,1,899.1,899.1
107466,2025-12-05,CUST01445,Smartwatch,Electronics,North,Marketplace,1,2999.0,2999.0
106006,2025-08-14,CUST00567,Sunscreen SPF50,BEAUTY & PERSONAL CARE,West,Retail Store,2,359.2,718.4
105132,2025-05-11,CUST00062,Running Shoes,Fashion,Central,Marketplace,1,2499.0,2499.0
101401,2024-05-29,CUST02210,Water Bottle,Sports & Fitness,North,Marketplace,2,349.0,698.0
103980,2025-01-12,CUST02101,Blender,Home & Kitchen,West,Online,1,1359.15,1359.15
102292,2024-09-05,CUST00162,Blender,Home & Kitchen,South,Retail Store,1,1599.0,1599.0
101501,2024-06-10,CUST01430,USB-C Cable,Electronics,North,Retail Store,2,211.65,423.3
102263,2024-09-02,CUST02539,Sunscreen SPF50,Beauty & Personal Care,South,Retail Store,1,449.0,449.0
101469,2024-06-06,CUST02568,Electric Kettle,Home & Kitchen,East,Online,1,899.0,899.0
103929,2025-01-06,CUST01451,Cotton T-Shirt,Fashion,East,Marketplace,2,599.0,1198.0
103246,2024-11-14,CUST01731,Hair Dryer,Beauty & Personal Care,South,Retail Store,1,1199.0,1199.0
100999,2024-04-13,CUST00228,Yoga Mat,Sports & Fitness,Central,Marketplace,1,509.15,509.15
100854,2024-03-31,CUST01797,Sunglasses,Fashion,South,Retail Store,1,639.2,639.2
103876,2025-01-01,CUST02575,Wireless Earbuds,Electronics,North,Retail Store,1,1499.0,1499.0
106570,2025-10-06,CUST00076,Cotton T-Shirt,Fashion,South,Online,2,599.0,1198.0
106301,2025-09-13,CUST01613,Water Bottle,SPORTS & FITNESS,South,Online,1,349.0,349.0
101143,2024-04-29,CUST00667,Blender,HOME & KITCHEN,East,Online,3,1599.0,4797.0
105240,2025-05-24,CUST01250,Smartwatch,Electronics,West,Online,1,2999.0,2999.0
102275,2024-09-03,CUST00154,Yoga Mat,Sports & Fitness,North,Marketplace,2,539.1,1078.2
107041,2025-11-08,CUST02175,Running Shoes,FASHION,East,Online,1,2499.0,2499.0
106145,2025-08-28,CUST00324,Running Shoes,Fashion,West,Retail Store,1,2499.0,2499.0
104498,2025-03-08,CUST01898,Yoga Mat,Sports & Fitness,East,Retail Store,1,599.0,599.0
101104,2024-04-26,CUST01364,Smartwatch,Electronics,North,Retail Store,3,2999.0,8997.0
100085,2024-01-09,CUST01333,Water Bottle,Sports & Fitness,West,Marketplace,2,349.0,698.0
102211,2024-08-27,CUST00563,Denim Jacket,Fashion,North,Retail Store,1,1999.0,1999.0
107656,2025-12-22,CUST00227,Smartwatch,Electronics,South,Online,1,2999.0,2999.0
104211,2025-02-05,CUST02245,Water Bottle,Sports & Fitness,East,Online,1,314.1,314.1
106815,2025-10-23,CUST02520,Hair Dryer,Beauty & Personal Care,South,Marketplace,1,1199.0,1199.0
107283,2025-11-23,CUST02417,Blender,Home & Kitchen,West,Online,1,1599.0,1599.0
105682,2025-07-12,CUST02298,USB-C Cable,Electronics,North,Marketplace,1,249.0,249.0
103441,2024-11-26,CUST02277,Dumbbell Set,Sports & Fitness,East,Online,1,2199.0,2199.0
101568,2024-06-18,CUST00990,Trimmer,Beauty & Personal Care,North,Online,1,999.0,999.0
107034,2025-11-07,CUST00643,Hair Dryer,Beauty & Personal Care,West,Online,1,1199.0,1199.0
105598,2025-07-04,CUST01775,Wireless Earbuds,Electronics,West,Online,1,1499.0,1499.0
101661,2024-06-30,CUST01344,Bluetooth Speaker,Electronics,East,Online,1,1899.0,1899.0
101557,2024-06-17,CUST00620,Cotton T-Shirt,Fashion,South,Online,1,599.0,599.0
106104,2025-08-23,CUST00096,Face Serum,Beauty & Personal Care,West,Retail Store,1,699.0,699.0
104722,2025-03-30,CUST02124,Dumbbell Set,Sports & Fitness,North,Online,1,2199.0,2199.0
103765,2024-12-22,CUST00838,Resistance Bands,Sports & Fitness,North,Online,1,399.0,399.0
103585,2024-12-08,CUST00654,Smartwatch,Electronics,South,Marketplace,3,2999.0,8997.0
101886,2024-07-23,CUST01785,Water Bottle,Sports & Fitness,North,Retail Store,1,279.2,279.2
103145,2024-11-08,CUST01409,Yoga Mat,Sports & Fitness,Central,Marketplace,1,599.0,599.0
101867,2024-07-21,CUST01334,Denim Jacket,Fashion,,Retail Store,1,1999.0,1999.0
105049,2025-05-03,CUST00478,Dumbbell Set,Sports & Fitness,North,Marketplace,1,1869.15,1869.15
106952,2025-11-01,CUST00281,Resistance Bands,Sports & Fitness,West,Online,1,399.0,399.0
106403,2025-09-24,CUST00876,Smartwatch,Electronics,West,Retail Store,1,2999.0,2999.0
104721,2025-03-30,CUST01865,Yoga Mat,Sports & Fitness,Central,Online,1,599.0,599.0
102875,2024-10-21,CUST01725,Cotton T-Shirt,Fashion,North,Retail Store,1,599.0,599.0
104331,2025-02-19,CUST02098,Resistance Bands,Sports & Fitness,Central,Marketplace,2,399.0,798.0
106280,2025-09-11,CUST02366,Blender,HOME & KITCHEN,North,Retail Store,1,1599.0,1599.0
106761,2025-10-19,CUST00827,Dumbbell Set,Sports & Fitness,Central,Marketplace,1,2199.0,2199.0
103589,2024-12-09,CUST00417,Laptop Stand,Electronics,South,Marketplace,1,799.0,799.0
103268,2024-11-16,CUST02163,Non-stick Pan Set,Home & Kitchen,South,Marketplace,1,1169.1,1169.1
102885,2024-10-21,CUST00959,Air Fryer,Home & Kitchen,East,Marketplace,2,3499.0,6998.0
102891,2024-10-22,CUST01108,Dumbbell Set,Sports & Fitness,South,Online,1,2199.0,2199.0
106131,2025-08-27,CUST00776,Dumbbell Set,Sports & Fitness,South,Online,1,2199.0,2199.0
103008,2024-10-29,CUST02248,Storage Containers,Home & Kitchen,Central,Retail Store,1,499.0,499.0
101827,2024-07-18,CUST00814,Smartwatch,Electronics,South,Retail Store,1,2999.0,2999.0
103924,2025-01-05,CUST01203,Non-stick Pan Set,Home & Kitchen,South,Online,1,1169.1,1169.1
107604,2025-12-16,CUST00722,Electric Kettle,Home & Kitchen,West,Online,1,899.0,899.0
102641,2024-10-05,CUST01865,Face Serum,Beauty & Personal Care,West,Retail Store,1,699.0,699.0
105411,2025-06-14,CUST02027,Dumbbell Set,SPORTS & FITNESS,West,Retail Store,1,1869.15,1869.15
101526,2024-06-13,CUST02521,USB-C Cable,Electronics,South,Online,1,249.0,249.0
101563,2024-06-17,CUST01268,Bluetooth Speaker,Electronics,South,Retail Store,1,1899.0,1899.0
105849,2025-07-30,CUST02426,Cotton T-Shirt,Fashion,East,Retail Store,1,599.0,599.0
105702,2025-07-14,CUST02551,Blender,Home & Kitchen,East,Marketplace,1,1599.0,1599.0
100344,2024-02-06,CUST02198,Wireless Earbuds,Electronics,East,Marketplace,1,1199.2,1199.2
102543,2024-09-28,CUST01081,Dumbbell Set,Sports & Fitness,West,Online,1,2199.0,2199.0
103386,2024-11-23,CUST01688,Yoga Mat,Sports & Fitness,South,Online,2,479.2,958.4
106438,2025-09-27,CUST01407,Dumbbell Set,Sports & Fitness,East,Online,1,2199.0,2199.0
102413,2024-09-15,CUST00755,Blender,Home & Kitchen,West,Marketplace,2,1599.0,3198.0
106323,2025-09-15,CUST02198,Power Bank,Electronics,West,Online,1,899.0,899.0
102708,2024-10-09,CUST00776,Air Fryer,Home & Kitchen,Central,Online,1,3499.0,3499.0
105093,2025-05-07,CUST01546,Trimmer,Beauty & Personal Care,South,Marketplace,1,999.0,999.0
106159,2025-08-30,CUST02586,Yoga Mat,Sports & Fitness,South,Online,1,599.0,599.0
101111,2024-04-27,CUST01287,Hair Dryer,Beauty & Personal Care,Central,Marketplace,2,1199.0,2398.0
103443,2024-11-27,CUST02318,Resistance Bands,Sports & Fitness,West,Online,1,359.1,359.1
102214,2024-08-27,CUST00987,Storage Containers,Home & Kitchen,Central,Online,2,499.0,998.0
107300,2025-11-24,CUST01406,Blender,Home & Kitchen,Central,Online,1,1439.1,1439.1
101360,2024-05-25,CUST01788,Smartwatch,Electronics,East,Retail Store,1,2399.2,2399.2
102108,2024-08-17,CUST00662,Running Shoes,Fashion,West,Online,1,2499.0,2499.0
104806,2025-04-08,CUST01842,Wireless Earbuds,Electronics,,Online,1,1499.0,1499.0
105975,2025-08-11,CUST00217,Trimmer,Beauty & Personal Care,South,Online,1,999.0,999.0
106821,2025-10-24,CUST02308,Sunglasses,Fashion,North,Retail Store,1,799.0,799.0
101379,2024-05-27,CUST01965,Sunglasses,Fashion,Central,Online,1,799.0,799.0
102829,2024-10-17,CUST00223,Smartwatch,Electronics,South,Online,1,2999.0,2999.0
100425,2024-02-16,CUST00502,Blender,Home & Kitchen,South,Marketplace,1,1599.0,1599.0
100293,2024-01-31,CUST01763,Air Fryer,Home & Kitchen,East,Online,1,2799.2,2799.2
101066,2024-04-22,CUST02575,Laptop Stand,Electronics,West,Online,1,799.0,799.0
107018,2025-11-06,CUST01249,Sunscreen SPF50,Beauty & Personal Care,Central,Online,1,449.0,449.0
102378,2024-09-12,CUST01999,Trimmer,Beauty & Personal Care,South,Retail Store,1,999.0,999.0
105735,2025-07-18,CUST01227,Trimmer,Beauty & Personal Care,South,Online,2,999.0,1998.0
106574,2025-10-06,CUST00549,Non-stick Pan Set,Home & Kitchen,North,Online,2,1299.0,2598.0
105109,2025-05-10,CUST01341,Laptop Stand,Electronics,West,Online,1,719.1,719.1
102128,2024-08-18,CUST02106,Trimmer,Beauty & Personal Care,East,Retail Store,1,999.0,999.0
101718,2024-07-07,CUST00850,Trimmer,Beauty & Personal Care,Central,Marketplace,1,999.0,999.0
107197,2025-11-17,CUST01805,Hair Dryer,Beauty & Personal Care,North,Marketplace,1,1199.0,1199.0
100938,2024-04-07,CUST01679,Power Bank,Electronics,Central,Marketplace,2,899.0,1798.0
103780,2024-12-23,CUST02163,Cotton T-Shirt,Fashion,South,Marketplace,1,509.15,509.15
103965,2025-01-11,CUST01071,Electric Kettle,Home & Kitchen,South,Online,1,899.0,899.0
103991,2025-01-13,CUST01287,Water Bottle,Sports & Fitness,East,Online,1,349.0,349.0
104931,2025-04-21,CUST01872,Sunglasses,Fashion,East,Retail Store,2,799.0,1598.0
106894,2025-10-28,CUST02191,Cotton T-Shirt,Fashion,Central,Marketplace,1,509.15,509.15
107035,2025-11-07,CUST00390,Yoga Mat,Sports & Fitness,West,Retail Store,1,599.0,599.0
100255,2024-01-27,CUST00489,Trimmer,Beauty & Personal Care,North,Online,1,999.0,999.0
107519,2025-12-09,CUST00033,Smartwatch,Electronics,North,Online,1,2999.0,2999.0
101483,2024-06-08,CUST00030,USB-C Cable,Electronics,North,Retail Store,1,249.0,249.0
100945,2024-04-08,CUST00368,Cotton T-Shirt,Fashion,East,Online,1,599.0,599.0
105504,2025-06-23,CUST01115,Hair Dryer,Beauty & Personal Care,East,Retail Store,1,1199.0,1199.0
107253,2025-11-21,CUST00806,Resistance Bands,Sports & Fitness,East,Retail Store,1,399.0,399.0
107688,2025-12-24,CUST00790,Yoga Mat,Sports & Fitness,South,Marketplace,2,509.15,1018.3
106281,2025-09-11,CUST01659,Air Fryer,Home & Kitchen,North,Marketplace,1,3149.1,3149.1
103184,2024-11-10,CUST01747,Water Bottle,Sports & Fitness,West,Online,2,349.0,698.0
103267,2024-11-16,CUST02322,Sunscreen SPF50,Beauty & Personal Care,North,Online,1,404.1,404.1
106997,2025-11-04,CUST02215,Cotton T-Shirt,Fashion,Central,Marketplace,3,599.0,1797.0
107347,2025-11-28,CUST00049,Face Serum,Beauty & Personal Care,South,Retail Store,1,699.0,699.0
104820,2025-04-10,CUST00774,Water Bottle,Sports & Fitness,East,Online,1,349.0,349.0
102908,2024-10-23,CUST01120,Wireless Earbuds,Electronics,East,Retail Store,1,1499.0,1499.0
100970,2024-04-11,CUST01668,Running Shoes,Fashion,East,Online,1,2499.0,2499.0
100497,2024-02-22,CUST00330,Face Serum,Beauty & Personal Care,,Marketplace,1,699.0,699.0
105047,2025-05-03,CUST01347,Bluetooth Speaker,Electronics,West,Online,2,1899.0,3798.0
104902,2025-04-19,CUST00905,Running Shoes,Fashion,Central,Retail Store,2,2499.0,4998.0
101830,2024-07-18,CUST00765,Bluetooth Speaker,Electronics,South,Online,2,1709.1,3418.2
102178,2024-08-23,CUST02023,Sunglasses,Fashion,South,Retail Store,1,799.0,799.0
105836,2025-07-28,CUST01313,Trimmer,Beauty & Personal Care,East,Marketplace,1,799.2,799.2
100338,2024-02-05,CUST01598,Resistance Bands,Sports & Fitness,South,Retail Store,1,399.0,399.0
104827,2025-04-10,CUST02463,USB-C Cable,Electronics,Central,Online,1,211.65,211.65
104705,2025-03-29,CUST00445,Wireless Earbuds,Electronics,North,Online,1,1499.0,1499.0
101149,2024-04-30,CUST02383,Resistance Bands,Sports & Fitness,South,Retail Store,3,399.0,1197.0
102244,2024-08-31,CUST00788,Denim Jacket,Fashion,South,Online,3,1999.0,5997.0
105810,2025-07-25,CUST00436,Sunglasses,Fashion,North,Retail Store,1,799.0,799.0
107779,2025-12-30,CUST00493,Trimmer,Beauty & Personal Care,South,Online,3,849.15,2547.45
105006,2025-04-27,CUST00607,Sunscreen SPF50,Beauty & Personal Care,North,Online,1,449.0,449.0
106729,2025-10-18,CUST01201,Smartwatch,Electronics,,Retail Store,1,2999.0,2999.0
103969,2025-01-11,CUST00817,Trimmer,Beauty & Personal Care,East,Online,1,999.0,999.0
102152,2024-08-21,CUST01733,Running Shoes,Fashion,North,Retail Store,1,2499.0,2499.0
102011,2024-08-07,CUST00515,Hair Dryer,Beauty & Personal Care,West,Marketplace,1,959.2,959.2
102492,2024-09-22,CUST01172,Power Bank,Electronics,Central,Marketplace,1,764.15,764.15
107668,2025-12-23,CUST01519,Cotton T-Shirt,Fashion,North,Online,1,599.0,599.0
101811,2024-07-17,CUST01243,Power Bank,Electronics,North,Retail Store,3,809.1,2427.3
101995,2024-08-04,CUST02031,Sunglasses,Fashion,North,Online,1,799.0,799.0
104816,2025-04-09,CUST00592,USB-C Cable,Electronics,South,Online,1,249.0,249.0
102933,2024-10-24,CUST00295,Non-stick Pan Set,Home & Kitchen,North,Retail Store,2,1299.0,2598.0
102825,2024-10-16,CUST00814,Resistance Bands,Sports & Fitness,Central,Online,1,399.0,399.0
105666,2025-07-11,CUST02202,Trimmer,Beauty & Personal Care,North,Marketplace,1,999.0,999.0
102898,2024-10-22,CUST01886,Trimmer,Beauty & Personal Care,East,Marketplace,1,999.0,999.0
107039,2025-11-08,CUST01164,Water Bottle,Sports & Fitness,Central,Marketplace,1,349.0,349.0
102276,2024-09-03,CUST01598,Laptop Stand,Electronics,,Retail Store,2,799.0,1598.0
100435,2024-02-17,CUST01641,Air Fryer,Home & Kitchen,East,Retail Store,1,3499.0,3499.0
105396,2025-06-11,CUST00992,Sunglasses,Fashion,South,Online,1,799.0,799.0
106271,2025-09-10,CUST01214,Power Bank,Electronics,North,Online,2,899.0,1798.0
104502,2025-03-09,CUST00811,Bluetooth Speaker,Electronics,North,Retail Store,1,1899.0,1899.0
102824,2024-10-16,CUST01981,Storage Containers,Home & Kitchen,South,Online,2,499.0,998.0
104918,2025-04-20,CUST00921,Trimmer,Beauty & Personal Care,North,Retail Store,2,999.0,1998.0
106856,2025-10-26,CUST01073,Yoga Mat,Sports & Fitness,West,Marketplace,1,509.15,509.15
105886,2025-08-02,CUST00985,Blender,Home & Kitchen,East,Marketplace,1,1599.0,1599.0
103756,2024-12-22,CUST01404,USB-C Cable,Electronics,South,Retail Store,2,249.0,498.0
102505,2024-09-23,CUST02149,Resistance Bands,Sports & Fitness,North,Online,1,399.0,399.0
107205,2025-11-18,CUST00006,Yoga Mat,Sports & Fitness,South,Retail Store,1,479.2,479.2
103212,2024-11-12,CUST00379,Denim Jacket,Fashion,South,Marketplace,1,1999.0,1999.0
106448,2025-09-28,CUST00894,Smartwatch,Electronics,East,Retail Store,2,2549.15,5098.3
106412,2025-09-25,CUST02584,Yoga Mat,Sports & Fitness,West,Online,1,599.0,599.0
105955,2025-08-09,CUST01129,Face Serum,Beauty & Personal Care,Central,Online,1,699.0,699.0
105654,2025-07-10,CUST00774,Electric Kettle,Home & Kitchen,North,Online,1,899.0,899.0
104642,2025-03-23,CUST00816,Sunglasses,Fashion,East,Online,1,799.0,799.0
104309,2025-02-16,CUST01358,Denim Jacket,Fashion,East,Marketplace,1,1999.0,1999.0
104993,2025-04-26,CUST01775,Dumbbell Set,Sports & Fitness,West,Marketplace,3,2199.0,6597.0
103541,2024-12-04,CUST00055,Yoga Mat,SPORTS & FITNESS,South,Retail Store,1,599.0,599.0
103271,2024-11-16,CUST02263,Yoga Mat,Sports & Fitness,East,Retail Store,2,599.0,1198.0
101942,2024-07-30,CUST01082,Resistance Bands,Sports & Fitness,East,Online,1,399.0,399.0
101892,2024-07-24,CUST01739,Water Bottle,Sports & Fitness,Central,Retail Store,1,349.0,349.0
105013,2025-04-28,CUST02345,Non-stick Pan Set,Home & Kitchen,South,Retail Store,1,1299.0,1299.0
103600,2024-12-10,CUST02300,Sunglasses,Fashion,West,Retail Store,1,799.0,799.0
106820,2025-10-24,CUST02364,Water Bottle,Sports & Fitness,South,Online,1,349.0,349.0
105386,2025-06-10,CUST01515,Cotton T-Shirt,Fashion,Central,Online,1,599.0,599.0
104911,2025-04-19,CUST01628,Sunscreen SPF50,Beauty & Personal Care,South,Online,1,449.0,449.0
101266,2024-05-14,CUST00479,Storage Containers,Home & Kitchen,North,Online,1,424.15,424.15
104439,2025-03-02,CUST01377,Electric Kettle,Home & Kitchen,South,Online,2,899.0,1798.0
102598,2024-10-02,CUST00182,Laptop Stand,Electronics,South,Online,1,799.0,799.0
101411,2024-05-30,CUST00360,Power Bank,Electronics,West,Marketplace,1,899.0,899.0
101215,2024-05-07,CUST00759,Cotton T-Shirt,Fashion,Central,Online,1,599.0,599.0
100967,2024-04-11,CUST01555,Cotton T-Shirt,Fashion,South,Retail Store,1,599.0,599.0
101231,2024-05-09,CUST01893,Electric Kettle,Home & Kitchen,East,Retail Store,1,719.2,719.2
106440,2025-09-27,CUST00872,Hair Dryer,Beauty & Personal Care,North,Online,1,1079.1,1079.1
104792,2025-04-06,CUST02425,Electric Kettle,Home & Kitchen,South,Online,1,809.1,809.1
106218,2025-09-05,CUST01773,Sunscreen SPF50,Beauty & Personal Care,Central,Online,1,449.0,449.0
100606,2024-03-04,CUST02525,Laptop Stand,Electronics,Central,Retail Store,1,799.0,799.0
100105,2024-01-13,CUST02021,Denim Jacket,Fashion,South,Marketplace,1,1599.2,1599.2
100646,2024-03-08,CUST00850,Cotton T-Shirt,Fashion,North,Online,1,539.1,539.1
105501,2025-06-23,CUST00568,Denim Jacket,Fashion,South,Marketplace,2,1999.0,3998.0
104591,2025-03-17,CUST00418,Bluetooth Speaker,Electronics,South,Online,2,1709.1,3418.2
103089,2024-11-03,CUST02500,Laptop Stand,Electronics,Central,Online,1,799.0,799.0
106584,2025-10-07,CUST00082,Wireless Earbuds,Electronics,North,Online,1,1499.0,1499.0
101020,2024-04-16,CUST02166,USB-C Cable,Electronics,North,Online,1,249.0,249.0
100092,2024-01-11,CUST00369,Sunglasses,Fashion,South,Online,1,719.1,719.1
105209,2025-05-21,CUST01208,Blender,Home & Kitchen,West,Marketplace,1,1599.0,1599.0
102871,2024-10-20,CUST00618,Hair Dryer,Beauty & Personal Care,North,Online,1,1199.0,1199.0
100909,2024-04-05,CUST01501,Resistance Bands,Sports & Fitness,West,Online,1,319.2,319.2
105571,2025-07-02,CUST02084,Bluetooth Speaker,Electronics,East,Marketplace,1,1899.0,1899.0
105838,2025-07-28,CUST00110,Denim Jacket,Fashion,West,Retail Store,1,1999.0,1999.0
102151,2024-08-21,CUST00871,Hair Dryer,Beauty & Personal Care,West,Marketplace,1,1199.0,1199.0
100239,2024-01-26,CUST00118,Blender,Home & Kitchen,Central,Marketplace,1,1599.0,1599.0
103141,2024-11-08,CUST00819,Electric Kettle,Home & Kitchen,North,Retail Store,3,899.0,2697.0
100943,2024-04-08,CUST01679,Wireless Earbuds,Electronics,North,Online,1,1499.0,1499.0
101271,2024-05-14,CUST00583,Cotton T-Shirt,Fashion,South,Online,1,599.0,599.0
100939,2024-04-07,CUST00929,Wireless Earbuds,Electronics,South,Retail Store,1,1499.0,1499.0
105521,2025-06-26,CUST01584,Water Bottle,Sports & Fitness,North,Retail Store,1,349.0,349.0
103230,2024-11-13,CUST01945,Water Bottle,Sports & Fitness,South,Marketplace,1,349.0,349.0
103552,2024-12-05,CUST02224,Water Bottle,Sports & Fitness,South,Marketplace,1,314.1,314.1
101863,2024-07-21,CUST02498,Sunglasses,Fashion,West,Online,1,799.0,799.0
101670,2024-07-01,CUST01225,Blender,Home & Kitchen,West,Marketplace,1,1599.0,1599.0
100006,2024-01-01,CUST01741,Running Shoes,Fashion,South,Marketplace,1,2499.0,2499.0
104344,2025-02-20,CUST00653,Cotton T-Shirt,Fashion,East,Online,2,599.0,1198.0
103944,2025-01-08,CUST01073,Running Shoes,Fashion,West,Online,1,2499.0,2499.0
103014,2024-10-29,CUST01626,Cotton T-Shirt,Fashion,North,Retail Store,1,599.0,599.0
100019,2024-01-02,CUST00526,Face Serum,Beauty & Personal Care,South,Retail Store,1,594.15,594.15
106266,2025-09-09,CUST00030,Storage Containers,Home & Kitchen,East,Online,2,499.0,998.0
101971,2024-08-03,CUST01444,Running Shoes,Fashion,South,Retail Store,1,2499.0,2499.0
102710,2024-10-09,CUST02492,Sunglasses,Fashion,North,Retail Store,1,799.0,799.0
102233,2024-08-29,CUST02231,Storage Containers,Home & Kitchen,South,Marketplace,1,499.0,499.0
106419,2025-09-25,CUST00586,Denim Jacket,Fashion,Central,Marketplace,1,1999.0,1999.0
106578,2025-10-06,CUST01790,Sunglasses,Fashion,North,Online,1,679.15,679.15
100812,2024-03-25,CUST00890,Trimmer,Beauty & Personal Care,South,Online,1,999.0,999.0
101301,2024-05-18,CUST02551,Resistance Bands,Sports & Fitness,Central,Online,1,399.0,399.0
105432,2025-06-16,CUST01840,USB-C Cable,Electronics,East,Retail Store,1,249.0,249.0
107669,2025-12-23,CUST02447,USB-C Cable,Electronics,East,Online,3,249.0,747.0
100261,2024-01-28,CUST01315,Electric Kettle,Home & Kitchen,West,Online,1,899.0,899.0
101805,2024-07-16,CUST02287,USB-C Cable,Electronics,North,Retail Store,1,249.0,249.0
101571,2024-06-18,CUST02592,Dumbbell Set,Sports & Fitness,West,Retail Store,1,2199.0,2199.0
106326,2025-09-15,CUST01604,Sunscreen SPF50,Beauty & Personal Care,North,Retail Store,1,449.0,449.0
104281,2025-02-13,CUST00161,Trimmer,Beauty & Personal Care,South,Retail Store,1,799.2,799.2
102455,2024-09-18,CUST01601,Power Bank,Electronics,Central,Online,1,899.0,899.0
101744,2024-07-11,CUST01570,Yoga Mat,Sports & Fitness,South,Online,1,599.0,599.0
107010,2025-11-05,CUST00350,Wireless Earbuds,Electronics,North,Retail Store,1,1499.0,1499.0
101631,2024-06-27,CUST01283,Resistance Bands,SPORTS & FITNESS,South,Online,1,399.0,399.0
101717,2024-07-07,CUST02004,Trimmer,Beauty & Personal Care,Central,Marketplace,1,999.0,999.0
100521,2024-02-25,CUST00368,Blender,Home & Kitchen,South,Marketplace,1,1599.0,1599.0
103938,2025-01-08,CUST02091,Storage Containers,Home & Kitchen,North,Online,1,399.2,399.2
107148,2025-11-14,CUST02596,Running Shoes,Fashion,North,Retail Store,1,2124.15,2124.15
106525,2025-10-03,CUST01986,Electric Kettle,Home & Kitchen,East,Retail Store,1,899.0,899.0
106113,2025-08-24,CUST00407,Trimmer,Beauty & Personal Care,East,Retail Store,2,999.0,1998.0
103483,2024-11-30,CUST02231,Wireless Earbuds,Electronics,South,Marketplace,1,1499.0,1499.0
101659,2024-06-30,CUST02022,Storage Containers,Home & Kitchen,North,Online,1,499.0,499.0
103473,2024-11-29,CUST00019,Storage Containers,HOME & KITCHEN,East,Online,1,499.0,499.0
105709,2025-07-15,CUST01698,Dumbbell Set,Sports & Fitness,West,Marketplace,2,2199.0,4398.0
102476,2024-09-20,CUST02322,Dumbbell Set,Sports & Fitness,East,Retail Store,1,2199.0,2199.0
103949,2025-01-09,CUST00302,Backpack,Fashion,South,Retail Store,1,1399.0,1399.0
106223,2025-09-06,CUST01335,Blender,Home & Kitchen,North,Retail Store,1,1599.0,1599.0
103935,2025-01-06,CUST01887,Laptop Stand,Electronics,West,Marketplace,1,679.15,679.15
103646,2024-12-14,CUST01295,Electric Kettle,Home & Kitchen,Central,Marketplace,1,899.0,899.0
107154,2025-11-15,CUST01663,Wireless Earbuds,Electronics,South,Online,1,1499.0,1499.0
100764,2024-03-20,CUST00801,Water Bottle,Sports & Fitness,Central,Marketplace,1,349.0,349.0
104704,2025-03-29,CUST01781,Laptop Stand,Electronics,East,Online,1,719.1,719.1
104327,2025-02-18,CUST02461,Backpack,Fashion,South,Retail Store,1,1399.0,1399.0
107237,2025-11-20,CUST01644,Dumbbell Set,Sports & Fitness,West,Online,1,2199.0,2199.0
104428,2025-03-01,CUST01757,Wireless Earbuds,Electronics,East,Online,1,1274.15,1274.15
107202,2025-11-18,CUST02111,Sunglasses,Fashion,East,Online,1,799.0,799.0
105537,2025-06-28,CUST02230,Power Bank,Electronics,East,Marketplace,1,719.2,719.2
106024,2025-08-15,CUST00813,Blender,Home & Kitchen,Central,Retail Store,1,1599.0,1599.0
101092,2024-04-25,CUST02489,Smartwatch,Electronics,East,Online,1,2999.0,2999.0
103609,2024-12-11,CUST00621,Denim Jacket,Fashion,West,Retail Store,1,1699.15,1699.15
101102,2024-04-26,CUST00347,USB-C Cable,Electronics,East,Retail Store,1,249.0,249.0
105226,2025-05-23,CUST00084,Resistance Bands,Sports & Fitness,East,Online,1,399.0,399.0
107380,2025-11-30,CUST01787,Non-stick Pan Set,Home & Kitchen,East,Marketplace,1,1299.0,1299.0
104558,2025-03-15,CUST02148,Sunscreen SPF50,Beauty & Personal Care,South,Marketplace,1,449.0,449.0
100959,2024-04-10,CUST00866,Running Shoes,Fashion,East,Online,2,2499.0,4998.0
105759,2025-07-20,CUST02009,Face Serum,Beauty & Personal Care,West,Online,1,699.0,699.0
100560,2024-02-29,CUST00264,Bluetooth Speaker,Electronics,South,Retail Store,1,1899.0,1899.0
106991,2025-11-04,CUST01399,Laptop Stand,Electronics,North,Online,1,719.1,719.1
106835,2025-10-24,CUST01178,Face Serum,Beauty & Personal Care,South,Online,2,629.1,1258.2
107555,2025-12-12,CUST02409,Bluetooth Speaker,Electronics,West,Online,1,1899.0,1899.0
101520,2024-06-12,CUST01055,Hair Dryer,Beauty & Personal Care,South,Online,1,1199.0,1199.0
106237,2025-09-07,CUST01301,Power Bank,Electronics,North,Marketplace,1,899.0,899.0
107667,2025-12-23,CUST02379,Hair Dryer,Beauty & Personal Care,East,Online,1,1199.0,1199.0
106129,2025-08-26,CUST00675,Smartwatch,Electronics,East,Online,1,2399.2,2399.2
102485,2024-09-21,CUST01100,Wireless Earbuds,Electronics,West,Retail Store,1,1499.0,1499.0
106635,2025-10-11,CUST00579,Cotton T-Shirt,Fashion,North,Online,1,599.0,599.0
100367,2024-02-09,CUST02414,Electric Kettle,Home & Kitchen,East,Online,1,809.1,809.1
103902,2025-01-03,CUST00355,Smartwatch,Electronics,South,Online,2,2999.0,5998.0
106194,2025-09-03,CUST02389,Non-stick Pan Set,Home & Kitchen,South,Online,1,1299.0,1299.0
101949,2024-07-31,CUST00666,Yoga Mat,Sports & Fitness,West,Online,2,479.2,958.4
104166,2025-01-31,CUST00830,Water Bottle,Sports & Fitness,South,Retail Store,1,349.0,349.0
101573,2024-06-18,CUST00938,Electric Kettle,Home & Kitchen,West,Retail Store,3,899.0,2697.0
100809,2024-03-25,CUST01178,Air Fryer,Home & Kitchen,West,Retail Store,1,3499.0,3499.0
103233,2024-11-13,CUST01985,Blender,Home & Kitchen,West,Online,1,1599.0,1599.0
103947,2025-01-09,CUST02403,Electric Kettle,Home & Kitchen,West,Online,2,899.0,1798.0
100012,2024-01-01,CUST01136,Electric Kettle,Home & Kitchen,North,Online,2,899.0,1798.0
102026,2024-08-08,CUST00996,Dumbbell Set,Sports & Fitness,Central,Online,1,2199.0,2199.0
106289,2025-09-12,CUST00194,Bluetooth Speaker,Electronics,South,Online,1,1899.0,1899.0
105014,2025-04-28,CUST01519,Sunscreen SPF50,Beauty & Personal Care,North,Marketplace,1,449.0,449.0
105548,2025-06-29,CUST00034,Hair Dryer,Beauty & Personal Care,North,Online,2,1199.0,2398.0
106784,2025-10-21,CUST02149,Backpack,Fashion,South,Online,2,1399.0,2798.0
100177,2024-01-20,CUST00787,USB-C Cable,Electronics,Central,Online,1,249.0,249.0
105091,2025-05-07,CUST02509,Bluetooth Speaker,Electronics,South,Online,1,1709.1,1709.1
102489,2024-09-22,CUST01261,Power Bank,Electronics,South,Retail Store,1,899.0,899.0
103887,2025-01-02,CUST00354,Laptop Stand,Electronics,West,Online,1,639.2,639.2
102570,2024-09-30,CUST01514,Smartwatch,Electronics,Central,Online,1,2999.0,2999.0
107213,2025-11-18,CUST01007,Electric Kettle,Home & Kitchen,Central,Online,1,764.15,764.15
103521,2024-12-02,CUST02256,Hair Dryer,Beauty & Personal Care,West,Online,3,959.2,2877.6
103761,2024-12-22,CUST00171,Face Serum,Beauty & Personal Care,West,Online,1,699.0,699.0
107149,2025-11-14,CUST02065,Dumbbell Set,Sports & Fitness,East,Online,1,2199.0,2199.0
105352,2025-06-07,CUST01066,Storage Containers,Home & Kitchen,South,Retail Store,1,449.1,449.1
103283,2024-11-17,CUST00287,Bluetooth Speaker,Electronics,Central,Marketplace,2,1899.0,3798.0
101665,2024-06-30,CUST00584,Air Fryer,Home & Kitchen,West,Retail Store,1,3499.0,3499.0
102192,2024-08-25,CUST01596,Power Bank,Electronics,Central,Online,1,899.0,899.0
106898,2025-10-28,CUST00506,Non-stick Pan Set,Home & Kitchen,South,Online,1,1299.0,1299.0
106664,2025-10-13,CUST02421,Power Bank,Electronics,West,Retail Store,2,719.2,1438.4
103345,2024-11-20,CUST00737,Wireless Earbuds,Electronics,South,Retail Store,1,1499.0,1499.0
103371,2024-11-22,CUST01769,Air Fryer,Home & Kitchen,Central,Retail Store,1,3499.0,3499.0
106967,2025-11-02,CUST00343,Cotton T-Shirt,Fashion,South,Marketplace,1,599.0,599.0
105887,2025-08-02,CUST02185,Yoga Mat,Sports & Fitness,North,Retail Store,1,509.15,509.15
106573,2025-10-06,CUST02501,Sunscreen SPF50,Beauty & Personal Care,East,Online,1,449.0,449.0
102661,2024-10-06,CUST00699,Cotton T-Shirt,Fashion,East,Retail Store,1,539.1,539.1
107177,2025-11-16,CUST01079,Power Bank,Electronics,South,Online,3,899.0,2697.0
104253,2025-02-09,CUST02033,Denim Jacket,Fashion,South,Marketplace,1,1999.0,1999.0
106684,2025-10-15,CUST01360,Denim Jacket,Fashion,North,Retail Store,1,1999.0,1999.0
103579,2024-12-07,CUST02425,Blender,Home & Kitchen,West,Online,1,1439.1,1439.1
105557,2025-06-30,CUST00569,Non-stick Pan Set,Home & Kitchen,North,Online,1,1299.0,1299.0
102047,2024-08-10,CUST00720,Water Bottle,Sports & Fitness,South,Online,1,349.0,349.0
107435,2025-12-03,CUST01820,Wireless Earbuds,Electronics,Central,Retail Store,2,1499.0,2998.0
105947,2025-08-08,CUST00804,Dumbbell Set,Sports & Fitness,West,Online,1,2199.0,2199.0
106606,2025-10-09,CUST00270,USB-C Cable,Electronics,West,Retail Store,1,211.65,211.65
102625,2024-10-04,CUST00691,Water Bottle,Sports & Fitness,West,Retail Store,1,349.0,349.0
103411,2024-11-24,CUST00809,Bluetooth Speaker,Electronics,South,Online,1,1899.0,1899.0
106400,2025-09-24,CUST01501,Power Bank,Electronics,West,Marketplace,2,899.0,1798.0
107124,2025-11-13,CUST01283,Hair Dryer,Beauty & Personal Care,West,Retail Store,1,1199.0,1199.0
106102,2025-08-23,CUST01821,Power Bank,ELECTRONICS,West,Online,2,719.2,1438.4
101186,2024-05-04,CUST01465,Face Serum,Beauty & Personal Care,West,Retail Store,1,699.0,699.0
101007,2024-04-14,CUST02198,Non-stick Pan Set,Home & Kitchen,West,Online,1,1299.0,1299.0
103570,2024-12-07,CUST01959,Bluetooth Speaker,Electronics,South,Marketplace,1,1709.1,1709.1
103738,2024-12-21,CUST01393,Wireless Earbuds,Electronics,West,Retail Store,1,1199.2,1199.2
104657,2025-03-24,CUST01166,Smartwatch,Electronics,North,Online,1,2999.0,2999.0
106353,2025-09-19,CUST00945,Laptop Stand,ELECTRONICS,West,Marketplace,2,719.1,1438.2
105007,2025-04-27,CUST01211,Sunscreen SPF50,Beauty & Personal Care,South,Online,1,449.0,449.0
105408,2025-06-14,CUST02243,Dumbbell Set,Sports & Fitness,Central,Marketplace,1,2199.0,2199.0
102050,2024-08-10,CUST02256,Sunscreen SPF50,Beauty & Personal Care,East,Online,1,449.0,449.0
104012,2025-01-15,CUST01629,Laptop Stand,Electronics,South,Retail Store,1,799.0,799.0
107510,2025-12-08,CUST00917,Smartwatch,Electronics,South,Marketplace,2,2399.2,4798.4
100270,2024-01-29,CUST02596,Backpack,Fashion,East,Marketplace,2,1259.1,2518.2
101994,2024-08-04,CUST01903,Water Bottle,Sports & Fitness,East,Marketplace,2,349.0,698.0
100266,2024-01-28,CUST00802,Laptop Stand,Electronics,North,Retail Store,1,799.0,799.0
100915,2024-04-06,CUST00479,Water Bottle,Sports & Fitness,South,Online,1,349.0,349.0
102279,2024-09-03,CUST02522,Blender,Home & Kitchen,South,Online,1,1599.0,1599.0
102232,2024-08-29,CUST00436,Trimmer,Beauty & Personal Care,South,Retail Store,1,999.0,999.0
107264,2025-11-22,CUST01089,Yoga Mat,Sports & Fitness,West,Marketplace,1,479.2,479.2
100291,2024-01-31,CUST00307,Storage Containers,Home & Kitchen,South,Online,1,499.0,499.0
102913,2024-10-23,CUST00416,Cotton T-Shirt,Fashion,Central,Retail Store,1,479.2,479.2
107211,2025-11-18,CUST02148,Water Bottle,Sports & Fitness,Central,Marketplace,1,349.0,349.0
104970,2025-04-25,CUST02431,Non-stick Pan Set,Home & Kitchen,South,Online,1,1299.0,1299.0
102094,2024-08-16,CUST01167,Backpack,Fashion,East,Online,1,1259.1,1259.1
106543,2025-10-04,CUST00254,Sunscreen SPF50,Beauty & Personal Care,North,Retail Store,1,449.0,449.0
104572,2025-03-16,CUST01648,Hair Dryer,Beauty & Personal Care,West,Marketplace,1,1019.15,1019.15
101653,2024-06-29,CUST02582,Sunscreen SPF50,Beauty & Personal Care,North,Online,1,449.0,449.0
106057,2025-08-19,CUST01436,Running Shoes,Fashion,East,Online,1,2499.0,2499.0
104142,2025-01-28,CUST00030,Power Bank,Electronics,West,Online,1,899.0,899.0
104258,2025-02-10,CUST00910,Denim Jacket,Fashion,South,Online,1,1999.0,1999.0
103040,2024-10-31,CUST01933,Sunscreen SPF50,Beauty & Personal Care,East,Retail Store,1,449.0,449.0
106872,2025-10-26,CUST02584,Wireless Earbuds,Electronics,,Marketplace,2,1499.0,2998.0
102678,2024-10-07,CUST01776,Sunscreen SPF50,Beauty & Personal Care,North,Retail Store,1,449.0,449.0
100289,2024-01-31,CUST02030,Bluetooth Speaker,Electronics,Central,Retail Store,1,1614.15,1614.15
103108,2024-11-05,CUST00605,Laptop Stand,Electronics,South,Online,1,799.0,799.0
107758,2025-12-28,CUST00200,Sunscreen SPF50,Beauty & Personal Care,South,Marketplace,1,449.0,449.0
106045,2025-08-18,CUST01544,Air Fryer,Home & Kitchen,Central,Retail Store,1,3499.0,3499.0
100576,2024-03-02,CUST00101,Dumbbell Set,Sports & Fitness,South,Online,1,2199.0,2199.0
100851,2024-03-30,CUST02047,Sunglasses,Fashion,South,Retail Store,1,799.0,799.0
107484,2025-12-06,CUST01989,Running Shoes,Fashion,West,Retail Store,1,2124.15,2124.15
103884,2025-01-01,CUST02477,Smartwatch,Electronics,East,Marketplace,1,2999.0,2999.0
105008,2025-04-27,CUST00912,Water Bottle,Sports & Fitness,North,Online,1,296.65,296.65
105351,2025-06-07,CUST00350,Storage Containers,Home & Kitchen,South,Retail Store,2,499.0,998.0
105930,2025-08-07,CUST02500,Electric Kettle,Home & Kitchen,West,Online,1,899.0,899.0
101723,2024-07-08,CUST01771,Storage Containers,Home & Kitchen,South,Online,1,449.1,449.1
106230,2025-09-06,CUST01796,Yoga Mat,Sports & Fitness,North,Online,1,599.0,599.0
105832,2025-07-28,CUST02149,Resistance Bands,Sports & Fitness,South,Marketplace,1,319.2,319.2
105029,2025-04-30,CUST00854,Power Bank,Electronics,South,Retail Store,1,809.1,809.1
103950,2025-01-09,CUST02114,Backpack,Fashion,South,Online,1,1119.2,1119.2
101101,2024-04-26,CUST02538,Resistance Bands,Sports & Fitness,North,Online,1,399.0,399.0
101208,2024-05-07,CUST00633,Hair Dryer,Beauty & Personal Care,Central,Online,1,1199.0,1199.0
106392,2025-09-22,CUST01372,Air Fryer,Home & Kitchen,South,Online,1,3149.1,3149.1
101844,2024-07-19,CUST00143,Blender,Home & Kitchen,West,Online,1,1599.0,1599.0
101849,2024-07-20,CUST02588,Backpack,Fashion,East,Online,1,1399.0,1399.0
102525,2024-09-25,CUST01296,Smartwatch,Electronics,East,Retail Store,1,2549.15,2549.15
103948,2025-01-09,CUST01483,Air Fryer,Home & Kitchen,South,Retail Store,1,3499.0,3499.0
101695,2024-07-05,CUST02117,Denim Jacket,Fashion,South,Online,1,1999.0,1999.0
104182,2025-02-02,CUST01206,Cotton T-Shirt,Fashion,North,Retail Store,1,599.0,599.0
104566,2025-03-15,CUST02203,Storage Containers,Home & Kitchen,East,Retail Store,1,499.0,499.0
106370,2025-09-20,CUST00344,Sunscreen SPF50,Beauty & Personal Care,,Online,2,449.0,898.0
103961,2025-01-10,CUST02427,Cotton T-Shirt,Fashion,East,Retail Store,1,599.0,599.0
106919,2025-10-29,CUST02505,Power Bank,Electronics,North,Marketplace,2,899.0,1798.0
106476,2025-09-30,CUST00005,Hair Dryer,Beauty & Personal Care,Central,Online,2,1019.15,2038.3
100234,2024-01-25,CUST01794,Storage Containers,Home & Kitchen,North,Retail Store,1,499.0,499.0
106733,2025-10-18,CUST01519,Hair Dryer,BEAUTY & PERSONAL CARE,West,Online,1,1199.0,1199.0
106620,2025-10-09,CUST02396,Non-stick Pan Set,Home & Kitchen,South,Retail Store,1,1039.2,1039.2
103333,2024-11-19,CUST01236,Water Bottle,Sports & Fitness,North,Online,1,349.0,349.0
105782,2025-07-22,CUST02179,Hair Dryer,Beauty & Personal Care,Central,Retail Store,1,1199.0,1199.0
102648,2024-10-06,CUST00867,Non-stick Pan Set,Home & Kitchen,East,Marketplace,1,1299.0,1299.0
104042,2025-01-19,CUST00228,Yoga Mat,Sports & Fitness,South,Online,1,599.0,599.0
106566,2025-10-05,CUST02353,Blender,Home & Kitchen,East,Retail Store,1,1599.0,1599.0
101712,2024-07-07,CUST01448,Laptop Stand,Electronics,North,Retail Store,1,799.0,799.0
100183,2024-01-21,CUST00527,Hair Dryer,Beauty & Personal Care,East,Retail Store,2,1199.0,2398.0
105085,2025-05-07,CUST01810,Wireless Earbuds,Electronics,North,Online,1,1199.2,1199.2
105097,2025-05-08,CUST01223,Running Shoes,Fashion,East,Retail Store,1,2499.0,2499.0
105738,2025-07-18,CUST02108,Smartwatch,Electronics,Central,Online,1,2999.0,2999.0
105453,2025-06-17,CUST01913,Blender,Home & Kitchen,West,Online,1,1599.0,1599.0
101463,2024-06-05,CUST00643,USB-C Cable,Electronics,South,Online,2,249.0,498.0
100050,2024-01-07,CUST02025,Backpack,Fashion,North,Online,1,1189.15,1189.15
107676,2025-12-23,CUST02409,USB-C Cable,ELECTRONICS,West,Retail Store,1,249.0,249.0
107174,2025-11-16,CUST02428,Water Bottle,Sports & Fitness,North,Marketplace,1,349.0,349.0
106674,2025-10-14,CUST02166,Trimmer,Beauty & Personal Care,West,Online,1,849.15,849.15
105355,2025-06-07,CUST02035,Smartwatch,Electronics,West,Online,1,2999.0,2999.0
104583,2025-03-17,CUST00470,Bluetooth Speaker,Electronics,Central,Retail Store,1,1899.0,1899.0
107755,2025-12-28,CUST00691,Sunscreen SPF50,Beauty & Personal Care,South,Online,3,404.1,1212.3
106642,2025-10-12,CUST00939,Resistance Bands,Sports & Fitness,West,Marketplace,1,319.2,319.2
106005,2025-08-14,CUST00878,Storage Containers,Home & Kitchen,East,Online,2,449.1,898.2
100107,2024-01-13,CUST02404,Air Fryer,Home & Kitchen,West,Online,1,3499.0,3499.0
100444,2024-02-18,CUST01811,Air Fryer,Home & Kitchen,West,Online,2,3499.0,6998.0
101955,2024-08-01,CUST00607,Cotton T-Shirt,FASHION,West,Online,1,599.0,599.0
104743,2025-03-31,CUST00270,Water Bottle,Sports & Fitness,South,Online,1,349.0,349.0
107181,2025-11-16,CUST01884,Dumbbell Set,Sports & Fitness,South,Retail Store,1,2199.0,2199.0
105859,2025-07-31,CUST00436,Yoga Mat,SPORTS & FITNESS,South,Retail Store,1,479.2,479.2
100727,2024-03-16,CUST00037,Non-stick Pan Set,Home & Kitchen,South,Online,1,1104.15,1104.15
102239,2024-08-31,CUST00478,Yoga Mat,Sports & Fitness,West,Online,1,479.2,479.2
105953,2025-08-09,CUST00339,Laptop Stand,Electronics,East,Online,1,679.15,679.15
102331,2024-09-08,CUST01586,Resistance Bands,Sports & Fitness,East,Marketplace,1,359.1,359.1
104126,2025-01-26,CUST00063,Denim Jacket,Fashion,East,Online,1,1999.0,1999.0
100170,2024-01-20,CUST01619,Sunglasses,Fashion,West,Retail Store,1,679.15,679.15
101002,2024-04-14,CUST01350,Sunglasses,Fashion,Central,Retail Store,1,799.0,799.0
103253,2024-11-14,CUST01767,Sunscreen SPF50,Beauty & Personal Care,East,Online,1,449.0,449.0
102149,2024-08-21,CUST01877,Backpack,Fashion,West,Retail Store,1,1119.2,1119.2
100198,2024-01-22,CUST02163,Face Serum,Beauty & Personal Care,West,Online,1,699.0,699.0
104592,2025-03-17,CUST00826,Sunglasses,Fashion,South,Marketplace,1,799.0,799.0
106123,2025-08-26,CUST01848,Laptop Stand,Electronics,North,Online,1,799.0,799.0
103794,2024-12-25,CUST01886,Water Bottle,Sports & Fitness,,Online,1,349.0,349.0
100648,2024-03-08,CUST02499,Electric Kettle,Home & Kitchen,West,Marketplace,1,899.0,899.0
103036,2024-10-31,CUST01912,Sunscreen SPF50,Beauty & Personal Care,East,Retail Store,1,404.1,404.1
104141,2025-01-28,CUST00184,Non-stick Pan Set,Home & Kitchen,South,Retail Store,1,1299.0,1299.0
103734,2024-12-21,CUST02216,Smartwatch,Electronics,West,Online,1,2999.0,2999.0
102759,2024-10-12,CUST01676,Laptop Stand,Electronics,Central,Marketplace,2,639.2,1278.4
100374,2024-02-10,CUST01307,Electric Kettle,Home & Kitchen,North,Online,1,899.0,899.0
104775,2025-04-05,CUST00302,USB-C Cable,Electronics,South,Retail Store,1,249.0,249.0
100567,2024-03-01,CUST00124,Electric Kettle,Home & Kitchen,North,Online,1,899.0,899.0
103721,2024-12-20,CUST00602,Non-stick Pan Set,Home & Kitchen,South,Marketplace,1,1169.1,1169.1
102896,2024-10-22,CUST00271,Water Bottle,Sports & Fitness,East,Retail Store,1,349.0,349.0
104557,2025-03-15,CUST00113,Trimmer,Beauty & Personal Care,South,Online,1,999.0,999.0
106029,2025-08-16,CUST01738,Face Serum,Beauty & Personal Care,East,Marketplace,2,594.15,1188.3
103486,2024-11-30,CUST00253,Storage Containers,Home & Kitchen,North,Marketplace,1,499.0,499.0
101156,2024-05-01,CUST00153,Trimmer,Beauty & Personal Care,Central,Marketplace,1,999.0,999.0
104136,2025-01-27,CUST01512,Resistance Bands,Sports & Fitness,West,Online,1,399.0,399.0
106579,2025-10-06,CUST00245,Electric Kettle,Home & Kitchen,South,Retail Store,1,764.15,764.15
100974,2024-04-11,CUST02038,Sunglasses,Fashion,South,Retail Store,1,799.0,799.0
103288,2024-11-17,CUST01260,Non-stick Pan Set,Home & Kitchen,South,Online,1,1299.0,1299.0
107152,2025-11-14,CUST01867,Backpack,Fashion,West,Retail Store,1,1399.0,1399.0
103628,2024-12-12,CUST02413,Hair Dryer,Beauty & Personal Care,North,Online,1,1199.0,1199.0
103639,2024-12-13,CUST01773,Cotton T-Shirt,Fashion,North,Online,1,599.0,599.0
105883,2025-08-02,CUST01921,Sunscreen SPF50,Beauty & Personal Care,South,Retail Store,2,449.0,898.0
105595,2025-07-04,CUST01667,Cotton T-Shirt,Fashion,Central,Online,1,599.0,599.0
106601,2025-10-08,CUST00016,Smartwatch,Electronics,West,Online,1,2699.1,2699.1
101836,2024-07-19,CUST00762,Electric Kettle,Home & Kitchen,South,Marketplace,1,899.0,899.0
102309,2024-09-06,CUST02559,Power Bank,Electronics,South,Online,1,899.0,899.0
101841,2024-07-19,CUST00814,Power Bank,Electronics,West,Online,1,899.0,899.0
106180,2025-09-01,CUST01895,Wireless Earbuds,Electronics,North,Retail Store,2,1499.0,2998.0
104924,2025-04-20,CUST02447,USB-C Cable,Electronics,South,Online,1,249.0,249.0
106032,2025-08-16,CUST00473,Dumbbell Set,Sports & Fitness,South,Retail Store,2,1869.15,3738.3
102045,2024-08-10,CUST02484,Face Serum,Beauty & Personal Care,North,Marketplace,1,699.0,699.0
104406,2025-02-26,CUST02017,Resistance Bands,Sports & Fitness,West,Marketplace,1,399.0,399.0
104373,2025-02-23,CUST01910,Resistance Bands,Sports & Fitness,South,Online,1,399.0,399.0
104733,2025-03-30,CUST00275,Yoga Mat,Sports & Fitness,West,Online,2,539.1,1078.2
104751,2025-04-02,CUST01558,Running Shoes,Fashion,South,Retail Store,1,2499.0,2499.0
104719,2025-03-30,CUST00778,Running Shoes,Fashion,South,Retail Store,3,2499.0,7497.0
105956,2025-08-09,CUST01001,Sunscreen SPF50,Beauty & Personal Care,North,Online,3,449.0,1347.0
100845,2024-03-30,CUST00468,Dumbbell Set,Sports & Fitness,West,Retail Store,1,1869.15,1869.15
104490,2025-03-08,CUST01262,Power Bank,Electronics,South,Marketplace,1,899.0,899.0
102156,2024-08-21,CUST01228,Wireless Earbuds,Electronics,North,Retail Store,2,1499.0,2998.0
100350,2024-02-06,CUST01379,Yoga Mat,Sports & Fitness,East,Online,1,599.0,599.0
106669,2025-10-14,CUST02527,Power Bank,ELECTRONICS,West,Online,1,899.0,899.0
100785,2024-03-23,CUST02001,Yoga Mat,Sports & Fitness,West,Online,1,479.2,479.2
100048,2024-01-06,CUST01485,Sunglasses,Fashion,South,Online,1,799.0,799.0
106075,2025-08-21,CUST02282,Backpack,Fashion,South,Retail Store,1,1399.0,1399.0
106348,2025-09-17,CUST00433,Trimmer,Beauty & Personal Care,South,Marketplace,1,899.1,899.1
103652,2024-12-14,CUST02104,Air Fryer,Home & Kitchen,West,Online,1,3499.0,3499.0
105752,2025-07-19,CUST01922,Non-stick Pan Set,Home & Kitchen,West,Online,1,1104.15,1104.15
106166,2025-08-31,CUST00119,Face Serum,Beauty & Personal Care,South,Marketplace,1,699.0,699.0
104499,2025-03-09,CUST01313,Electric Kettle,Home & Kitchen,South,Online,1,899.0,899.0
104019,2025-01-16,CUST01164,Air Fryer,Home & Kitchen,Central,Online,3,3149.1,9447.3
105204,2025-05-20,CUST00878,Laptop Stand,Electronics,South,Marketplace,1,799.0,799.0
105251,2025-05-25,CUST01910,Electric Kettle,Home & Kitchen,South,Online,1,899.0,899.0
101440,2024-06-02,CUST00891,Power Bank,Electronics,East,Retail Store,1,719.2,719.2
103725,2024-12-20,CUST01068,Wireless Earbuds,ELECTRONICS,West,Retail Store,1,1499.0,1499.0
106098,2025-08-23,CUST01102,Laptop Stand,Electronics,North,Marketplace,2,799.0,1598.0
105086,2025-05-07,CUST01306,Yoga Mat,Sports & Fitness,North,Online,1,479.2,479.2
101866,2024-07-21,CUST00488,Resistance Bands,Sports & Fitness,Central,Retail Store,1,399.0,399.0
106886,2025-10-27,CUST02377,Running Shoes,Fashion,East,Online,1,2499.0,2499.0
105407,2025-06-13,CUST02277,Bluetooth Speaker,Electronics,Central,Retail Store,2,1709.1,3418.2
103196,2024-11-10,CUST00264,Yoga Mat,Sports & Fitness,South,Marketplace,1,539.1,539.1
100034,2024-01-04,CUST00343,Air Fryer,Home & Kitchen,East,Online,1,3499.0,3499.0
100788,2024-03-23,CUST02278,Bluetooth Speaker,Electronics,North,Online,2,1899.0,3798.0
107685,2025-12-24,CUST01547,Smartwatch,Electronics,Central,Online,1,2999.0,2999.0
107068,2025-11-09,CUST00302,Wireless Earbuds,Electronics,East,Online,1,1499.0,1499.0
105140,2025-05-12,CUST00437,Storage Containers,Home & Kitchen,South,Marketplace,1,399.2,399.2
104578,2025-03-16,CUST02482,Yoga Mat,Sports & Fitness,North,Online,2,599.0,1198.0
105340,2025-06-05,CUST02405,Wireless Earbuds,Electronics,East,Online,1,1499.0,1499.0
102628,2024-10-04,CUST01345,Water Bottle,Sports & Fitness,Central,Online,1,349.0,349.0
106626,2025-10-10,CUST01475,Power Bank,Electronics,North,Online,2,899.0,1798.0
100932,2024-04-07,CUST01070,Backpack,FASHION,South,Online,1,1399.0,1399.0
102405,2024-09-14,CUST00220,Smartwatch,Electronics,South,Online,1,2999.0,2999.0
101686,2024-07-03,CUST02282,Laptop Stand,Electronics,South,Online,1,719.1,719.1
101249,2024-05-12,CUST01462,Trimmer,Beauty & Personal Care,North,Online,1,849.15,849.15
104856,2025-04-13,CUST02372,Hair Dryer,Beauty & Personal Care,West,Online,1,1199.0,1199.0
100093,2024-01-11,CUST01128,Wireless Earbuds,Electronics,South,Online,1,1274.15,1274.15
105272,2025-05-28,CUST00235,Non-stick Pan Set,Home & Kitchen,North,Online,1,1299.0,1299.0
105512,2025-06-24,CUST00827,Air Fryer,Home & Kitchen,West,Marketplace,1,2799.2,2799.2
105438,2025-06-16,CUST01346,Denim Jacket,Fashion,East,Online,1,1999.0,1999.0
105569,2025-07-02,CUST00437,Running Shoes,Fashion,West,Retail Store,1,2499.0,2499.0
102852,2024-10-19,CUST01159,Denim Jacket,Fashion,West,Online,1,1999.0,1999.0
102794,2024-10-14,CUST00802,Backpack,Fashion,West,Retail Store,1,1119.2,1119.2
107691,2025-12-25,CUST01759,Cotton T-Shirt,Fashion,North,Retail Store,1,599.0,599.0
106424,2025-09-25,CUST00466,Hair Dryer,Beauty & Personal Care,East,Online,1,1199.0,1199.0
105704,2025-07-14,CUST00475,Running Shoes,Fashion,South,Retail Store,1,2499.0,2499.0
100765,2024-03-20,CUST01475,Wireless Earbuds,Electronics,West,Online,1,1499.0,1499.0
106749,2025-10-19,CUST02578,USB-C Cable,Electronics,South,Online,1,211.65,211.65
102989,2024-10-28,CUST00215,Blender,Home & Kitchen,West,Retail Store,1,1439.1,1439.1
105470,2025-06-19,CUST01445,Power Bank,Electronics,West,Retail Store,2,899.0,1798.0
106048,2025-08-18,CUST00750,Yoga Mat,Sports & Fitness,West,Marketplace,1,599.0,599.0
107543,2025-12-11,CUST01399,Face Serum,Beauty & Personal Care,East,Online,1,699.0,699.0
102449,2024-09-17,CUST02156,Denim Jacket,Fashion,South,Online,1,1999.0,1999.0
101729,2024-07-09,CUST00232,Blender,Home & Kitchen,West,Online,1,1359.15,1359.15
100258,2024-01-28,CUST00157,Hair Dryer,Beauty & Personal Care,West,Retail Store,1,1199.0,1199.0
105041,2025-05-02,CUST01734,Backpack,Fashion,East,Online,1,1399.0,1399.0
107241,2025-11-20,CUST02256,Power Bank,Electronics,Central,Online,2,899.0,1798.0
101220,2024-05-08,CUST01645,Resistance Bands,Sports & Fitness,West,Retail Store,1,399.0,399.0
107652,2025-12-21,CUST01850,Sunscreen SPF50,Beauty & Personal Care,North,Online,1,449.0,449.0
101162,2024-05-02,CUST00716,Air Fryer,Home & Kitchen,West,Retail Store,2,3499.0,6998.0
106639,2025-10-12,CUST00338,Face Serum,Beauty & Personal Care,North,Marketplace,1,629.1,629.1
100773,2024-03-22,CUST00706,Wireless Earbuds,Electronics,South,Online,1,1274.15,1274.15
106695,2025-10-16,CUST00397,Water Bottle,Sports & Fitness,North,Marketplace,1,349.0,349.0
105583,2025-07-03,CUST00634,Non-stick Pan Set,Home & Kitchen,North,Online,1,1039.2,1039.2
106346,2025-09-17,CUST00976,Laptop Stand,Electronics,East,Marketplace,2,799.0,1598.0
100313,2024-02-02,CUST01565,Sunglasses,Fashion,West,Online,1,799.0,799.0
104387,2025-02-24,CUST00390,Cotton T-Shirt,Fashion,South,Marketplace,1,599.0,599.0
104033,2025-01-18,CUST02493,Resistance Bands,SPORTS & FITNESS,East,Online,2,399.0,798.0
107358,2025-11-29,CUST02222,Laptop Stand,Electronics,South,Online,1,799.0,799.0
104860,2025-04-13,CUST01265,Running Shoes,Fashion,North,Online,2,2499.0,4998.0
107281,2025-11-23,CUST00795,Sunglasses,Fashion,North,Online,1,799.0,799.0
102998,2024-10-28,CUST02585,Wireless Earbuds,Electronics,North,Retail Store,1,1499.0,1499.0
104280,2025-02-13,CUST00574,Yoga Mat,Sports & Fitness,East,Retail Store,1,599.0,599.0
101177,2024-05-04,CUST01493,Trimmer,Beauty & Personal Care,East,Online,2,999.0,1998.0
103897,2025-01-02,CUST01560,Dumbbell Set,Sports & Fitness,East,Online,1,2199.0,2199.0
101350,2024-05-23,CUST00218,Yoga Mat,Sports & Fitness,East,Online,1,539.1,539.1
103776,2024-12-23,CUST01905,Power Bank,Electronics,East,Online,1,764.15,764.15
103117,2024-11-05,CUST02354,Hair Dryer,Beauty & Personal Care,South,Retail Store,1,1199.0,1199.0
103517,2024-12-01,CUST00255,Storage Containers,Home & Kitchen,South,Online,3,499.0,1497.0
107175,2025-11-16,CUST02287,Storage Containers,Home & Kitchen,South,Retail Store,1,499.0,499.0
102299,2024-09-06,CUST00682,Non-stick Pan Set,Home & Kitchen,South,Online,1,1169.1,1169.1
102872,2024-10-20,CUST02496,USB-C Cable,Electronics,South,Online,2,249.0,498.0
105196,2025-05-18,CUST01658,Power Bank,Electronics,South,Online,1,899.0,899.0
107681,2025-12-23,CUST01920,Yoga Mat,Sports & Fitness,North,Online,1,539.1,539.1
107085,2025-11-10,CUST01144,Blender,Home & Kitchen,West,Online,1,1599.0,1599.0
100392,2024-02-12,CUST01446,Bluetooth Speaker,Electronics,North,Marketplace,1,1899.0,1899.0
106016,2025-08-15,CUST02253,Denim Jacket,Fashion,East,Marketplace,3,1999.0,5997.0
101457,2024-06-05,CUST02423,Water Bottle,Sports & Fitness,West,Online,1,279.2,279.2
101093,2024-04-25,CUST01111,Air Fryer,Home & Kitchen,South,Online,1,2974.15,2974.15
106119,2025-08-25,CUST01477,Face Serum,Beauty & Personal Care,South,Marketplace,2,699.0,1398.0
103240,2024-11-14,CUST01043,Trimmer,Beauty & Personal Care,Central,Retail Store,1,799.2,799.2
105001,2025-04-27,CUST01758,Cotton T-Shirt,Fashion,South,Online,1,599.0,599.0
102779,2024-10-13,CUST02062,Sunscreen SPF50,Beauty & Personal Care,Central,Online,1,449.0,449.0
106699,2025-10-16,CUST00355,Bluetooth Speaker,Electronics,South,Marketplace,1,1899.0,1899.0
104463,2025-03-04,CUST00373,Face Serum,Beauty & Personal Care,South,Marketplace,2,699.0,1398.0
104442,2025-03-02,CUST00837,Face Serum,Beauty & Personal Care,North,Retail Store,1,699.0,699.0
103657,2024-12-15,CUST01738,Storage Containers,Home & Kitchen,Central,Retail Store,1,499.0,499.0
102584,2024-10-01,CUST00171,Smartwatch,Electronics,Central,Online,1,2999.0,2999.0
107567,2025-12-13,CUST01496,Trimmer,Beauty & Personal Care,West,Online,3,999.0,2997.0
103258,2024-11-15,CUST02397,Blender,Home & Kitchen,South,Online,1,1599.0,1599.0
101373,2024-05-26,CUST01845,USB-C Cable,Electronics,South,Retail Store,1,249.0,249.0
105736,2025-07-18,CUST01121,Air Fryer,Home & Kitchen,East,Marketplace,1,3499.0,3499.0
100920,2024-04-06,CUST00418,Storage Containers,Home & Kitchen,South,Retail Store,1,499.0,499.0
104308,2025-02-16,CUST02323,Bluetooth Speaker,Electronics,East,Retail Store,3,1899.0,5697.0
105700,2025-07-14,CUST01861,Storage Containers,Home & Kitchen,West,Marketplace,1,499.0,499.0
102551,2024-09-28,CUST02345,Backpack,Fashion,North,Online,1,1259.1,1259.1
100538,2024-02-26,CUST00864,Resistance Bands,Sports & Fitness,South,Online,1,399.0,399.0
101221,2024-05-08,CUST00853,Water Bottle,Sports & Fitness,South,Retail Store,2,314.1,628.2
104272,2025-02-11,CUST00815,Cotton T-Shirt,Fashion,South,Online,1,539.1,539.1
